run_label,scenario,seed,device,sim_time_ms,utilization_fraction
CLOUD_ONLY_seed1,CLOUD_ONLY,1,cloud,25.000,0.000402
CLOUD_ONLY_seed1,CLOUD_ONLY,1,proxy,25.000,0.000000
CLOUD_ONLY_seed1,CLOUD_ONLY,1,fog-1,25.000,0.000000
CLOUD_ONLY_seed1,CLOUD_ONLY,1,fog-2,25.000,0.000000
CLOUD_ONLY_seed1,CLOUD_ONLY,1,fog-3,25.000,0.000000
CLOUD_ONLY_seed1,CLOUD_ONLY,1,cloud,50.000,0.000402
CLOUD_ONLY_seed1,CLOUD_ONLY,1,proxy,50.000,0.000000
CLOUD_ONLY_seed1,CLOUD_ONLY,1,fog-1,50.000,0.000000
CLOUD_ONLY_seed1,CLOUD_ONLY,1,fog-2,50.000,0.000000
CLOUD_ONLY_seed1,CLOUD_ONLY,1,fog-3,50.000,0.000000
CLOUD_ONLY_seed1,CLOUD_ONLY,1,cloud,75.000,0.000402
CLOUD_ONLY_seed1,CLOUD_ONLY,1,proxy,75.000,0.000000
CLOUD_ONLY_seed1,CLOUD_ONLY,1,fog-1,75.000,0.000000
CLOUD_ONLY_seed1,CLOUD_ONLY,1,fog-2,75.000,0.000000
CLOUD_ONLY_seed1,CLOUD_ONLY,1,fog-3,75.000,0.000000
CLOUD_ONLY_seed1,CLOUD_ONLY,1,cloud,100.000,0.000402
CLOUD_ONLY_seed1,CLOUD_ONLY,1,proxy,100.000,0.000000
CLOUD_ONLY_seed1,CLOUD_ONLY,1,fog-1,100.000,0.000000
CLOUD_ONLY_seed1,CLOUD_ONLY,1,fog-2,100.000,0.000000
CLOUD_ONLY_seed1,CLOUD_ONLY,1,fog-3,100.000,0.000000
CLOUD_ONLY_seed1,CLOUD_ONLY,1,cloud,125.000,0.000402
CLOUD_ONLY_seed1,CLOUD_ONLY,1,proxy,125.000,0.000000
CLOUD_ONLY_seed1,CLOUD_ONLY,1,fog-1,125.000,0.000000
CLOUD_ONLY_seed1,CLOUD_ONLY,1,fog-2,125.000,0.000000
CLOUD_ONLY_seed1,CLOUD_ONLY,1,fog-3,125.000,0.000000
CLOUD_ONLY_seed1,CLOUD_ONLY,1,cloud,150.000,0.000402
CLOUD_ONLY_seed1,CLOUD_ONLY,1,proxy,150.000,0.000000
CLOUD_ONLY_seed1,CLOUD_ONLY,1,fog-1,150.000,0.000000
CLOUD_ONLY_seed1,CLOUD_ONLY,1,fog-2,150.000,0.000000
CLOUD_ONLY_seed1,CLOUD_ONLY,1,fog-3,150.000,0.000000
CLOUD_ONLY_seed1,CLOUD_ONLY,1,cloud,175.000,0.040161
CLOUD_ONLY_seed1,CLOUD_ONLY,1,proxy,175.000,0.000000
CLOUD_ONLY_seed1,CLOUD_ONLY,1,fog-1,175.000,0.000000
CLOUD_ONLY_seed1,CLOUD_ONLY,1,fog-2,175.000,0.000000
CLOUD_ONLY_seed1,CLOUD_ONLY,1,fog-3,175.000,0.000000
CLOUD_ONLY_seed1,CLOUD_ONLY,1,cloud,200.000,0.000000
CLOUD_ONLY_seed1,CLOUD_ONLY,1,proxy,200.000,0.000000
CLOUD_ONLY_seed1,CLOUD_ONLY,1,fog-1,200.000,0.000000
CLOUD_ONLY_seed1,CLOUD_ONLY,1,fog-2,200.000,0.000000
CLOUD_ONLY_seed1,CLOUD_ONLY,1,fog-3,200.000,0.000000
CLOUD_ONLY_seed1,CLOUD_ONLY,1,cloud,225.000,0.000000
CLOUD_ONLY_seed1,CLOUD_ONLY,1,proxy,225.000,0.000000
CLOUD_ONLY_seed1,CLOUD_ONLY,1,fog-1,225.000,0.000000
CLOUD_ONLY_seed1,CLOUD_ONLY,1,fog-2,225.000,0.000000
CLOUD_ONLY_seed1,CLOUD_ONLY,1,fog-3,225.000,0.000000
CLOUD_ONLY_seed1,CLOUD_ONLY,1,cloud,250.000,0.000000
CLOUD_ONLY_seed1,CLOUD_ONLY,1,proxy,250.000,0.000000
CLOUD_ONLY_seed1,CLOUD_ONLY,1,fog-1,250.000,0.000000
CLOUD_ONLY_seed1,CLOUD_ONLY,1,fog-2,250.000,0.000000
CLOUD_ONLY_seed1,CLOUD_ONLY,1,fog-3,250.000,0.000000
CLOUD_ONLY_seed1,CLOUD_ONLY,1,cloud,275.000,0.000000
CLOUD_ONLY_seed1,CLOUD_ONLY,1,proxy,275.000,0.000000
CLOUD_ONLY_seed1,CLOUD_ONLY,1,fog-1,275.000,0.000000
CLOUD_ONLY_seed1,CLOUD_ONLY,1,fog-2,275.000,0.000000
CLOUD_ONLY_seed1,CLOUD_ONLY,1,fog-3,275.000,0.000000
CLOUD_ONLY_seed1,CLOUD_ONLY,1,cloud,300.000,0.000000
CLOUD_ONLY_seed1,CLOUD_ONLY,1,proxy,300.000,0.000000
CLOUD_ONLY_seed1,CLOUD_ONLY,1,fog-1,300.000,0.000000
CLOUD_ONLY_seed1,CLOUD_ONLY,1,fog-2,300.000,0.000000
CLOUD_ONLY_seed1,CLOUD_ONLY,1,fog-3,300.000,0.000000
CLOUD_ONLY_seed1,CLOUD_ONLY,1,cloud,325.000,0.000000
CLOUD_ONLY_seed1,CLOUD_ONLY,1,proxy,325.000,0.000000
CLOUD_ONLY_seed1,CLOUD_ONLY,1,fog-1,325.000,0.000000
CLOUD_ONLY_seed1,CLOUD_ONLY,1,fog-2,325.000,0.000000
CLOUD_ONLY_seed1,CLOUD_ONLY,1,fog-3,325.000,0.000000
CLOUD_ONLY_seed1,CLOUD_ONLY,1,cloud,350.000,0.000000
CLOUD_ONLY_seed1,CLOUD_ONLY,1,proxy,350.000,0.000000
CLOUD_ONLY_seed1,CLOUD_ONLY,1,fog-1,350.000,0.000000
CLOUD_ONLY_seed1,CLOUD_ONLY,1,fog-2,350.000,0.000000
CLOUD_ONLY_seed1,CLOUD_ONLY,1,fog-3,350.000,0.000000
CLOUD_ONLY_seed1,CLOUD_ONLY,1,cloud,375.000,0.000000
CLOUD_ONLY_seed1,CLOUD_ONLY,1,proxy,375.000,0.000000
CLOUD_ONLY_seed1,CLOUD_ONLY,1,fog-1,375.000,0.000000
CLOUD_ONLY_seed1,CLOUD_ONLY,1,fog-2,375.000,0.000000
CLOUD_ONLY_seed1,CLOUD_ONLY,1,fog-3,375.000,0.000000
CLOUD_ONLY_seed1,CLOUD_ONLY,1,cloud,400.000,0.000000
CLOUD_ONLY_seed1,CLOUD_ONLY,1,proxy,400.000,0.000000
CLOUD_ONLY_seed1,CLOUD_ONLY,1,fog-1,400.000,0.000000
CLOUD_ONLY_seed1,CLOUD_ONLY,1,fog-2,400.000,0.000000
CLOUD_ONLY_seed1,CLOUD_ONLY,1,fog-3,400.000,0.000000
CLOUD_ONLY_seed1,CLOUD_ONLY,1,cloud,425.000,0.000000
CLOUD_ONLY_seed1,CLOUD_ONLY,1,proxy,425.000,0.000000
CLOUD_ONLY_seed1,CLOUD_ONLY,1,fog-1,425.000,0.000000
CLOUD_ONLY_seed1,CLOUD_ONLY,1,fog-2,425.000,0.000000
CLOUD_ONLY_seed1,CLOUD_ONLY,1,fog-3,425.000,0.000000
CLOUD_ONLY_seed1,CLOUD_ONLY,1,cloud,450.000,0.000000
CLOUD_ONLY_seed1,CLOUD_ONLY,1,proxy,450.000,0.000000
CLOUD_ONLY_seed1,CLOUD_ONLY,1,fog-1,450.000,0.000000
CLOUD_ONLY_seed1,CLOUD_ONLY,1,fog-2,450.000,0.000000
CLOUD_ONLY_seed1,CLOUD_ONLY,1,fog-3,450.000,0.000000
CLOUD_ONLY_seed1,CLOUD_ONLY,1,cloud,475.000,0.000000
CLOUD_ONLY_seed1,CLOUD_ONLY,1,proxy,475.000,0.000000
CLOUD_ONLY_seed1,CLOUD_ONLY,1,fog-1,475.000,0.000000
CLOUD_ONLY_seed1,CLOUD_ONLY,1,fog-2,475.000,0.000000
CLOUD_ONLY_seed1,CLOUD_ONLY,1,fog-3,475.000,0.000000
CLOUD_ONLY_seed1,CLOUD_ONLY,1,cloud,500.000,0.000000
CLOUD_ONLY_seed1,CLOUD_ONLY,1,proxy,500.000,0.000000
CLOUD_ONLY_seed1,CLOUD_ONLY,1,fog-1,500.000,0.000000
CLOUD_ONLY_seed1,CLOUD_ONLY,1,fog-2,500.000,0.000000
CLOUD_ONLY_seed1,CLOUD_ONLY,1,fog-3,500.000,0.000000
CLOUD_ONLY_seed1,CLOUD_ONLY,1,cloud,525.000,0.000000
CLOUD_ONLY_seed1,CLOUD_ONLY,1,proxy,525.000,0.000000
CLOUD_ONLY_seed1,CLOUD_ONLY,1,fog-1,525.000,0.000000
CLOUD_ONLY_seed1,CLOUD_ONLY,1,fog-2,525.000,0.000000
CLOUD_ONLY_seed1,CLOUD_ONLY,1,fog-3,525.000,0.000000
CLOUD_ONLY_seed1,CLOUD_ONLY,1,cloud,550.000,0.000000
CLOUD_ONLY_seed1,CLOUD_ONLY,1,proxy,550.000,0.000000
CLOUD_ONLY_seed1,CLOUD_ONLY,1,fog-1,550.000,0.000000
CLOUD_ONLY_seed1,CLOUD_ONLY,1,fog-2,550.000,0.000000
CLOUD_ONLY_seed1,CLOUD_ONLY,1,fog-3,550.000,0.000000
CLOUD_ONLY_seed1,CLOUD_ONLY,1,cloud,575.000,0.000000
CLOUD_ONLY_seed1,CLOUD_ONLY,1,proxy,575.000,0.000000
CLOUD_ONLY_seed1,CLOUD_ONLY,1,fog-1,575.000,0.000000
CLOUD_ONLY_seed1,CLOUD_ONLY,1,fog-2,575.000,0.000000
CLOUD_ONLY_seed1,CLOUD_ONLY,1,fog-3,575.000,0.000000
CLOUD_ONLY_seed1,CLOUD_ONLY,1,cloud,600.000,0.000000
CLOUD_ONLY_seed1,CLOUD_ONLY,1,proxy,600.000,0.000000
CLOUD_ONLY_seed1,CLOUD_ONLY,1,fog-1,600.000,0.000000
CLOUD_ONLY_seed1,CLOUD_ONLY,1,fog-2,600.000,0.000000
CLOUD_ONLY_seed1,CLOUD_ONLY,1,fog-3,600.000,0.000000
CLOUD_ONLY_seed1,CLOUD_ONLY,1,cloud,625.000,0.040000
CLOUD_ONLY_seed1,CLOUD_ONLY,1,proxy,625.000,0.000000
CLOUD_ONLY_seed1,CLOUD_ONLY,1,fog-1,625.000,0.000000
CLOUD_ONLY_seed1,CLOUD_ONLY,1,fog-2,625.000,0.000000
CLOUD_ONLY_seed1,CLOUD_ONLY,1,fog-3,625.000,0.000000
CLOUD_ONLY_seed1,CLOUD_ONLY,1,cloud,650.000,0.000000
CLOUD_ONLY_seed1,CLOUD_ONLY,1,proxy,650.000,0.000000
CLOUD_ONLY_seed1,CLOUD_ONLY,1,fog-1,650.000,0.000000
CLOUD_ONLY_seed1,CLOUD_ONLY,1,fog-2,650.000,0.000000
CLOUD_ONLY_seed1,CLOUD_ONLY,1,fog-3,650.000,0.000000
CLOUD_ONLY_seed1,CLOUD_ONLY,1,cloud,675.000,0.040000
CLOUD_ONLY_seed1,CLOUD_ONLY,1,proxy,675.000,0.000000
CLOUD_ONLY_seed1,CLOUD_ONLY,1,fog-1,675.000,0.000000
CLOUD_ONLY_seed1,CLOUD_ONLY,1,fog-2,675.000,0.000000
CLOUD_ONLY_seed1,CLOUD_ONLY,1,fog-3,675.000,0.000000
CLOUD_ONLY_seed1,CLOUD_ONLY,1,cloud,700.000,0.000000
CLOUD_ONLY_seed1,CLOUD_ONLY,1,proxy,700.000,0.000000
CLOUD_ONLY_seed1,CLOUD_ONLY,1,fog-1,700.000,0.000000
CLOUD_ONLY_seed1,CLOUD_ONLY,1,fog-2,700.000,0.000000
CLOUD_ONLY_seed1,CLOUD_ONLY,1,fog-3,700.000,0.000000
CLOUD_ONLY_seed1,CLOUD_ONLY,1,cloud,725.000,0.040000
CLOUD_ONLY_seed1,CLOUD_ONLY,1,proxy,725.000,0.000000
CLOUD_ONLY_seed1,CLOUD_ONLY,1,fog-1,725.000,0.000000
CLOUD_ONLY_seed1,CLOUD_ONLY,1,fog-2,725.000,0.000000
CLOUD_ONLY_seed1,CLOUD_ONLY,1,fog-3,725.000,0.000000
CLOUD_ONLY_seed1,CLOUD_ONLY,1,cloud,750.000,0.000000
CLOUD_ONLY_seed1,CLOUD_ONLY,1,proxy,750.000,0.000000
CLOUD_ONLY_seed1,CLOUD_ONLY,1,fog-1,750.000,0.000000
CLOUD_ONLY_seed1,CLOUD_ONLY,1,fog-2,750.000,0.000000
CLOUD_ONLY_seed1,CLOUD_ONLY,1,fog-3,750.000,0.000000
CLOUD_ONLY_seed1,CLOUD_ONLY,1,cloud,775.000,0.040000
CLOUD_ONLY_seed1,CLOUD_ONLY,1,proxy,775.000,0.000000
CLOUD_ONLY_seed1,CLOUD_ONLY,1,fog-1,775.000,0.000000
CLOUD_ONLY_seed1,CLOUD_ONLY,1,fog-2,775.000,0.000000
CLOUD_ONLY_seed1,CLOUD_ONLY,1,fog-3,775.000,0.000000
CLOUD_ONLY_seed1,CLOUD_ONLY,1,cloud,800.000,0.000000
CLOUD_ONLY_seed1,CLOUD_ONLY,1,proxy,800.000,0.000000
CLOUD_ONLY_seed1,CLOUD_ONLY,1,fog-1,800.000,0.000000
CLOUD_ONLY_seed1,CLOUD_ONLY,1,fog-2,800.000,0.000000
CLOUD_ONLY_seed1,CLOUD_ONLY,1,fog-3,800.000,0.000000
CLOUD_ONLY_seed1,CLOUD_ONLY,1,cloud,825.000,0.040000
CLOUD_ONLY_seed1,CLOUD_ONLY,1,proxy,825.000,0.000000
CLOUD_ONLY_seed1,CLOUD_ONLY,1,fog-1,825.000,0.000000
CLOUD_ONLY_seed1,CLOUD_ONLY,1,fog-2,825.000,0.000000
CLOUD_ONLY_seed1,CLOUD_ONLY,1,fog-3,825.000,0.000000
CLOUD_ONLY_seed1,CLOUD_ONLY,1,cloud,850.000,0.000000
CLOUD_ONLY_seed1,CLOUD_ONLY,1,proxy,850.000,0.000000
CLOUD_ONLY_seed1,CLOUD_ONLY,1,fog-1,850.000,0.000000
CLOUD_ONLY_seed1,CLOUD_ONLY,1,fog-2,850.000,0.000000
CLOUD_ONLY_seed1,CLOUD_ONLY,1,fog-3,850.000,0.000000
CLOUD_ONLY_seed1,CLOUD_ONLY,1,cloud,875.000,0.040000
CLOUD_ONLY_seed1,CLOUD_ONLY,1,proxy,875.000,0.000000
CLOUD_ONLY_seed1,CLOUD_ONLY,1,fog-1,875.000,0.000000
CLOUD_ONLY_seed1,CLOUD_ONLY,1,fog-2,875.000,0.000000
CLOUD_ONLY_seed1,CLOUD_ONLY,1,fog-3,875.000,0.000000
CLOUD_ONLY_seed1,CLOUD_ONLY,1,cloud,900.000,0.000000
CLOUD_ONLY_seed1,CLOUD_ONLY,1,proxy,900.000,0.000000
CLOUD_ONLY_seed1,CLOUD_ONLY,1,fog-1,900.000,0.000000
CLOUD_ONLY_seed1,CLOUD_ONLY,1,fog-2,900.000,0.000000
CLOUD_ONLY_seed1,CLOUD_ONLY,1,fog-3,900.000,0.000000
CLOUD_ONLY_seed1,CLOUD_ONLY,1,cloud,925.000,0.040000
CLOUD_ONLY_seed1,CLOUD_ONLY,1,proxy,925.000,0.000000
CLOUD_ONLY_seed1,CLOUD_ONLY,1,fog-1,925.000,0.000000
CLOUD_ONLY_seed1,CLOUD_ONLY,1,fog-2,925.000,0.000000
CLOUD_ONLY_seed1,CLOUD_ONLY,1,fog-3,925.000,0.000000
CLOUD_ONLY_seed1,CLOUD_ONLY,1,cloud,950.000,0.000000
CLOUD_ONLY_seed1,CLOUD_ONLY,1,proxy,950.000,0.000000
CLOUD_ONLY_seed1,CLOUD_ONLY,1,fog-1,950.000,0.000000
CLOUD_ONLY_seed1,CLOUD_ONLY,1,fog-2,950.000,0.000000
CLOUD_ONLY_seed1,CLOUD_ONLY,1,fog-3,950.000,0.000000
CLOUD_ONLY_seed1,CLOUD_ONLY,1,cloud,975.000,0.040000
CLOUD_ONLY_seed1,CLOUD_ONLY,1,proxy,975.000,0.000000
CLOUD_ONLY_seed1,CLOUD_ONLY,1,fog-1,975.000,0.000000
CLOUD_ONLY_seed1,CLOUD_ONLY,1,fog-2,975.000,0.000000
CLOUD_ONLY_seed1,CLOUD_ONLY,1,fog-3,975.000,0.000000
CLOUD_ONLY_seed1,CLOUD_ONLY,1,cloud,1000.000,0.000000
CLOUD_ONLY_seed1,CLOUD_ONLY,1,proxy,1000.000,0.000000
CLOUD_ONLY_seed1,CLOUD_ONLY,1,fog-1,1000.000,0.000000
CLOUD_ONLY_seed1,CLOUD_ONLY,1,fog-2,1000.000,0.000000
CLOUD_ONLY_seed1,CLOUD_ONLY,1,fog-3,1000.000,0.000000
CLOUD_ONLY_seed1,CLOUD_ONLY,1,cloud,1025.000,0.040000
CLOUD_ONLY_seed1,CLOUD_ONLY,1,proxy,1025.000,0.000000
CLOUD_ONLY_seed1,CLOUD_ONLY,1,fog-1,1025.000,0.000000
CLOUD_ONLY_seed1,CLOUD_ONLY,1,fog-2,1025.000,0.000000
CLOUD_ONLY_seed1,CLOUD_ONLY,1,fog-3,1025.000,0.000000
CLOUD_ONLY_seed1,CLOUD_ONLY,1,cloud,1050.000,0.000000
CLOUD_ONLY_seed1,CLOUD_ONLY,1,proxy,1050.000,0.000000
CLOUD_ONLY_seed1,CLOUD_ONLY,1,fog-1,1050.000,0.000000
CLOUD_ONLY_seed1,CLOUD_ONLY,1,fog-2,1050.000,0.000000
CLOUD_ONLY_seed1,CLOUD_ONLY,1,fog-3,1050.000,0.000000
CLOUD_ONLY_seed1,CLOUD_ONLY,1,cloud,1075.000,0.040000
CLOUD_ONLY_seed1,CLOUD_ONLY,1,proxy,1075.000,0.000000
CLOUD_ONLY_seed1,CLOUD_ONLY,1,fog-1,1075.000,0.000000
CLOUD_ONLY_seed1,CLOUD_ONLY,1,fog-2,1075.000,0.000000
CLOUD_ONLY_seed1,CLOUD_ONLY,1,fog-3,1075.000,0.000000
CLOUD_ONLY_seed1,CLOUD_ONLY,1,cloud,1100.000,0.000000
CLOUD_ONLY_seed1,CLOUD_ONLY,1,proxy,1100.000,0.000000
CLOUD_ONLY_seed1,CLOUD_ONLY,1,fog-1,1100.000,0.000000
CLOUD_ONLY_seed1,CLOUD_ONLY,1,fog-2,1100.000,0.000000
CLOUD_ONLY_seed1,CLOUD_ONLY,1,fog-3,1100.000,0.000000
CLOUD_ONLY_seed1,CLOUD_ONLY,1,cloud,1125.000,0.040000
CLOUD_ONLY_seed1,CLOUD_ONLY,1,proxy,1125.000,0.000000
CLOUD_ONLY_seed1,CLOUD_ONLY,1,fog-1,1125.000,0.000000
CLOUD_ONLY_seed1,CLOUD_ONLY,1,fog-2,1125.000,0.000000
CLOUD_ONLY_seed1,CLOUD_ONLY,1,fog-3,1125.000,0.000000
CLOUD_ONLY_seed1,CLOUD_ONLY,1,cloud,1150.000,0.000000
CLOUD_ONLY_seed1,CLOUD_ONLY,1,proxy,1150.000,0.000000
CLOUD_ONLY_seed1,CLOUD_ONLY,1,fog-1,1150.000,0.000000
CLOUD_ONLY_seed1,CLOUD_ONLY,1,fog-2,1150.000,0.000000
CLOUD_ONLY_seed1,CLOUD_ONLY,1,fog-3,1150.000,0.000000
CLOUD_ONLY_seed1,CLOUD_ONLY,1,cloud,1175.000,0.040000
CLOUD_ONLY_seed1,CLOUD_ONLY,1,proxy,1175.000,0.000000
CLOUD_ONLY_seed1,CLOUD_ONLY,1,fog-1,1175.000,0.000000
CLOUD_ONLY_seed1,CLOUD_ONLY,1,fog-2,1175.000,0.000000
CLOUD_ONLY_seed1,CLOUD_ONLY,1,fog-3,1175.000,0.000000
CLOUD_ONLY_seed1,CLOUD_ONLY,1,cloud,1200.000,0.000000
CLOUD_ONLY_seed1,CLOUD_ONLY,1,proxy,1200.000,0.000000
CLOUD_ONLY_seed1,CLOUD_ONLY,1,fog-1,1200.000,0.000000
CLOUD_ONLY_seed1,CLOUD_ONLY,1,fog-2,1200.000,0.000000
CLOUD_ONLY_seed1,CLOUD_ONLY,1,fog-3,1200.000,0.000000
CLOUD_ONLY_seed1,CLOUD_ONLY,1,cloud,1225.000,0.040000
CLOUD_ONLY_seed1,CLOUD_ONLY,1,proxy,1225.000,0.000000
CLOUD_ONLY_seed1,CLOUD_ONLY,1,fog-1,1225.000,0.000000
CLOUD_ONLY_seed1,CLOUD_ONLY,1,fog-2,1225.000,0.000000
CLOUD_ONLY_seed1,CLOUD_ONLY,1,fog-3,1225.000,0.000000
CLOUD_ONLY_seed1,CLOUD_ONLY,1,cloud,1250.000,0.000000
CLOUD_ONLY_seed1,CLOUD_ONLY,1,proxy,1250.000,0.000000
CLOUD_ONLY_seed1,CLOUD_ONLY,1,fog-1,1250.000,0.000000
CLOUD_ONLY_seed1,CLOUD_ONLY,1,fog-2,1250.000,0.000000
CLOUD_ONLY_seed1,CLOUD_ONLY,1,fog-3,1250.000,0.000000
CLOUD_ONLY_seed1,CLOUD_ONLY,1,cloud,1275.000,0.040000
CLOUD_ONLY_seed1,CLOUD_ONLY,1,proxy,1275.000,0.000000
CLOUD_ONLY_seed1,CLOUD_ONLY,1,fog-1,1275.000,0.000000
CLOUD_ONLY_seed1,CLOUD_ONLY,1,fog-2,1275.000,0.000000
CLOUD_ONLY_seed1,CLOUD_ONLY,1,fog-3,1275.000,0.000000
CLOUD_ONLY_seed1,CLOUD_ONLY,1,cloud,1300.000,0.000000
CLOUD_ONLY_seed1,CLOUD_ONLY,1,proxy,1300.000,0.000000
CLOUD_ONLY_seed1,CLOUD_ONLY,1,fog-1,1300.000,0.000000
CLOUD_ONLY_seed1,CLOUD_ONLY,1,fog-2,1300.000,0.000000
CLOUD_ONLY_seed1,CLOUD_ONLY,1,fog-3,1300.000,0.000000
CLOUD_ONLY_seed1,CLOUD_ONLY,1,cloud,1325.000,0.040000
CLOUD_ONLY_seed1,CLOUD_ONLY,1,proxy,1325.000,0.000000
CLOUD_ONLY_seed1,CLOUD_ONLY,1,fog-1,1325.000,0.000000
CLOUD_ONLY_seed1,CLOUD_ONLY,1,fog-2,1325.000,0.000000
CLOUD_ONLY_seed1,CLOUD_ONLY,1,fog-3,1325.000,0.000000
CLOUD_ONLY_seed1,CLOUD_ONLY,1,cloud,1350.000,0.000000
CLOUD_ONLY_seed1,CLOUD_ONLY,1,proxy,1350.000,0.000000
CLOUD_ONLY_seed1,CLOUD_ONLY,1,fog-1,1350.000,0.000000
CLOUD_ONLY_seed1,CLOUD_ONLY,1,fog-2,1350.000,0.000000
CLOUD_ONLY_seed1,CLOUD_ONLY,1,fog-3,1350.000,0.000000
CLOUD_ONLY_seed1,CLOUD_ONLY,1,cloud,1375.000,0.040000
CLOUD_ONLY_seed1,CLOUD_ONLY,1,proxy,1375.000,0.000000
CLOUD_ONLY_seed1,CLOUD_ONLY,1,fog-1,1375.000,0.000000
CLOUD_ONLY_seed1,CLOUD_ONLY,1,fog-2,1375.000,0.000000
CLOUD_ONLY_seed1,CLOUD_ONLY,1,fog-3,1375.000,0.000000
CLOUD_ONLY_seed1,CLOUD_ONLY,1,cloud,1400.000,0.000000
CLOUD_ONLY_seed1,CLOUD_ONLY,1,proxy,1400.000,0.000000
CLOUD_ONLY_seed1,CLOUD_ONLY,1,fog-1,1400.000,0.000000
CLOUD_ONLY_seed1,CLOUD_ONLY,1,fog-2,1400.000,0.000000
CLOUD_ONLY_seed1,CLOUD_ONLY,1,fog-3,1400.000,0.000000
CLOUD_ONLY_seed1,CLOUD_ONLY,1,cloud,1425.000,0.040000
CLOUD_ONLY_seed1,CLOUD_ONLY,1,proxy,1425.000,0.000000
CLOUD_ONLY_seed1,CLOUD_ONLY,1,fog-1,1425.000,0.000000
CLOUD_ONLY_seed1,CLOUD_ONLY,1,fog-2,1425.000,0.000000
CLOUD_ONLY_seed1,CLOUD_ONLY,1,fog-3,1425.000,0.000000
CLOUD_ONLY_seed1,CLOUD_ONLY,1,cloud,1450.000,0.000000
CLOUD_ONLY_seed1,CLOUD_ONLY,1,proxy,1450.000,0.000000
CLOUD_ONLY_seed1,CLOUD_ONLY,1,fog-1,1450.000,0.000000
CLOUD_ONLY_seed1,CLOUD_ONLY,1,fog-2,1450.000,0.000000
CLOUD_ONLY_seed1,CLOUD_ONLY,1,fog-3,1450.000,0.000000
CLOUD_ONLY_seed1,CLOUD_ONLY,1,cloud,1475.000,0.040000
CLOUD_ONLY_seed1,CLOUD_ONLY,1,proxy,1475.000,0.000000
CLOUD_ONLY_seed1,CLOUD_ONLY,1,fog-1,1475.000,0.000000
CLOUD_ONLY_seed1,CLOUD_ONLY,1,fog-2,1475.000,0.000000
CLOUD_ONLY_seed1,CLOUD_ONLY,1,fog-3,1475.000,0.000000
CLOUD_ONLY_seed1,CLOUD_ONLY,1,cloud,1500.000,0.000000
CLOUD_ONLY_seed1,CLOUD_ONLY,1,proxy,1500.000,0.000000
CLOUD_ONLY_seed1,CLOUD_ONLY,1,fog-1,1500.000,0.000000
CLOUD_ONLY_seed1,CLOUD_ONLY,1,fog-2,1500.000,0.000000
CLOUD_ONLY_seed1,CLOUD_ONLY,1,fog-3,1500.000,0.000000
CLOUD_ONLY_seed1,CLOUD_ONLY,1,cloud,1525.000,0.040000
CLOUD_ONLY_seed1,CLOUD_ONLY,1,proxy,1525.000,0.000000
CLOUD_ONLY_seed1,CLOUD_ONLY,1,fog-1,1525.000,0.000000
CLOUD_ONLY_seed1,CLOUD_ONLY,1,fog-2,1525.000,0.000000
CLOUD_ONLY_seed1,CLOUD_ONLY,1,fog-3,1525.000,0.000000
CLOUD_ONLY_seed1,CLOUD_ONLY,1,cloud,1550.000,0.000000
CLOUD_ONLY_seed1,CLOUD_ONLY,1,proxy,1550.000,0.000000
CLOUD_ONLY_seed1,CLOUD_ONLY,1,fog-1,1550.000,0.000000
CLOUD_ONLY_seed1,CLOUD_ONLY,1,fog-2,1550.000,0.000000
CLOUD_ONLY_seed1,CLOUD_ONLY,1,fog-3,1550.000,0.000000
CLOUD_ONLY_seed1,CLOUD_ONLY,1,cloud,1575.000,0.040000
CLOUD_ONLY_seed1,CLOUD_ONLY,1,proxy,1575.000,0.000000
CLOUD_ONLY_seed1,CLOUD_ONLY,1,fog-1,1575.000,0.000000
CLOUD_ONLY_seed1,CLOUD_ONLY,1,fog-2,1575.000,0.000000
CLOUD_ONLY_seed1,CLOUD_ONLY,1,fog-3,1575.000,0.000000
CLOUD_ONLY_seed1,CLOUD_ONLY,1,cloud,1600.000,0.000000
CLOUD_ONLY_seed1,CLOUD_ONLY,1,proxy,1600.000,0.000000
CLOUD_ONLY_seed1,CLOUD_ONLY,1,fog-1,1600.000,0.000000
CLOUD_ONLY_seed1,CLOUD_ONLY,1,fog-2,1600.000,0.000000
CLOUD_ONLY_seed1,CLOUD_ONLY,1,fog-3,1600.000,0.000000
CLOUD_ONLY_seed1,CLOUD_ONLY,1,cloud,1625.000,0.040000
CLOUD_ONLY_seed1,CLOUD_ONLY,1,proxy,1625.000,0.000000
CLOUD_ONLY_seed1,CLOUD_ONLY,1,fog-1,1625.000,0.000000
CLOUD_ONLY_seed1,CLOUD_ONLY,1,fog-2,1625.000,0.000000
CLOUD_ONLY_seed1,CLOUD_ONLY,1,fog-3,1625.000,0.000000
CLOUD_ONLY_seed1,CLOUD_ONLY,1,cloud,1650.000,0.000000
CLOUD_ONLY_seed1,CLOUD_ONLY,1,proxy,1650.000,0.000000
CLOUD_ONLY_seed1,CLOUD_ONLY,1,fog-1,1650.000,0.000000
CLOUD_ONLY_seed1,CLOUD_ONLY,1,fog-2,1650.000,0.000000
CLOUD_ONLY_seed1,CLOUD_ONLY,1,fog-3,1650.000,0.000000
CLOUD_ONLY_seed1,CLOUD_ONLY,1,cloud,1675.000,0.040000
CLOUD_ONLY_seed1,CLOUD_ONLY,1,proxy,1675.000,0.000000
CLOUD_ONLY_seed1,CLOUD_ONLY,1,fog-1,1675.000,0.000000
CLOUD_ONLY_seed1,CLOUD_ONLY,1,fog-2,1675.000,0.000000
CLOUD_ONLY_seed1,CLOUD_ONLY,1,fog-3,1675.000,0.000000
CLOUD_ONLY_seed1,CLOUD_ONLY,1,cloud,1700.000,0.000000
CLOUD_ONLY_seed1,CLOUD_ONLY,1,proxy,1700.000,0.000000
CLOUD_ONLY_seed1,CLOUD_ONLY,1,fog-1,1700.000,0.000000
CLOUD_ONLY_seed1,CLOUD_ONLY,1,fog-2,1700.000,0.000000
CLOUD_ONLY_seed1,CLOUD_ONLY,1,fog-3,1700.000,0.000000
CLOUD_ONLY_seed1,CLOUD_ONLY,1,cloud,1725.000,0.040000
CLOUD_ONLY_seed1,CLOUD_ONLY,1,proxy,1725.000,0.000000
CLOUD_ONLY_seed1,CLOUD_ONLY,1,fog-1,1725.000,0.000000
CLOUD_ONLY_seed1,CLOUD_ONLY,1,fog-2,1725.000,0.000000
CLOUD_ONLY_seed1,CLOUD_ONLY,1,fog-3,1725.000,0.000000
CLOUD_ONLY_seed1,CLOUD_ONLY,1,cloud,1750.000,0.000000
CLOUD_ONLY_seed1,CLOUD_ONLY,1,proxy,1750.000,0.000000
CLOUD_ONLY_seed1,CLOUD_ONLY,1,fog-1,1750.000,0.000000
CLOUD_ONLY_seed1,CLOUD_ONLY,1,fog-2,1750.000,0.000000
CLOUD_ONLY_seed1,CLOUD_ONLY,1,fog-3,1750.000,0.000000
CLOUD_ONLY_seed1,CLOUD_ONLY,1,cloud,1775.000,0.040000
CLOUD_ONLY_seed1,CLOUD_ONLY,1,proxy,1775.000,0.000000
CLOUD_ONLY_seed1,CLOUD_ONLY,1,fog-1,1775.000,0.000000
CLOUD_ONLY_seed1,CLOUD_ONLY,1,fog-2,1775.000,0.000000
CLOUD_ONLY_seed1,CLOUD_ONLY,1,fog-3,1775.000,0.000000
CLOUD_ONLY_seed1,CLOUD_ONLY,1,cloud,1800.000,0.000000
CLOUD_ONLY_seed1,CLOUD_ONLY,1,proxy,1800.000,0.000000
CLOUD_ONLY_seed1,CLOUD_ONLY,1,fog-1,1800.000,0.000000
CLOUD_ONLY_seed1,CLOUD_ONLY,1,fog-2,1800.000,0.000000
CLOUD_ONLY_seed1,CLOUD_ONLY,1,fog-3,1800.000,0.000000
CLOUD_ONLY_seed1,CLOUD_ONLY,1,cloud,1825.000,0.040000
CLOUD_ONLY_seed1,CLOUD_ONLY,1,proxy,1825.000,0.000000
CLOUD_ONLY_seed1,CLOUD_ONLY,1,fog-1,1825.000,0.000000
CLOUD_ONLY_seed1,CLOUD_ONLY,1,fog-2,1825.000,0.000000
CLOUD_ONLY_seed1,CLOUD_ONLY,1,fog-3,1825.000,0.000000
CLOUD_ONLY_seed1,CLOUD_ONLY,1,cloud,1850.000,0.000000
CLOUD_ONLY_seed1,CLOUD_ONLY,1,proxy,1850.000,0.000000
CLOUD_ONLY_seed1,CLOUD_ONLY,1,fog-1,1850.000,0.000000
CLOUD_ONLY_seed1,CLOUD_ONLY,1,fog-2,1850.000,0.000000
CLOUD_ONLY_seed1,CLOUD_ONLY,1,fog-3,1850.000,0.000000
CLOUD_ONLY_seed1,CLOUD_ONLY,1,cloud,1875.000,0.040000
CLOUD_ONLY_seed1,CLOUD_ONLY,1,proxy,1875.000,0.000000
CLOUD_ONLY_seed1,CLOUD_ONLY,1,fog-1,1875.000,0.000000
CLOUD_ONLY_seed1,CLOUD_ONLY,1,fog-2,1875.000,0.000000
CLOUD_ONLY_seed1,CLOUD_ONLY,1,fog-3,1875.000,0.000000
CLOUD_ONLY_seed1,CLOUD_ONLY,1,cloud,1900.000,0.000000
CLOUD_ONLY_seed1,CLOUD_ONLY,1,proxy,1900.000,0.000000
CLOUD_ONLY_seed1,CLOUD_ONLY,1,fog-1,1900.000,0.000000
CLOUD_ONLY_seed1,CLOUD_ONLY,1,fog-2,1900.000,0.000000
CLOUD_ONLY_seed1,CLOUD_ONLY,1,fog-3,1900.000,0.000000
CLOUD_ONLY_seed1,CLOUD_ONLY,1,cloud,1925.000,0.040000
CLOUD_ONLY_seed1,CLOUD_ONLY,1,proxy,1925.000,0.000000
CLOUD_ONLY_seed1,CLOUD_ONLY,1,fog-1,1925.000,0.000000
CLOUD_ONLY_seed1,CLOUD_ONLY,1,fog-2,1925.000,0.000000
CLOUD_ONLY_seed1,CLOUD_ONLY,1,fog-3,1925.000,0.000000
CLOUD_ONLY_seed1,CLOUD_ONLY,1,cloud,1950.000,0.000000
CLOUD_ONLY_seed1,CLOUD_ONLY,1,proxy,1950.000,0.000000
CLOUD_ONLY_seed1,CLOUD_ONLY,1,fog-1,1950.000,0.000000
CLOUD_ONLY_seed1,CLOUD_ONLY,1,fog-2,1950.000,0.000000
CLOUD_ONLY_seed1,CLOUD_ONLY,1,fog-3,1950.000,0.000000
CLOUD_ONLY_seed1,CLOUD_ONLY,1,cloud,1975.000,0.040000
CLOUD_ONLY_seed1,CLOUD_ONLY,1,proxy,1975.000,0.000000
CLOUD_ONLY_seed1,CLOUD_ONLY,1,fog-1,1975.000,0.000000
CLOUD_ONLY_seed1,CLOUD_ONLY,1,fog-2,1975.000,0.000000
CLOUD_ONLY_seed1,CLOUD_ONLY,1,fog-3,1975.000,0.000000
CLOUD_ONLY_seed1,CLOUD_ONLY,1,cloud,2000.000,0.000000
CLOUD_ONLY_seed1,CLOUD_ONLY,1,proxy,2000.000,0.000000
CLOUD_ONLY_seed1,CLOUD_ONLY,1,fog-1,2000.000,0.000000
CLOUD_ONLY_seed1,CLOUD_ONLY,1,fog-2,2000.000,0.000000
CLOUD_ONLY_seed1,CLOUD_ONLY,1,fog-3,2000.000,0.000000
CLOUD_ONLY_seed1,CLOUD_ONLY,1,cloud,2025.000,0.040000
CLOUD_ONLY_seed1,CLOUD_ONLY,1,proxy,2025.000,0.000000
CLOUD_ONLY_seed1,CLOUD_ONLY,1,fog-1,2025.000,0.000000
CLOUD_ONLY_seed1,CLOUD_ONLY,1,fog-2,2025.000,0.000000
CLOUD_ONLY_seed1,CLOUD_ONLY,1,fog-3,2025.000,0.000000
CLOUD_ONLY_seed1,CLOUD_ONLY,1,cloud,2050.000,0.000000
CLOUD_ONLY_seed1,CLOUD_ONLY,1,proxy,2050.000,0.000000
CLOUD_ONLY_seed1,CLOUD_ONLY,1,fog-1,2050.000,0.000000
CLOUD_ONLY_seed1,CLOUD_ONLY,1,fog-2,2050.000,0.000000
CLOUD_ONLY_seed1,CLOUD_ONLY,1,fog-3,2050.000,0.000000
CLOUD_ONLY_seed1,CLOUD_ONLY,1,cloud,2075.000,0.040000
CLOUD_ONLY_seed1,CLOUD_ONLY,1,proxy,2075.000,0.000000
CLOUD_ONLY_seed1,CLOUD_ONLY,1,fog-1,2075.000,0.000000
CLOUD_ONLY_seed1,CLOUD_ONLY,1,fog-2,2075.000,0.000000
CLOUD_ONLY_seed1,CLOUD_ONLY,1,fog-3,2075.000,0.000000
CLOUD_ONLY_seed1,CLOUD_ONLY,1,cloud,2100.000,0.000000
CLOUD_ONLY_seed1,CLOUD_ONLY,1,proxy,2100.000,0.000000
CLOUD_ONLY_seed1,CLOUD_ONLY,1,fog-1,2100.000,0.000000
CLOUD_ONLY_seed1,CLOUD_ONLY,1,fog-2,2100.000,0.000000
CLOUD_ONLY_seed1,CLOUD_ONLY,1,fog-3,2100.000,0.000000
CLOUD_ONLY_seed1,CLOUD_ONLY,1,cloud,2125.000,0.000000
CLOUD_ONLY_seed1,CLOUD_ONLY,1,proxy,2125.000,0.000000
CLOUD_ONLY_seed1,CLOUD_ONLY,1,fog-1,2125.000,0.000000
CLOUD_ONLY_seed1,CLOUD_ONLY,1,fog-2,2125.000,0.000000
CLOUD_ONLY_seed1,CLOUD_ONLY,1,fog-3,2125.000,0.000000
CLOUD_ONLY_seed1,CLOUD_ONLY,1,cloud,2150.000,0.000000
CLOUD_ONLY_seed1,CLOUD_ONLY,1,proxy,2150.000,0.000000
CLOUD_ONLY_seed1,CLOUD_ONLY,1,fog-1,2150.000,0.000000
CLOUD_ONLY_seed1,CLOUD_ONLY,1,fog-2,2150.000,0.000000
CLOUD_ONLY_seed1,CLOUD_ONLY,1,fog-3,2150.000,0.000000
CLOUD_ONLY_seed1,CLOUD_ONLY,1,cloud,2175.000,0.000000
CLOUD_ONLY_seed1,CLOUD_ONLY,1,proxy,2175.000,0.000000
CLOUD_ONLY_seed1,CLOUD_ONLY,1,fog-1,2175.000,0.000000
CLOUD_ONLY_seed1,CLOUD_ONLY,1,fog-2,2175.000,0.000000
CLOUD_ONLY_seed1,CLOUD_ONLY,1,fog-3,2175.000,0.000000
CLOUD_ONLY_seed1,CLOUD_ONLY,1,cloud,2200.000,0.000000
CLOUD_ONLY_seed1,CLOUD_ONLY,1,proxy,2200.000,0.000000
CLOUD_ONLY_seed1,CLOUD_ONLY,1,fog-1,2200.000,0.000000
CLOUD_ONLY_seed1,CLOUD_ONLY,1,fog-2,2200.000,0.000000
CLOUD_ONLY_seed1,CLOUD_ONLY,1,fog-3,2200.000,0.000000
CLOUD_ONLY_seed1,CLOUD_ONLY,1,cloud,2225.000,0.000000
CLOUD_ONLY_seed1,CLOUD_ONLY,1,proxy,2225.000,0.000000
CLOUD_ONLY_seed1,CLOUD_ONLY,1,fog-1,2225.000,0.000000
CLOUD_ONLY_seed1,CLOUD_ONLY,1,fog-2,2225.000,0.000000
CLOUD_ONLY_seed1,CLOUD_ONLY,1,fog-3,2225.000,0.000000
CLOUD_ONLY_seed1,CLOUD_ONLY,1,cloud,2250.000,0.000000
CLOUD_ONLY_seed1,CLOUD_ONLY,1,proxy,2250.000,0.000000
CLOUD_ONLY_seed1,CLOUD_ONLY,1,fog-1,2250.000,0.000000
CLOUD_ONLY_seed1,CLOUD_ONLY,1,fog-2,2250.000,0.000000
CLOUD_ONLY_seed1,CLOUD_ONLY,1,fog-3,2250.000,0.000000
CLOUD_ONLY_seed1,CLOUD_ONLY,1,cloud,2275.000,0.000000
CLOUD_ONLY_seed1,CLOUD_ONLY,1,proxy,2275.000,0.000000
CLOUD_ONLY_seed1,CLOUD_ONLY,1,fog-1,2275.000,0.000000
CLOUD_ONLY_seed1,CLOUD_ONLY,1,fog-2,2275.000,0.000000
CLOUD_ONLY_seed1,CLOUD_ONLY,1,fog-3,2275.000,0.000000
CLOUD_ONLY_seed1,CLOUD_ONLY,1,cloud,2300.000,0.000000
CLOUD_ONLY_seed1,CLOUD_ONLY,1,proxy,2300.000,0.000000
CLOUD_ONLY_seed1,CLOUD_ONLY,1,fog-1,2300.000,0.000000
CLOUD_ONLY_seed1,CLOUD_ONLY,1,fog-2,2300.000,0.000000
CLOUD_ONLY_seed1,CLOUD_ONLY,1,fog-3,2300.000,0.000000
CLOUD_ONLY_seed1,CLOUD_ONLY,1,cloud,2325.000,0.000000
CLOUD_ONLY_seed1,CLOUD_ONLY,1,proxy,2325.000,0.000000
CLOUD_ONLY_seed1,CLOUD_ONLY,1,fog-1,2325.000,0.000000
CLOUD_ONLY_seed1,CLOUD_ONLY,1,fog-2,2325.000,0.000000
CLOUD_ONLY_seed1,CLOUD_ONLY,1,fog-3,2325.000,0.000000
CLOUD_ONLY_seed1,CLOUD_ONLY,1,cloud,2350.000,0.000000
CLOUD_ONLY_seed1,CLOUD_ONLY,1,proxy,2350.000,0.000000
CLOUD_ONLY_seed1,CLOUD_ONLY,1,fog-1,2350.000,0.000000
CLOUD_ONLY_seed1,CLOUD_ONLY,1,fog-2,2350.000,0.000000
CLOUD_ONLY_seed1,CLOUD_ONLY,1,fog-3,2350.000,0.000000
CLOUD_ONLY_seed1,CLOUD_ONLY,1,cloud,2375.000,0.000000
CLOUD_ONLY_seed1,CLOUD_ONLY,1,proxy,2375.000,0.000000
CLOUD_ONLY_seed1,CLOUD_ONLY,1,fog-1,2375.000,0.000000
CLOUD_ONLY_seed1,CLOUD_ONLY,1,fog-2,2375.000,0.000000
CLOUD_ONLY_seed1,CLOUD_ONLY,1,fog-3,2375.000,0.000000
CLOUD_ONLY_seed1,CLOUD_ONLY,1,cloud,2400.000,0.000000
CLOUD_ONLY_seed1,CLOUD_ONLY,1,proxy,2400.000,0.000000
CLOUD_ONLY_seed1,CLOUD_ONLY,1,fog-1,2400.000,0.000000
CLOUD_ONLY_seed1,CLOUD_ONLY,1,fog-2,2400.000,0.000000
CLOUD_ONLY_seed1,CLOUD_ONLY,1,fog-3,2400.000,0.000000
CLOUD_ONLY_seed1,CLOUD_ONLY,1,cloud,2425.000,0.000000
CLOUD_ONLY_seed1,CLOUD_ONLY,1,proxy,2425.000,0.000000
CLOUD_ONLY_seed1,CLOUD_ONLY,1,fog-1,2425.000,0.000000
CLOUD_ONLY_seed1,CLOUD_ONLY,1,fog-2,2425.000,0.000000
CLOUD_ONLY_seed1,CLOUD_ONLY,1,fog-3,2425.000,0.000000
CLOUD_ONLY_seed1,CLOUD_ONLY,1,cloud,2450.000,0.000000
CLOUD_ONLY_seed1,CLOUD_ONLY,1,proxy,2450.000,0.000000
CLOUD_ONLY_seed1,CLOUD_ONLY,1,fog-1,2450.000,0.000000
CLOUD_ONLY_seed1,CLOUD_ONLY,1,fog-2,2450.000,0.000000
CLOUD_ONLY_seed1,CLOUD_ONLY,1,fog-3,2450.000,0.000000
CLOUD_ONLY_seed1,CLOUD_ONLY,1,cloud,2475.000,0.000000
CLOUD_ONLY_seed1,CLOUD_ONLY,1,proxy,2475.000,0.000000
CLOUD_ONLY_seed1,CLOUD_ONLY,1,fog-1,2475.000,0.000000
CLOUD_ONLY_seed1,CLOUD_ONLY,1,fog-2,2475.000,0.000000
CLOUD_ONLY_seed1,CLOUD_ONLY,1,fog-3,2475.000,0.000000
CLOUD_ONLY_seed1,CLOUD_ONLY,1,cloud,2500.000,0.000000
CLOUD_ONLY_seed1,CLOUD_ONLY,1,proxy,2500.000,0.000000
CLOUD_ONLY_seed1,CLOUD_ONLY,1,fog-1,2500.000,0.000000
CLOUD_ONLY_seed1,CLOUD_ONLY,1,fog-2,2500.000,0.000000
CLOUD_ONLY_seed1,CLOUD_ONLY,1,fog-3,2500.000,0.000000
CLOUD_ONLY_seed1,CLOUD_ONLY,1,cloud,2525.000,0.000000
CLOUD_ONLY_seed1,CLOUD_ONLY,1,proxy,2525.000,0.000000
CLOUD_ONLY_seed1,CLOUD_ONLY,1,fog-1,2525.000,0.000000
CLOUD_ONLY_seed1,CLOUD_ONLY,1,fog-2,2525.000,0.000000
CLOUD_ONLY_seed1,CLOUD_ONLY,1,fog-3,2525.000,0.000000
CLOUD_ONLY_seed1,CLOUD_ONLY,1,cloud,2550.000,0.000000
CLOUD_ONLY_seed1,CLOUD_ONLY,1,proxy,2550.000,0.000000
CLOUD_ONLY_seed1,CLOUD_ONLY,1,fog-1,2550.000,0.000000
CLOUD_ONLY_seed1,CLOUD_ONLY,1,fog-2,2550.000,0.000000
CLOUD_ONLY_seed1,CLOUD_ONLY,1,fog-3,2550.000,0.000000
CLOUD_ONLY_seed1,CLOUD_ONLY,1,cloud,2575.000,0.000000
CLOUD_ONLY_seed1,CLOUD_ONLY,1,proxy,2575.000,0.000000
CLOUD_ONLY_seed1,CLOUD_ONLY,1,fog-1,2575.000,0.000000
CLOUD_ONLY_seed1,CLOUD_ONLY,1,fog-2,2575.000,0.000000
CLOUD_ONLY_seed1,CLOUD_ONLY,1,fog-3,2575.000,0.000000
CLOUD_ONLY_seed1,CLOUD_ONLY,1,cloud,2600.000,0.000000
CLOUD_ONLY_seed1,CLOUD_ONLY,1,proxy,2600.000,0.000000
CLOUD_ONLY_seed1,CLOUD_ONLY,1,fog-1,2600.000,0.000000
CLOUD_ONLY_seed1,CLOUD_ONLY,1,fog-2,2600.000,0.000000
CLOUD_ONLY_seed1,CLOUD_ONLY,1,fog-3,2600.000,0.000000
CLOUD_ONLY_seed1,CLOUD_ONLY,1,cloud,2625.000,0.000000
CLOUD_ONLY_seed1,CLOUD_ONLY,1,proxy,2625.000,0.000000
CLOUD_ONLY_seed1,CLOUD_ONLY,1,fog-1,2625.000,0.000000
CLOUD_ONLY_seed1,CLOUD_ONLY,1,fog-2,2625.000,0.000000
CLOUD_ONLY_seed1,CLOUD_ONLY,1,fog-3,2625.000,0.000000
CLOUD_ONLY_seed1,CLOUD_ONLY,1,cloud,2650.000,0.000000
CLOUD_ONLY_seed1,CLOUD_ONLY,1,proxy,2650.000,0.000000
CLOUD_ONLY_seed1,CLOUD_ONLY,1,fog-1,2650.000,0.000000
CLOUD_ONLY_seed1,CLOUD_ONLY,1,fog-2,2650.000,0.000000
CLOUD_ONLY_seed1,CLOUD_ONLY,1,fog-3,2650.000,0.000000
CLOUD_ONLY_seed1,CLOUD_ONLY,1,cloud,2675.000,0.000000
CLOUD_ONLY_seed1,CLOUD_ONLY,1,proxy,2675.000,0.000000
CLOUD_ONLY_seed1,CLOUD_ONLY,1,fog-1,2675.000,0.000000
CLOUD_ONLY_seed1,CLOUD_ONLY,1,fog-2,2675.000,0.000000
CLOUD_ONLY_seed1,CLOUD_ONLY,1,fog-3,2675.000,0.000000
CLOUD_ONLY_seed1,CLOUD_ONLY,1,cloud,2700.000,0.000000
CLOUD_ONLY_seed1,CLOUD_ONLY,1,proxy,2700.000,0.000000
CLOUD_ONLY_seed1,CLOUD_ONLY,1,fog-1,2700.000,0.000000
CLOUD_ONLY_seed1,CLOUD_ONLY,1,fog-2,2700.000,0.000000
CLOUD_ONLY_seed1,CLOUD_ONLY,1,fog-3,2700.000,0.000000
CLOUD_ONLY_seed1,CLOUD_ONLY,1,cloud,2725.000,0.000000
CLOUD_ONLY_seed1,CLOUD_ONLY,1,proxy,2725.000,0.000000
CLOUD_ONLY_seed1,CLOUD_ONLY,1,fog-1,2725.000,0.000000
CLOUD_ONLY_seed1,CLOUD_ONLY,1,fog-2,2725.000,0.000000
CLOUD_ONLY_seed1,CLOUD_ONLY,1,fog-3,2725.000,0.000000
CLOUD_ONLY_seed1,CLOUD_ONLY,1,cloud,2750.000,0.000000
CLOUD_ONLY_seed1,CLOUD_ONLY,1,proxy,2750.000,0.000000
CLOUD_ONLY_seed1,CLOUD_ONLY,1,fog-1,2750.000,0.000000
CLOUD_ONLY_seed1,CLOUD_ONLY,1,fog-2,2750.000,0.000000
CLOUD_ONLY_seed1,CLOUD_ONLY,1,fog-3,2750.000,0.000000
CLOUD_ONLY_seed1,CLOUD_ONLY,1,cloud,2775.000,0.000000
CLOUD_ONLY_seed1,CLOUD_ONLY,1,proxy,2775.000,0.000000
CLOUD_ONLY_seed1,CLOUD_ONLY,1,fog-1,2775.000,0.000000
CLOUD_ONLY_seed1,CLOUD_ONLY,1,fog-2,2775.000,0.000000
CLOUD_ONLY_seed1,CLOUD_ONLY,1,fog-3,2775.000,0.000000
CLOUD_ONLY_seed1,CLOUD_ONLY,1,cloud,2800.000,0.000000
CLOUD_ONLY_seed1,CLOUD_ONLY,1,proxy,2800.000,0.000000
CLOUD_ONLY_seed1,CLOUD_ONLY,1,fog-1,2800.000,0.000000
CLOUD_ONLY_seed1,CLOUD_ONLY,1,fog-2,2800.000,0.000000
CLOUD_ONLY_seed1,CLOUD_ONLY,1,fog-3,2800.000,0.000000
CLOUD_ONLY_seed1,CLOUD_ONLY,1,cloud,2825.000,0.000000
CLOUD_ONLY_seed1,CLOUD_ONLY,1,proxy,2825.000,0.000000
CLOUD_ONLY_seed1,CLOUD_ONLY,1,fog-1,2825.000,0.000000
CLOUD_ONLY_seed1,CLOUD_ONLY,1,fog-2,2825.000,0.000000
CLOUD_ONLY_seed1,CLOUD_ONLY,1,fog-3,2825.000,0.000000
CLOUD_ONLY_seed1,CLOUD_ONLY,1,cloud,2850.000,0.000000
CLOUD_ONLY_seed1,CLOUD_ONLY,1,proxy,2850.000,0.000000
CLOUD_ONLY_seed1,CLOUD_ONLY,1,fog-1,2850.000,0.000000
CLOUD_ONLY_seed1,CLOUD_ONLY,1,fog-2,2850.000,0.000000
CLOUD_ONLY_seed1,CLOUD_ONLY,1,fog-3,2850.000,0.000000
CLOUD_ONLY_seed1,CLOUD_ONLY,1,cloud,2875.000,0.000000
CLOUD_ONLY_seed1,CLOUD_ONLY,1,proxy,2875.000,0.000000
CLOUD_ONLY_seed1,CLOUD_ONLY,1,fog-1,2875.000,0.000000
CLOUD_ONLY_seed1,CLOUD_ONLY,1,fog-2,2875.000,0.000000
CLOUD_ONLY_seed1,CLOUD_ONLY,1,fog-3,2875.000,0.000000
CLOUD_ONLY_seed1,CLOUD_ONLY,1,cloud,2900.000,0.000000
CLOUD_ONLY_seed1,CLOUD_ONLY,1,proxy,2900.000,0.000000
CLOUD_ONLY_seed1,CLOUD_ONLY,1,fog-1,2900.000,0.000000
CLOUD_ONLY_seed1,CLOUD_ONLY,1,fog-2,2900.000,0.000000
CLOUD_ONLY_seed1,CLOUD_ONLY,1,fog-3,2900.000,0.000000
CLOUD_ONLY_seed1,CLOUD_ONLY,1,cloud,2925.000,0.000000
CLOUD_ONLY_seed1,CLOUD_ONLY,1,proxy,2925.000,0.000000
CLOUD_ONLY_seed1,CLOUD_ONLY,1,fog-1,2925.000,0.000000
CLOUD_ONLY_seed1,CLOUD_ONLY,1,fog-2,2925.000,0.000000
CLOUD_ONLY_seed1,CLOUD_ONLY,1,fog-3,2925.000,0.000000
CLOUD_ONLY_seed1,CLOUD_ONLY,1,cloud,2950.000,0.000000
CLOUD_ONLY_seed1,CLOUD_ONLY,1,proxy,2950.000,0.000000
CLOUD_ONLY_seed1,CLOUD_ONLY,1,fog-1,2950.000,0.000000
CLOUD_ONLY_seed1,CLOUD_ONLY,1,fog-2,2950.000,0.000000
CLOUD_ONLY_seed1,CLOUD_ONLY,1,fog-3,2950.000,0.000000
CLOUD_ONLY_seed1,CLOUD_ONLY,1,cloud,2975.000,0.000000
CLOUD_ONLY_seed1,CLOUD_ONLY,1,proxy,2975.000,0.000000
CLOUD_ONLY_seed1,CLOUD_ONLY,1,fog-1,2975.000,0.000000
CLOUD_ONLY_seed1,CLOUD_ONLY,1,fog-2,2975.000,0.000000
CLOUD_ONLY_seed1,CLOUD_ONLY,1,fog-3,2975.000,0.000000
CLOUD_ONLY_seed1,CLOUD_ONLY,1,cloud,3000.000,0.000000
CLOUD_ONLY_seed1,CLOUD_ONLY,1,proxy,3000.000,0.000000
CLOUD_ONLY_seed1,CLOUD_ONLY,1,fog-1,3000.000,0.000000
CLOUD_ONLY_seed1,CLOUD_ONLY,1,fog-2,3000.000,0.000000
CLOUD_ONLY_seed1,CLOUD_ONLY,1,fog-3,3000.000,0.000000
CLOUD_ONLY_seed1,CLOUD_ONLY,1,cloud,3025.000,0.000000
CLOUD_ONLY_seed1,CLOUD_ONLY,1,proxy,3025.000,0.000000
CLOUD_ONLY_seed1,CLOUD_ONLY,1,fog-1,3025.000,0.000000
CLOUD_ONLY_seed1,CLOUD_ONLY,1,fog-2,3025.000,0.000000
CLOUD_ONLY_seed1,CLOUD_ONLY,1,fog-3,3025.000,0.000000
CLOUD_ONLY_seed1,CLOUD_ONLY,1,cloud,3050.000,0.000000
CLOUD_ONLY_seed1,CLOUD_ONLY,1,proxy,3050.000,0.000000
CLOUD_ONLY_seed1,CLOUD_ONLY,1,fog-1,3050.000,0.000000
CLOUD_ONLY_seed1,CLOUD_ONLY,1,fog-2,3050.000,0.000000
CLOUD_ONLY_seed1,CLOUD_ONLY,1,fog-3,3050.000,0.000000
CLOUD_ONLY_seed1,CLOUD_ONLY,1,cloud,3075.000,0.000000
CLOUD_ONLY_seed1,CLOUD_ONLY,1,proxy,3075.000,0.000000
CLOUD_ONLY_seed1,CLOUD_ONLY,1,fog-1,3075.000,0.000000
CLOUD_ONLY_seed1,CLOUD_ONLY,1,fog-2,3075.000,0.000000
CLOUD_ONLY_seed1,CLOUD_ONLY,1,fog-3,3075.000,0.000000
CLOUD_ONLY_seed1,CLOUD_ONLY,1,cloud,3100.000,0.000000
CLOUD_ONLY_seed1,CLOUD_ONLY,1,proxy,3100.000,0.000000
CLOUD_ONLY_seed1,CLOUD_ONLY,1,fog-1,3100.000,0.000000
CLOUD_ONLY_seed1,CLOUD_ONLY,1,fog-2,3100.000,0.000000
CLOUD_ONLY_seed1,CLOUD_ONLY,1,fog-3,3100.000,0.000000
CLOUD_ONLY_seed1,CLOUD_ONLY,1,cloud,3125.000,0.000000
CLOUD_ONLY_seed1,CLOUD_ONLY,1,proxy,3125.000,0.000000
CLOUD_ONLY_seed1,CLOUD_ONLY,1,fog-1,3125.000,0.000000
CLOUD_ONLY_seed1,CLOUD_ONLY,1,fog-2,3125.000,0.000000
CLOUD_ONLY_seed1,CLOUD_ONLY,1,fog-3,3125.000,0.000000
CLOUD_ONLY_seed1,CLOUD_ONLY,1,cloud,3150.000,0.000000
CLOUD_ONLY_seed1,CLOUD_ONLY,1,proxy,3150.000,0.000000
CLOUD_ONLY_seed1,CLOUD_ONLY,1,fog-1,3150.000,0.000000
CLOUD_ONLY_seed1,CLOUD_ONLY,1,fog-2,3150.000,0.000000
CLOUD_ONLY_seed1,CLOUD_ONLY,1,fog-3,3150.000,0.000000
CLOUD_ONLY_seed1,CLOUD_ONLY,1,cloud,3175.000,0.000000
CLOUD_ONLY_seed1,CLOUD_ONLY,1,proxy,3175.000,0.000000
CLOUD_ONLY_seed1,CLOUD_ONLY,1,fog-1,3175.000,0.000000
CLOUD_ONLY_seed1,CLOUD_ONLY,1,fog-2,3175.000,0.000000
CLOUD_ONLY_seed1,CLOUD_ONLY,1,fog-3,3175.000,0.000000
CLOUD_ONLY_seed1,CLOUD_ONLY,1,cloud,3200.000,0.000000
CLOUD_ONLY_seed1,CLOUD_ONLY,1,proxy,3200.000,0.000000
CLOUD_ONLY_seed1,CLOUD_ONLY,1,fog-1,3200.000,0.000000
CLOUD_ONLY_seed1,CLOUD_ONLY,1,fog-2,3200.000,0.000000
CLOUD_ONLY_seed1,CLOUD_ONLY,1,fog-3,3200.000,0.000000
CLOUD_ONLY_seed1,CLOUD_ONLY,1,cloud,3225.000,0.000000
CLOUD_ONLY_seed1,CLOUD_ONLY,1,proxy,3225.000,0.000000
CLOUD_ONLY_seed1,CLOUD_ONLY,1,fog-1,3225.000,0.000000
CLOUD_ONLY_seed1,CLOUD_ONLY,1,fog-2,3225.000,0.000000
CLOUD_ONLY_seed1,CLOUD_ONLY,1,fog-3,3225.000,0.000000
CLOUD_ONLY_seed1,CLOUD_ONLY,1,cloud,3250.000,0.000000
CLOUD_ONLY_seed1,CLOUD_ONLY,1,proxy,3250.000,0.000000
CLOUD_ONLY_seed1,CLOUD_ONLY,1,fog-1,3250.000,0.000000
CLOUD_ONLY_seed1,CLOUD_ONLY,1,fog-2,3250.000,0.000000
CLOUD_ONLY_seed1,CLOUD_ONLY,1,fog-3,3250.000,0.000000
CLOUD_ONLY_seed1,CLOUD_ONLY,1,cloud,3275.000,0.000000
CLOUD_ONLY_seed1,CLOUD_ONLY,1,proxy,3275.000,0.000000
CLOUD_ONLY_seed1,CLOUD_ONLY,1,fog-1,3275.000,0.000000
CLOUD_ONLY_seed1,CLOUD_ONLY,1,fog-2,3275.000,0.000000
CLOUD_ONLY_seed1,CLOUD_ONLY,1,fog-3,3275.000,0.000000
CLOUD_ONLY_seed1,CLOUD_ONLY,1,cloud,3300.000,0.000000
CLOUD_ONLY_seed1,CLOUD_ONLY,1,proxy,3300.000,0.000000
CLOUD_ONLY_seed1,CLOUD_ONLY,1,fog-1,3300.000,0.000000
CLOUD_ONLY_seed1,CLOUD_ONLY,1,fog-2,3300.000,0.000000
CLOUD_ONLY_seed1,CLOUD_ONLY,1,fog-3,3300.000,0.000000
CLOUD_ONLY_seed1,CLOUD_ONLY,1,cloud,3325.000,0.000000
CLOUD_ONLY_seed1,CLOUD_ONLY,1,proxy,3325.000,0.000000
CLOUD_ONLY_seed1,CLOUD_ONLY,1,fog-1,3325.000,0.000000
CLOUD_ONLY_seed1,CLOUD_ONLY,1,fog-2,3325.000,0.000000
CLOUD_ONLY_seed1,CLOUD_ONLY,1,fog-3,3325.000,0.000000
CLOUD_ONLY_seed1,CLOUD_ONLY,1,cloud,3350.000,0.000000
CLOUD_ONLY_seed1,CLOUD_ONLY,1,proxy,3350.000,0.000000
CLOUD_ONLY_seed1,CLOUD_ONLY,1,fog-1,3350.000,0.000000
CLOUD_ONLY_seed1,CLOUD_ONLY,1,fog-2,3350.000,0.000000
CLOUD_ONLY_seed1,CLOUD_ONLY,1,fog-3,3350.000,0.000000
CLOUD_ONLY_seed1,CLOUD_ONLY,1,cloud,3375.000,0.000000
CLOUD_ONLY_seed1,CLOUD_ONLY,1,proxy,3375.000,0.000000
CLOUD_ONLY_seed1,CLOUD_ONLY,1,fog-1,3375.000,0.000000
CLOUD_ONLY_seed1,CLOUD_ONLY,1,fog-2,3375.000,0.000000
CLOUD_ONLY_seed1,CLOUD_ONLY,1,fog-3,3375.000,0.000000
CLOUD_ONLY_seed1,CLOUD_ONLY,1,cloud,3400.000,0.000000
CLOUD_ONLY_seed1,CLOUD_ONLY,1,proxy,3400.000,0.000000
CLOUD_ONLY_seed1,CLOUD_ONLY,1,fog-1,3400.000,0.000000
CLOUD_ONLY_seed1,CLOUD_ONLY,1,fog-2,3400.000,0.000000
CLOUD_ONLY_seed1,CLOUD_ONLY,1,fog-3,3400.000,0.000000
CLOUD_ONLY_seed1,CLOUD_ONLY,1,cloud,3425.000,0.000000
CLOUD_ONLY_seed1,CLOUD_ONLY,1,proxy,3425.000,0.000000
CLOUD_ONLY_seed1,CLOUD_ONLY,1,fog-1,3425.000,0.000000
CLOUD_ONLY_seed1,CLOUD_ONLY,1,fog-2,3425.000,0.000000
CLOUD_ONLY_seed1,CLOUD_ONLY,1,fog-3,3425.000,0.000000
CLOUD_ONLY_seed1,CLOUD_ONLY,1,cloud,3450.000,0.000000
CLOUD_ONLY_seed1,CLOUD_ONLY,1,proxy,3450.000,0.000000
CLOUD_ONLY_seed1,CLOUD_ONLY,1,fog-1,3450.000,0.000000
CLOUD_ONLY_seed1,CLOUD_ONLY,1,fog-2,3450.000,0.000000
CLOUD_ONLY_seed1,CLOUD_ONLY,1,fog-3,3450.000,0.000000
CLOUD_ONLY_seed1,CLOUD_ONLY,1,cloud,3475.000,0.000000
CLOUD_ONLY_seed1,CLOUD_ONLY,1,proxy,3475.000,0.000000
CLOUD_ONLY_seed1,CLOUD_ONLY,1,fog-1,3475.000,0.000000
CLOUD_ONLY_seed1,CLOUD_ONLY,1,fog-2,3475.000,0.000000
CLOUD_ONLY_seed1,CLOUD_ONLY,1,fog-3,3475.000,0.000000
CLOUD_ONLY_seed1,CLOUD_ONLY,1,cloud,3500.000,0.000000
CLOUD_ONLY_seed1,CLOUD_ONLY,1,proxy,3500.000,0.000000
CLOUD_ONLY_seed1,CLOUD_ONLY,1,fog-1,3500.000,0.000000
CLOUD_ONLY_seed1,CLOUD_ONLY,1,fog-2,3500.000,0.000000
CLOUD_ONLY_seed1,CLOUD_ONLY,1,fog-3,3500.000,0.000000
CLOUD_ONLY_seed1,CLOUD_ONLY,1,cloud,3525.000,0.000000
CLOUD_ONLY_seed1,CLOUD_ONLY,1,proxy,3525.000,0.000000
CLOUD_ONLY_seed1,CLOUD_ONLY,1,fog-1,3525.000,0.000000
CLOUD_ONLY_seed1,CLOUD_ONLY,1,fog-2,3525.000,0.000000
CLOUD_ONLY_seed1,CLOUD_ONLY,1,fog-3,3525.000,0.000000
CLOUD_ONLY_seed1,CLOUD_ONLY,1,cloud,3550.000,0.000000
CLOUD_ONLY_seed1,CLOUD_ONLY,1,proxy,3550.000,0.000000
CLOUD_ONLY_seed1,CLOUD_ONLY,1,fog-1,3550.000,0.000000
CLOUD_ONLY_seed1,CLOUD_ONLY,1,fog-2,3550.000,0.000000
CLOUD_ONLY_seed1,CLOUD_ONLY,1,fog-3,3550.000,0.000000
CLOUD_ONLY_seed1,CLOUD_ONLY,1,cloud,3575.000,0.000000
CLOUD_ONLY_seed1,CLOUD_ONLY,1,proxy,3575.000,0.000000
CLOUD_ONLY_seed1,CLOUD_ONLY,1,fog-1,3575.000,0.000000
CLOUD_ONLY_seed1,CLOUD_ONLY,1,fog-2,3575.000,0.000000
CLOUD_ONLY_seed1,CLOUD_ONLY,1,fog-3,3575.000,0.000000
CLOUD_ONLY_seed1,CLOUD_ONLY,1,cloud,3600.000,0.000000
CLOUD_ONLY_seed1,CLOUD_ONLY,1,proxy,3600.000,0.000000
CLOUD_ONLY_seed1,CLOUD_ONLY,1,fog-1,3600.000,0.000000
CLOUD_ONLY_seed1,CLOUD_ONLY,1,fog-2,3600.000,0.000000
CLOUD_ONLY_seed1,CLOUD_ONLY,1,fog-3,3600.000,0.000000
CLOUD_ONLY_seed1,CLOUD_ONLY,1,cloud,3625.000,0.000000
CLOUD_ONLY_seed1,CLOUD_ONLY,1,proxy,3625.000,0.000000
CLOUD_ONLY_seed1,CLOUD_ONLY,1,fog-1,3625.000,0.000000
CLOUD_ONLY_seed1,CLOUD_ONLY,1,fog-2,3625.000,0.000000
CLOUD_ONLY_seed1,CLOUD_ONLY,1,fog-3,3625.000,0.000000
CLOUD_ONLY_seed1,CLOUD_ONLY,1,cloud,3650.000,0.000000
CLOUD_ONLY_seed1,CLOUD_ONLY,1,proxy,3650.000,0.000000
CLOUD_ONLY_seed1,CLOUD_ONLY,1,fog-1,3650.000,0.000000
CLOUD_ONLY_seed1,CLOUD_ONLY,1,fog-2,3650.000,0.000000
CLOUD_ONLY_seed1,CLOUD_ONLY,1,fog-3,3650.000,0.000000
CLOUD_ONLY_seed1,CLOUD_ONLY,1,cloud,3675.000,0.000000
CLOUD_ONLY_seed1,CLOUD_ONLY,1,proxy,3675.000,0.000000
CLOUD_ONLY_seed1,CLOUD_ONLY,1,fog-1,3675.000,0.000000
CLOUD_ONLY_seed1,CLOUD_ONLY,1,fog-2,3675.000,0.000000
CLOUD_ONLY_seed1,CLOUD_ONLY,1,fog-3,3675.000,0.000000
CLOUD_ONLY_seed1,CLOUD_ONLY,1,cloud,3700.000,0.000000
CLOUD_ONLY_seed1,CLOUD_ONLY,1,proxy,3700.000,0.000000
CLOUD_ONLY_seed1,CLOUD_ONLY,1,fog-1,3700.000,0.000000
CLOUD_ONLY_seed1,CLOUD_ONLY,1,fog-2,3700.000,0.000000
CLOUD_ONLY_seed1,CLOUD_ONLY,1,fog-3,3700.000,0.000000
CLOUD_ONLY_seed1,CLOUD_ONLY,1,cloud,3725.000,0.000000
CLOUD_ONLY_seed1,CLOUD_ONLY,1,proxy,3725.000,0.000000
CLOUD_ONLY_seed1,CLOUD_ONLY,1,fog-1,3725.000,0.000000
CLOUD_ONLY_seed1,CLOUD_ONLY,1,fog-2,3725.000,0.000000
CLOUD_ONLY_seed1,CLOUD_ONLY,1,fog-3,3725.000,0.000000
CLOUD_ONLY_seed1,CLOUD_ONLY,1,cloud,3750.000,0.000000
CLOUD_ONLY_seed1,CLOUD_ONLY,1,proxy,3750.000,0.000000
CLOUD_ONLY_seed1,CLOUD_ONLY,1,fog-1,3750.000,0.000000
CLOUD_ONLY_seed1,CLOUD_ONLY,1,fog-2,3750.000,0.000000
CLOUD_ONLY_seed1,CLOUD_ONLY,1,fog-3,3750.000,0.000000
CLOUD_ONLY_seed1,CLOUD_ONLY,1,cloud,3775.000,0.000000
CLOUD_ONLY_seed1,CLOUD_ONLY,1,proxy,3775.000,0.000000
CLOUD_ONLY_seed1,CLOUD_ONLY,1,fog-1,3775.000,0.000000
CLOUD_ONLY_seed1,CLOUD_ONLY,1,fog-2,3775.000,0.000000
CLOUD_ONLY_seed1,CLOUD_ONLY,1,fog-3,3775.000,0.000000
CLOUD_ONLY_seed1,CLOUD_ONLY,1,cloud,3800.000,0.000000
CLOUD_ONLY_seed1,CLOUD_ONLY,1,proxy,3800.000,0.000000
CLOUD_ONLY_seed1,CLOUD_ONLY,1,fog-1,3800.000,0.000000
CLOUD_ONLY_seed1,CLOUD_ONLY,1,fog-2,3800.000,0.000000
CLOUD_ONLY_seed1,CLOUD_ONLY,1,fog-3,3800.000,0.000000
CLOUD_ONLY_seed1,CLOUD_ONLY,1,cloud,3825.000,0.000000
CLOUD_ONLY_seed1,CLOUD_ONLY,1,proxy,3825.000,0.000000
CLOUD_ONLY_seed1,CLOUD_ONLY,1,fog-1,3825.000,0.000000
CLOUD_ONLY_seed1,CLOUD_ONLY,1,fog-2,3825.000,0.000000
CLOUD_ONLY_seed1,CLOUD_ONLY,1,fog-3,3825.000,0.000000
CLOUD_ONLY_seed1,CLOUD_ONLY,1,cloud,3850.000,0.000000
CLOUD_ONLY_seed1,CLOUD_ONLY,1,proxy,3850.000,0.000000
CLOUD_ONLY_seed1,CLOUD_ONLY,1,fog-1,3850.000,0.000000
CLOUD_ONLY_seed1,CLOUD_ONLY,1,fog-2,3850.000,0.000000
CLOUD_ONLY_seed1,CLOUD_ONLY,1,fog-3,3850.000,0.000000
CLOUD_ONLY_seed1,CLOUD_ONLY,1,cloud,3875.000,0.000000
CLOUD_ONLY_seed1,CLOUD_ONLY,1,proxy,3875.000,0.000000
CLOUD_ONLY_seed1,CLOUD_ONLY,1,fog-1,3875.000,0.000000
CLOUD_ONLY_seed1,CLOUD_ONLY,1,fog-2,3875.000,0.000000
CLOUD_ONLY_seed1,CLOUD_ONLY,1,fog-3,3875.000,0.000000
CLOUD_ONLY_seed1,CLOUD_ONLY,1,cloud,3900.000,0.000000
CLOUD_ONLY_seed1,CLOUD_ONLY,1,proxy,3900.000,0.000000
CLOUD_ONLY_seed1,CLOUD_ONLY,1,fog-1,3900.000,0.000000
CLOUD_ONLY_seed1,CLOUD_ONLY,1,fog-2,3900.000,0.000000
CLOUD_ONLY_seed1,CLOUD_ONLY,1,fog-3,3900.000,0.000000
CLOUD_ONLY_seed1,CLOUD_ONLY,1,cloud,3925.000,0.000000
CLOUD_ONLY_seed1,CLOUD_ONLY,1,proxy,3925.000,0.000000
CLOUD_ONLY_seed1,CLOUD_ONLY,1,fog-1,3925.000,0.000000
CLOUD_ONLY_seed1,CLOUD_ONLY,1,fog-2,3925.000,0.000000
CLOUD_ONLY_seed1,CLOUD_ONLY,1,fog-3,3925.000,0.000000
CLOUD_ONLY_seed1,CLOUD_ONLY,1,cloud,3950.000,0.000000
CLOUD_ONLY_seed1,CLOUD_ONLY,1,proxy,3950.000,0.000000
CLOUD_ONLY_seed1,CLOUD_ONLY,1,fog-1,3950.000,0.000000
CLOUD_ONLY_seed1,CLOUD_ONLY,1,fog-2,3950.000,0.000000
CLOUD_ONLY_seed1,CLOUD_ONLY,1,fog-3,3950.000,0.000000
CLOUD_ONLY_seed1,CLOUD_ONLY,1,cloud,3975.000,0.000000
CLOUD_ONLY_seed1,CLOUD_ONLY,1,proxy,3975.000,0.000000
CLOUD_ONLY_seed1,CLOUD_ONLY,1,fog-1,3975.000,0.000000
CLOUD_ONLY_seed1,CLOUD_ONLY,1,fog-2,3975.000,0.000000
CLOUD_ONLY_seed1,CLOUD_ONLY,1,fog-3,3975.000,0.000000
CLOUD_ONLY_seed1,CLOUD_ONLY,1,cloud,4000.000,0.000000
CLOUD_ONLY_seed1,CLOUD_ONLY,1,proxy,4000.000,0.000000
CLOUD_ONLY_seed1,CLOUD_ONLY,1,fog-1,4000.000,0.000000
CLOUD_ONLY_seed1,CLOUD_ONLY,1,fog-2,4000.000,0.000000
CLOUD_ONLY_seed1,CLOUD_ONLY,1,fog-3,4000.000,0.000000
CLOUD_ONLY_seed1,CLOUD_ONLY,1,cloud,4025.000,0.000000
CLOUD_ONLY_seed1,CLOUD_ONLY,1,proxy,4025.000,0.000000
CLOUD_ONLY_seed1,CLOUD_ONLY,1,fog-1,4025.000,0.000000
CLOUD_ONLY_seed1,CLOUD_ONLY,1,fog-2,4025.000,0.000000
CLOUD_ONLY_seed1,CLOUD_ONLY,1,fog-3,4025.000,0.000000
CLOUD_ONLY_seed1,CLOUD_ONLY,1,cloud,4050.000,0.000000
CLOUD_ONLY_seed1,CLOUD_ONLY,1,proxy,4050.000,0.000000
CLOUD_ONLY_seed1,CLOUD_ONLY,1,fog-1,4050.000,0.000000
CLOUD_ONLY_seed1,CLOUD_ONLY,1,fog-2,4050.000,0.000000
CLOUD_ONLY_seed1,CLOUD_ONLY,1,fog-3,4050.000,0.000000
CLOUD_ONLY_seed1,CLOUD_ONLY,1,cloud,4075.000,0.000000
CLOUD_ONLY_seed1,CLOUD_ONLY,1,proxy,4075.000,0.000000
CLOUD_ONLY_seed1,CLOUD_ONLY,1,fog-1,4075.000,0.000000
CLOUD_ONLY_seed1,CLOUD_ONLY,1,fog-2,4075.000,0.000000
CLOUD_ONLY_seed1,CLOUD_ONLY,1,fog-3,4075.000,0.000000
CLOUD_ONLY_seed1,CLOUD_ONLY,1,cloud,4100.000,0.000000
CLOUD_ONLY_seed1,CLOUD_ONLY,1,proxy,4100.000,0.000000
CLOUD_ONLY_seed1,CLOUD_ONLY,1,fog-1,4100.000,0.000000
CLOUD_ONLY_seed1,CLOUD_ONLY,1,fog-2,4100.000,0.000000
CLOUD_ONLY_seed1,CLOUD_ONLY,1,fog-3,4100.000,0.000000
CLOUD_ONLY_seed1,CLOUD_ONLY,1,cloud,4125.000,0.000000
CLOUD_ONLY_seed1,CLOUD_ONLY,1,proxy,4125.000,0.000000
CLOUD_ONLY_seed1,CLOUD_ONLY,1,fog-1,4125.000,0.000000
CLOUD_ONLY_seed1,CLOUD_ONLY,1,fog-2,4125.000,0.000000
CLOUD_ONLY_seed1,CLOUD_ONLY,1,fog-3,4125.000,0.000000
CLOUD_ONLY_seed1,CLOUD_ONLY,1,cloud,4150.000,0.000000
CLOUD_ONLY_seed1,CLOUD_ONLY,1,proxy,4150.000,0.000000
CLOUD_ONLY_seed1,CLOUD_ONLY,1,fog-1,4150.000,0.000000
CLOUD_ONLY_seed1,CLOUD_ONLY,1,fog-2,4150.000,0.000000
CLOUD_ONLY_seed1,CLOUD_ONLY,1,fog-3,4150.000,0.000000
CLOUD_ONLY_seed1,CLOUD_ONLY,1,cloud,4175.000,0.000000
CLOUD_ONLY_seed1,CLOUD_ONLY,1,proxy,4175.000,0.000000
CLOUD_ONLY_seed1,CLOUD_ONLY,1,fog-1,4175.000,0.000000
CLOUD_ONLY_seed1,CLOUD_ONLY,1,fog-2,4175.000,0.000000
CLOUD_ONLY_seed1,CLOUD_ONLY,1,fog-3,4175.000,0.000000
CLOUD_ONLY_seed1,CLOUD_ONLY,1,cloud,4200.000,0.000000
CLOUD_ONLY_seed1,CLOUD_ONLY,1,proxy,4200.000,0.000000
CLOUD_ONLY_seed1,CLOUD_ONLY,1,fog-1,4200.000,0.000000
CLOUD_ONLY_seed1,CLOUD_ONLY,1,fog-2,4200.000,0.000000
CLOUD_ONLY_seed1,CLOUD_ONLY,1,fog-3,4200.000,0.000000
CLOUD_ONLY_seed1,CLOUD_ONLY,1,cloud,4225.000,0.000000
CLOUD_ONLY_seed1,CLOUD_ONLY,1,proxy,4225.000,0.000000
CLOUD_ONLY_seed1,CLOUD_ONLY,1,fog-1,4225.000,0.000000
CLOUD_ONLY_seed1,CLOUD_ONLY,1,fog-2,4225.000,0.000000
CLOUD_ONLY_seed1,CLOUD_ONLY,1,fog-3,4225.000,0.000000
CLOUD_ONLY_seed1,CLOUD_ONLY,1,cloud,4250.000,0.000000
CLOUD_ONLY_seed1,CLOUD_ONLY,1,proxy,4250.000,0.000000
CLOUD_ONLY_seed1,CLOUD_ONLY,1,fog-1,4250.000,0.000000
CLOUD_ONLY_seed1,CLOUD_ONLY,1,fog-2,4250.000,0.000000
CLOUD_ONLY_seed1,CLOUD_ONLY,1,fog-3,4250.000,0.000000
CLOUD_ONLY_seed1,CLOUD_ONLY,1,cloud,4275.000,0.000000
CLOUD_ONLY_seed1,CLOUD_ONLY,1,proxy,4275.000,0.000000
CLOUD_ONLY_seed1,CLOUD_ONLY,1,fog-1,4275.000,0.000000
CLOUD_ONLY_seed1,CLOUD_ONLY,1,fog-2,4275.000,0.000000
CLOUD_ONLY_seed1,CLOUD_ONLY,1,fog-3,4275.000,0.000000
CLOUD_ONLY_seed1,CLOUD_ONLY,1,cloud,4300.000,0.000000
CLOUD_ONLY_seed1,CLOUD_ONLY,1,proxy,4300.000,0.000000
CLOUD_ONLY_seed1,CLOUD_ONLY,1,fog-1,4300.000,0.000000
CLOUD_ONLY_seed1,CLOUD_ONLY,1,fog-2,4300.000,0.000000
CLOUD_ONLY_seed1,CLOUD_ONLY,1,fog-3,4300.000,0.000000
CLOUD_ONLY_seed1,CLOUD_ONLY,1,cloud,4325.000,0.000000
CLOUD_ONLY_seed1,CLOUD_ONLY,1,proxy,4325.000,0.000000
CLOUD_ONLY_seed1,CLOUD_ONLY,1,fog-1,4325.000,0.000000
CLOUD_ONLY_seed1,CLOUD_ONLY,1,fog-2,4325.000,0.000000
CLOUD_ONLY_seed1,CLOUD_ONLY,1,fog-3,4325.000,0.000000
CLOUD_ONLY_seed1,CLOUD_ONLY,1,cloud,4350.000,0.000000
CLOUD_ONLY_seed1,CLOUD_ONLY,1,proxy,4350.000,0.000000
CLOUD_ONLY_seed1,CLOUD_ONLY,1,fog-1,4350.000,0.000000
CLOUD_ONLY_seed1,CLOUD_ONLY,1,fog-2,4350.000,0.000000
CLOUD_ONLY_seed1,CLOUD_ONLY,1,fog-3,4350.000,0.000000
CLOUD_ONLY_seed1,CLOUD_ONLY,1,cloud,4375.000,0.000000
CLOUD_ONLY_seed1,CLOUD_ONLY,1,proxy,4375.000,0.000000
CLOUD_ONLY_seed1,CLOUD_ONLY,1,fog-1,4375.000,0.000000
CLOUD_ONLY_seed1,CLOUD_ONLY,1,fog-2,4375.000,0.000000
CLOUD_ONLY_seed1,CLOUD_ONLY,1,fog-3,4375.000,0.000000
CLOUD_ONLY_seed1,CLOUD_ONLY,1,cloud,4400.000,0.000000
CLOUD_ONLY_seed1,CLOUD_ONLY,1,proxy,4400.000,0.000000
CLOUD_ONLY_seed1,CLOUD_ONLY,1,fog-1,4400.000,0.000000
CLOUD_ONLY_seed1,CLOUD_ONLY,1,fog-2,4400.000,0.000000
CLOUD_ONLY_seed1,CLOUD_ONLY,1,fog-3,4400.000,0.000000
CLOUD_ONLY_seed1,CLOUD_ONLY,1,cloud,4425.000,0.000000
CLOUD_ONLY_seed1,CLOUD_ONLY,1,proxy,4425.000,0.000000
CLOUD_ONLY_seed1,CLOUD_ONLY,1,fog-1,4425.000,0.000000
CLOUD_ONLY_seed1,CLOUD_ONLY,1,fog-2,4425.000,0.000000
CLOUD_ONLY_seed1,CLOUD_ONLY,1,fog-3,4425.000,0.000000
CLOUD_ONLY_seed1,CLOUD_ONLY,1,cloud,4450.000,0.000000
CLOUD_ONLY_seed1,CLOUD_ONLY,1,proxy,4450.000,0.000000
CLOUD_ONLY_seed1,CLOUD_ONLY,1,fog-1,4450.000,0.000000
CLOUD_ONLY_seed1,CLOUD_ONLY,1,fog-2,4450.000,0.000000
CLOUD_ONLY_seed1,CLOUD_ONLY,1,fog-3,4450.000,0.000000
CLOUD_ONLY_seed1,CLOUD_ONLY,1,cloud,4475.000,0.000000
CLOUD_ONLY_seed1,CLOUD_ONLY,1,proxy,4475.000,0.000000
CLOUD_ONLY_seed1,CLOUD_ONLY,1,fog-1,4475.000,0.000000
CLOUD_ONLY_seed1,CLOUD_ONLY,1,fog-2,4475.000,0.000000
CLOUD_ONLY_seed1,CLOUD_ONLY,1,fog-3,4475.000,0.000000
CLOUD_ONLY_seed1,CLOUD_ONLY,1,cloud,4500.000,0.000000
CLOUD_ONLY_seed1,CLOUD_ONLY,1,proxy,4500.000,0.000000
CLOUD_ONLY_seed1,CLOUD_ONLY,1,fog-1,4500.000,0.000000
CLOUD_ONLY_seed1,CLOUD_ONLY,1,fog-2,4500.000,0.000000
CLOUD_ONLY_seed1,CLOUD_ONLY,1,fog-3,4500.000,0.000000
CLOUD_ONLY_seed1,CLOUD_ONLY,1,cloud,4525.000,0.000000
CLOUD_ONLY_seed1,CLOUD_ONLY,1,proxy,4525.000,0.000000
CLOUD_ONLY_seed1,CLOUD_ONLY,1,fog-1,4525.000,0.000000
CLOUD_ONLY_seed1,CLOUD_ONLY,1,fog-2,4525.000,0.000000
CLOUD_ONLY_seed1,CLOUD_ONLY,1,fog-3,4525.000,0.000000
CLOUD_ONLY_seed1,CLOUD_ONLY,1,cloud,4550.000,0.000000
CLOUD_ONLY_seed1,CLOUD_ONLY,1,proxy,4550.000,0.000000
CLOUD_ONLY_seed1,CLOUD_ONLY,1,fog-1,4550.000,0.000000
CLOUD_ONLY_seed1,CLOUD_ONLY,1,fog-2,4550.000,0.000000
CLOUD_ONLY_seed1,CLOUD_ONLY,1,fog-3,4550.000,0.000000
CLOUD_ONLY_seed1,CLOUD_ONLY,1,cloud,4575.000,0.000000
CLOUD_ONLY_seed1,CLOUD_ONLY,1,proxy,4575.000,0.000000
CLOUD_ONLY_seed1,CLOUD_ONLY,1,fog-1,4575.000,0.000000
CLOUD_ONLY_seed1,CLOUD_ONLY,1,fog-2,4575.000,0.000000
CLOUD_ONLY_seed1,CLOUD_ONLY,1,fog-3,4575.000,0.000000
CLOUD_ONLY_seed1,CLOUD_ONLY,1,cloud,4600.000,0.000000
CLOUD_ONLY_seed1,CLOUD_ONLY,1,proxy,4600.000,0.000000
CLOUD_ONLY_seed1,CLOUD_ONLY,1,fog-1,4600.000,0.000000
CLOUD_ONLY_seed1,CLOUD_ONLY,1,fog-2,4600.000,0.000000
CLOUD_ONLY_seed1,CLOUD_ONLY,1,fog-3,4600.000,0.000000
CLOUD_ONLY_seed1,CLOUD_ONLY,1,cloud,4625.000,0.000000
CLOUD_ONLY_seed1,CLOUD_ONLY,1,proxy,4625.000,0.000000
CLOUD_ONLY_seed1,CLOUD_ONLY,1,fog-1,4625.000,0.000000
CLOUD_ONLY_seed1,CLOUD_ONLY,1,fog-2,4625.000,0.000000
CLOUD_ONLY_seed1,CLOUD_ONLY,1,fog-3,4625.000,0.000000
CLOUD_ONLY_seed1,CLOUD_ONLY,1,cloud,4650.000,0.000000
CLOUD_ONLY_seed1,CLOUD_ONLY,1,proxy,4650.000,0.000000
CLOUD_ONLY_seed1,CLOUD_ONLY,1,fog-1,4650.000,0.000000
CLOUD_ONLY_seed1,CLOUD_ONLY,1,fog-2,4650.000,0.000000
CLOUD_ONLY_seed1,CLOUD_ONLY,1,fog-3,4650.000,0.000000
CLOUD_ONLY_seed1,CLOUD_ONLY,1,cloud,4675.000,0.000000
CLOUD_ONLY_seed1,CLOUD_ONLY,1,proxy,4675.000,0.000000
CLOUD_ONLY_seed1,CLOUD_ONLY,1,fog-1,4675.000,0.000000
CLOUD_ONLY_seed1,CLOUD_ONLY,1,fog-2,4675.000,0.000000
CLOUD_ONLY_seed1,CLOUD_ONLY,1,fog-3,4675.000,0.000000
CLOUD_ONLY_seed1,CLOUD_ONLY,1,cloud,4700.000,0.000000
CLOUD_ONLY_seed1,CLOUD_ONLY,1,proxy,4700.000,0.000000
CLOUD_ONLY_seed1,CLOUD_ONLY,1,fog-1,4700.000,0.000000
CLOUD_ONLY_seed1,CLOUD_ONLY,1,fog-2,4700.000,0.000000
CLOUD_ONLY_seed1,CLOUD_ONLY,1,fog-3,4700.000,0.000000
CLOUD_ONLY_seed1,CLOUD_ONLY,1,cloud,4725.000,0.000000
CLOUD_ONLY_seed1,CLOUD_ONLY,1,proxy,4725.000,0.000000
CLOUD_ONLY_seed1,CLOUD_ONLY,1,fog-1,4725.000,0.000000
CLOUD_ONLY_seed1,CLOUD_ONLY,1,fog-2,4725.000,0.000000
CLOUD_ONLY_seed1,CLOUD_ONLY,1,fog-3,4725.000,0.000000
CLOUD_ONLY_seed1,CLOUD_ONLY,1,cloud,4750.000,0.000000
CLOUD_ONLY_seed1,CLOUD_ONLY,1,proxy,4750.000,0.000000
CLOUD_ONLY_seed1,CLOUD_ONLY,1,fog-1,4750.000,0.000000
CLOUD_ONLY_seed1,CLOUD_ONLY,1,fog-2,4750.000,0.000000
CLOUD_ONLY_seed1,CLOUD_ONLY,1,fog-3,4750.000,0.000000
CLOUD_ONLY_seed1,CLOUD_ONLY,1,cloud,4775.000,0.000000
CLOUD_ONLY_seed1,CLOUD_ONLY,1,proxy,4775.000,0.000000
CLOUD_ONLY_seed1,CLOUD_ONLY,1,fog-1,4775.000,0.000000
CLOUD_ONLY_seed1,CLOUD_ONLY,1,fog-2,4775.000,0.000000
CLOUD_ONLY_seed1,CLOUD_ONLY,1,fog-3,4775.000,0.000000
CLOUD_ONLY_seed1,CLOUD_ONLY,1,cloud,4800.000,0.000000
CLOUD_ONLY_seed1,CLOUD_ONLY,1,proxy,4800.000,0.000000
CLOUD_ONLY_seed1,CLOUD_ONLY,1,fog-1,4800.000,0.000000
CLOUD_ONLY_seed1,CLOUD_ONLY,1,fog-2,4800.000,0.000000
CLOUD_ONLY_seed1,CLOUD_ONLY,1,fog-3,4800.000,0.000000
CLOUD_ONLY_seed1,CLOUD_ONLY,1,cloud,4825.000,0.000000
CLOUD_ONLY_seed1,CLOUD_ONLY,1,proxy,4825.000,0.000000
CLOUD_ONLY_seed1,CLOUD_ONLY,1,fog-1,4825.000,0.000000
CLOUD_ONLY_seed1,CLOUD_ONLY,1,fog-2,4825.000,0.000000
CLOUD_ONLY_seed1,CLOUD_ONLY,1,fog-3,4825.000,0.000000
CLOUD_ONLY_seed1,CLOUD_ONLY,1,cloud,4850.000,0.000000
CLOUD_ONLY_seed1,CLOUD_ONLY,1,proxy,4850.000,0.000000
CLOUD_ONLY_seed1,CLOUD_ONLY,1,fog-1,4850.000,0.000000
CLOUD_ONLY_seed1,CLOUD_ONLY,1,fog-2,4850.000,0.000000
CLOUD_ONLY_seed1,CLOUD_ONLY,1,fog-3,4850.000,0.000000
CLOUD_ONLY_seed1,CLOUD_ONLY,1,cloud,4875.000,0.000000
CLOUD_ONLY_seed1,CLOUD_ONLY,1,proxy,4875.000,0.000000
CLOUD_ONLY_seed1,CLOUD_ONLY,1,fog-1,4875.000,0.000000
CLOUD_ONLY_seed1,CLOUD_ONLY,1,fog-2,4875.000,0.000000
CLOUD_ONLY_seed1,CLOUD_ONLY,1,fog-3,4875.000,0.000000
CLOUD_ONLY_seed1,CLOUD_ONLY,1,cloud,4900.000,0.000000
CLOUD_ONLY_seed1,CLOUD_ONLY,1,proxy,4900.000,0.000000
CLOUD_ONLY_seed1,CLOUD_ONLY,1,fog-1,4900.000,0.000000
CLOUD_ONLY_seed1,CLOUD_ONLY,1,fog-2,4900.000,0.000000
CLOUD_ONLY_seed1,CLOUD_ONLY,1,fog-3,4900.000,0.000000
CLOUD_ONLY_seed1,CLOUD_ONLY,1,cloud,4925.000,0.000000
CLOUD_ONLY_seed1,CLOUD_ONLY,1,proxy,4925.000,0.000000
CLOUD_ONLY_seed1,CLOUD_ONLY,1,fog-1,4925.000,0.000000
CLOUD_ONLY_seed1,CLOUD_ONLY,1,fog-2,4925.000,0.000000
CLOUD_ONLY_seed1,CLOUD_ONLY,1,fog-3,4925.000,0.000000
CLOUD_ONLY_seed1,CLOUD_ONLY,1,cloud,4950.000,0.000000
CLOUD_ONLY_seed1,CLOUD_ONLY,1,proxy,4950.000,0.000000
CLOUD_ONLY_seed1,CLOUD_ONLY,1,fog-1,4950.000,0.000000
CLOUD_ONLY_seed1,CLOUD_ONLY,1,fog-2,4950.000,0.000000
CLOUD_ONLY_seed1,CLOUD_ONLY,1,fog-3,4950.000,0.000000
CLOUD_ONLY_seed1,CLOUD_ONLY,1,cloud,4975.000,0.000000
CLOUD_ONLY_seed1,CLOUD_ONLY,1,proxy,4975.000,0.000000
CLOUD_ONLY_seed1,CLOUD_ONLY,1,fog-1,4975.000,0.000000
CLOUD_ONLY_seed1,CLOUD_ONLY,1,fog-2,4975.000,0.000000
CLOUD_ONLY_seed1,CLOUD_ONLY,1,fog-3,4975.000,0.000000
CLOUD_ONLY_seed1,CLOUD_ONLY,1,cloud,5000.000,0.000000
CLOUD_ONLY_seed1,CLOUD_ONLY,1,proxy,5000.000,0.000000
CLOUD_ONLY_seed1,CLOUD_ONLY,1,fog-1,5000.000,0.000000
CLOUD_ONLY_seed1,CLOUD_ONLY,1,fog-2,5000.000,0.000000
CLOUD_ONLY_seed1,CLOUD_ONLY,1,fog-3,5000.000,0.000000
CLOUD_ONLY_seed2,CLOUD_ONLY,2,cloud,25.000,0.000402
CLOUD_ONLY_seed2,CLOUD_ONLY,2,proxy,25.000,0.000000
CLOUD_ONLY_seed2,CLOUD_ONLY,2,fog-1,25.000,0.000000
CLOUD_ONLY_seed2,CLOUD_ONLY,2,fog-2,25.000,0.000000
CLOUD_ONLY_seed2,CLOUD_ONLY,2,fog-3,25.000,0.000000
CLOUD_ONLY_seed2,CLOUD_ONLY,2,cloud,50.000,0.000402
CLOUD_ONLY_seed2,CLOUD_ONLY,2,proxy,50.000,0.000000
CLOUD_ONLY_seed2,CLOUD_ONLY,2,fog-1,50.000,0.000000
CLOUD_ONLY_seed2,CLOUD_ONLY,2,fog-2,50.000,0.000000
CLOUD_ONLY_seed2,CLOUD_ONLY,2,fog-3,50.000,0.000000
CLOUD_ONLY_seed2,CLOUD_ONLY,2,cloud,75.000,0.000402
CLOUD_ONLY_seed2,CLOUD_ONLY,2,proxy,75.000,0.000000
CLOUD_ONLY_seed2,CLOUD_ONLY,2,fog-1,75.000,0.000000
CLOUD_ONLY_seed2,CLOUD_ONLY,2,fog-2,75.000,0.000000
CLOUD_ONLY_seed2,CLOUD_ONLY,2,fog-3,75.000,0.000000
CLOUD_ONLY_seed2,CLOUD_ONLY,2,cloud,100.000,0.000402
CLOUD_ONLY_seed2,CLOUD_ONLY,2,proxy,100.000,0.000000
CLOUD_ONLY_seed2,CLOUD_ONLY,2,fog-1,100.000,0.000000
CLOUD_ONLY_seed2,CLOUD_ONLY,2,fog-2,100.000,0.000000
CLOUD_ONLY_seed2,CLOUD_ONLY,2,fog-3,100.000,0.000000
CLOUD_ONLY_seed2,CLOUD_ONLY,2,cloud,125.000,0.000402
CLOUD_ONLY_seed2,CLOUD_ONLY,2,proxy,125.000,0.000000
CLOUD_ONLY_seed2,CLOUD_ONLY,2,fog-1,125.000,0.000000
CLOUD_ONLY_seed2,CLOUD_ONLY,2,fog-2,125.000,0.000000
CLOUD_ONLY_seed2,CLOUD_ONLY,2,fog-3,125.000,0.000000
CLOUD_ONLY_seed2,CLOUD_ONLY,2,cloud,150.000,0.000402
CLOUD_ONLY_seed2,CLOUD_ONLY,2,proxy,150.000,0.000000
CLOUD_ONLY_seed2,CLOUD_ONLY,2,fog-1,150.000,0.000000
CLOUD_ONLY_seed2,CLOUD_ONLY,2,fog-2,150.000,0.000000
CLOUD_ONLY_seed2,CLOUD_ONLY,2,fog-3,150.000,0.000000
CLOUD_ONLY_seed2,CLOUD_ONLY,2,cloud,175.000,0.040161
CLOUD_ONLY_seed2,CLOUD_ONLY,2,proxy,175.000,0.000000
CLOUD_ONLY_seed2,CLOUD_ONLY,2,fog-1,175.000,0.000000
CLOUD_ONLY_seed2,CLOUD_ONLY,2,fog-2,175.000,0.000000
CLOUD_ONLY_seed2,CLOUD_ONLY,2,fog-3,175.000,0.000000
CLOUD_ONLY_seed2,CLOUD_ONLY,2,cloud,200.000,0.000000
CLOUD_ONLY_seed2,CLOUD_ONLY,2,proxy,200.000,0.000000
CLOUD_ONLY_seed2,CLOUD_ONLY,2,fog-1,200.000,0.000000
CLOUD_ONLY_seed2,CLOUD_ONLY,2,fog-2,200.000,0.000000
CLOUD_ONLY_seed2,CLOUD_ONLY,2,fog-3,200.000,0.000000
CLOUD_ONLY_seed2,CLOUD_ONLY,2,cloud,225.000,0.000000
CLOUD_ONLY_seed2,CLOUD_ONLY,2,proxy,225.000,0.000000
CLOUD_ONLY_seed2,CLOUD_ONLY,2,fog-1,225.000,0.000000
CLOUD_ONLY_seed2,CLOUD_ONLY,2,fog-2,225.000,0.000000
CLOUD_ONLY_seed2,CLOUD_ONLY,2,fog-3,225.000,0.000000
CLOUD_ONLY_seed2,CLOUD_ONLY,2,cloud,250.000,0.000000
CLOUD_ONLY_seed2,CLOUD_ONLY,2,proxy,250.000,0.000000
CLOUD_ONLY_seed2,CLOUD_ONLY,2,fog-1,250.000,0.000000
CLOUD_ONLY_seed2,CLOUD_ONLY,2,fog-2,250.000,0.000000
CLOUD_ONLY_seed2,CLOUD_ONLY,2,fog-3,250.000,0.000000
CLOUD_ONLY_seed2,CLOUD_ONLY,2,cloud,275.000,0.000000
CLOUD_ONLY_seed2,CLOUD_ONLY,2,proxy,275.000,0.000000
CLOUD_ONLY_seed2,CLOUD_ONLY,2,fog-1,275.000,0.000000
CLOUD_ONLY_seed2,CLOUD_ONLY,2,fog-2,275.000,0.000000
CLOUD_ONLY_seed2,CLOUD_ONLY,2,fog-3,275.000,0.000000
CLOUD_ONLY_seed2,CLOUD_ONLY,2,cloud,300.000,0.000000
CLOUD_ONLY_seed2,CLOUD_ONLY,2,proxy,300.000,0.000000
CLOUD_ONLY_seed2,CLOUD_ONLY,2,fog-1,300.000,0.000000
CLOUD_ONLY_seed2,CLOUD_ONLY,2,fog-2,300.000,0.000000
CLOUD_ONLY_seed2,CLOUD_ONLY,2,fog-3,300.000,0.000000
CLOUD_ONLY_seed2,CLOUD_ONLY,2,cloud,325.000,0.000000
CLOUD_ONLY_seed2,CLOUD_ONLY,2,proxy,325.000,0.000000
CLOUD_ONLY_seed2,CLOUD_ONLY,2,fog-1,325.000,0.000000
CLOUD_ONLY_seed2,CLOUD_ONLY,2,fog-2,325.000,0.000000
CLOUD_ONLY_seed2,CLOUD_ONLY,2,fog-3,325.000,0.000000
CLOUD_ONLY_seed2,CLOUD_ONLY,2,cloud,350.000,0.000000
CLOUD_ONLY_seed2,CLOUD_ONLY,2,proxy,350.000,0.000000
CLOUD_ONLY_seed2,CLOUD_ONLY,2,fog-1,350.000,0.000000
CLOUD_ONLY_seed2,CLOUD_ONLY,2,fog-2,350.000,0.000000
CLOUD_ONLY_seed2,CLOUD_ONLY,2,fog-3,350.000,0.000000
CLOUD_ONLY_seed2,CLOUD_ONLY,2,cloud,375.000,0.000000
CLOUD_ONLY_seed2,CLOUD_ONLY,2,proxy,375.000,0.000000
CLOUD_ONLY_seed2,CLOUD_ONLY,2,fog-1,375.000,0.000000
CLOUD_ONLY_seed2,CLOUD_ONLY,2,fog-2,375.000,0.000000
CLOUD_ONLY_seed2,CLOUD_ONLY,2,fog-3,375.000,0.000000
CLOUD_ONLY_seed2,CLOUD_ONLY,2,cloud,400.000,0.000000
CLOUD_ONLY_seed2,CLOUD_ONLY,2,proxy,400.000,0.000000
CLOUD_ONLY_seed2,CLOUD_ONLY,2,fog-1,400.000,0.000000
CLOUD_ONLY_seed2,CLOUD_ONLY,2,fog-2,400.000,0.000000
CLOUD_ONLY_seed2,CLOUD_ONLY,2,fog-3,400.000,0.000000
CLOUD_ONLY_seed2,CLOUD_ONLY,2,cloud,425.000,0.000000
CLOUD_ONLY_seed2,CLOUD_ONLY,2,proxy,425.000,0.000000
CLOUD_ONLY_seed2,CLOUD_ONLY,2,fog-1,425.000,0.000000
CLOUD_ONLY_seed2,CLOUD_ONLY,2,fog-2,425.000,0.000000
CLOUD_ONLY_seed2,CLOUD_ONLY,2,fog-3,425.000,0.000000
CLOUD_ONLY_seed2,CLOUD_ONLY,2,cloud,450.000,0.000000
CLOUD_ONLY_seed2,CLOUD_ONLY,2,proxy,450.000,0.000000
CLOUD_ONLY_seed2,CLOUD_ONLY,2,fog-1,450.000,0.000000
CLOUD_ONLY_seed2,CLOUD_ONLY,2,fog-2,450.000,0.000000
CLOUD_ONLY_seed2,CLOUD_ONLY,2,fog-3,450.000,0.000000
CLOUD_ONLY_seed2,CLOUD_ONLY,2,cloud,475.000,0.000000
CLOUD_ONLY_seed2,CLOUD_ONLY,2,proxy,475.000,0.000000
CLOUD_ONLY_seed2,CLOUD_ONLY,2,fog-1,475.000,0.000000
CLOUD_ONLY_seed2,CLOUD_ONLY,2,fog-2,475.000,0.000000
CLOUD_ONLY_seed2,CLOUD_ONLY,2,fog-3,475.000,0.000000
CLOUD_ONLY_seed2,CLOUD_ONLY,2,cloud,500.000,0.000000
CLOUD_ONLY_seed2,CLOUD_ONLY,2,proxy,500.000,0.000000
CLOUD_ONLY_seed2,CLOUD_ONLY,2,fog-1,500.000,0.000000
CLOUD_ONLY_seed2,CLOUD_ONLY,2,fog-2,500.000,0.000000
CLOUD_ONLY_seed2,CLOUD_ONLY,2,fog-3,500.000,0.000000
CLOUD_ONLY_seed2,CLOUD_ONLY,2,cloud,525.000,0.000000
CLOUD_ONLY_seed2,CLOUD_ONLY,2,proxy,525.000,0.000000
CLOUD_ONLY_seed2,CLOUD_ONLY,2,fog-1,525.000,0.000000
CLOUD_ONLY_seed2,CLOUD_ONLY,2,fog-2,525.000,0.000000
CLOUD_ONLY_seed2,CLOUD_ONLY,2,fog-3,525.000,0.000000
CLOUD_ONLY_seed2,CLOUD_ONLY,2,cloud,550.000,0.000000
CLOUD_ONLY_seed2,CLOUD_ONLY,2,proxy,550.000,0.000000
CLOUD_ONLY_seed2,CLOUD_ONLY,2,fog-1,550.000,0.000000
CLOUD_ONLY_seed2,CLOUD_ONLY,2,fog-2,550.000,0.000000
CLOUD_ONLY_seed2,CLOUD_ONLY,2,fog-3,550.000,0.000000
CLOUD_ONLY_seed2,CLOUD_ONLY,2,cloud,575.000,0.000000
CLOUD_ONLY_seed2,CLOUD_ONLY,2,proxy,575.000,0.000000
CLOUD_ONLY_seed2,CLOUD_ONLY,2,fog-1,575.000,0.000000
CLOUD_ONLY_seed2,CLOUD_ONLY,2,fog-2,575.000,0.000000
CLOUD_ONLY_seed2,CLOUD_ONLY,2,fog-3,575.000,0.000000
CLOUD_ONLY_seed2,CLOUD_ONLY,2,cloud,600.000,0.000000
CLOUD_ONLY_seed2,CLOUD_ONLY,2,proxy,600.000,0.000000
CLOUD_ONLY_seed2,CLOUD_ONLY,2,fog-1,600.000,0.000000
CLOUD_ONLY_seed2,CLOUD_ONLY,2,fog-2,600.000,0.000000
CLOUD_ONLY_seed2,CLOUD_ONLY,2,fog-3,600.000,0.000000
CLOUD_ONLY_seed2,CLOUD_ONLY,2,cloud,625.000,0.040000
CLOUD_ONLY_seed2,CLOUD_ONLY,2,proxy,625.000,0.000000
CLOUD_ONLY_seed2,CLOUD_ONLY,2,fog-1,625.000,0.000000
CLOUD_ONLY_seed2,CLOUD_ONLY,2,fog-2,625.000,0.000000
CLOUD_ONLY_seed2,CLOUD_ONLY,2,fog-3,625.000,0.000000
CLOUD_ONLY_seed2,CLOUD_ONLY,2,cloud,650.000,0.000000
CLOUD_ONLY_seed2,CLOUD_ONLY,2,proxy,650.000,0.000000
CLOUD_ONLY_seed2,CLOUD_ONLY,2,fog-1,650.000,0.000000
CLOUD_ONLY_seed2,CLOUD_ONLY,2,fog-2,650.000,0.000000
CLOUD_ONLY_seed2,CLOUD_ONLY,2,fog-3,650.000,0.000000
CLOUD_ONLY_seed2,CLOUD_ONLY,2,cloud,675.000,0.040000
CLOUD_ONLY_seed2,CLOUD_ONLY,2,proxy,675.000,0.000000
CLOUD_ONLY_seed2,CLOUD_ONLY,2,fog-1,675.000,0.000000
CLOUD_ONLY_seed2,CLOUD_ONLY,2,fog-2,675.000,0.000000
CLOUD_ONLY_seed2,CLOUD_ONLY,2,fog-3,675.000,0.000000
CLOUD_ONLY_seed2,CLOUD_ONLY,2,cloud,700.000,0.000000
CLOUD_ONLY_seed2,CLOUD_ONLY,2,proxy,700.000,0.000000
CLOUD_ONLY_seed2,CLOUD_ONLY,2,fog-1,700.000,0.000000
CLOUD_ONLY_seed2,CLOUD_ONLY,2,fog-2,700.000,0.000000
CLOUD_ONLY_seed2,CLOUD_ONLY,2,fog-3,700.000,0.000000
CLOUD_ONLY_seed2,CLOUD_ONLY,2,cloud,725.000,0.040000
CLOUD_ONLY_seed2,CLOUD_ONLY,2,proxy,725.000,0.000000
CLOUD_ONLY_seed2,CLOUD_ONLY,2,fog-1,725.000,0.000000
CLOUD_ONLY_seed2,CLOUD_ONLY,2,fog-2,725.000,0.000000
CLOUD_ONLY_seed2,CLOUD_ONLY,2,fog-3,725.000,0.000000
CLOUD_ONLY_seed2,CLOUD_ONLY,2,cloud,750.000,0.000000
CLOUD_ONLY_seed2,CLOUD_ONLY,2,proxy,750.000,0.000000
CLOUD_ONLY_seed2,CLOUD_ONLY,2,fog-1,750.000,0.000000
CLOUD_ONLY_seed2,CLOUD_ONLY,2,fog-2,750.000,0.000000
CLOUD_ONLY_seed2,CLOUD_ONLY,2,fog-3,750.000,0.000000
CLOUD_ONLY_seed2,CLOUD_ONLY,2,cloud,775.000,0.040000
CLOUD_ONLY_seed2,CLOUD_ONLY,2,proxy,775.000,0.000000
CLOUD_ONLY_seed2,CLOUD_ONLY,2,fog-1,775.000,0.000000
CLOUD_ONLY_seed2,CLOUD_ONLY,2,fog-2,775.000,0.000000
CLOUD_ONLY_seed2,CLOUD_ONLY,2,fog-3,775.000,0.000000
CLOUD_ONLY_seed2,CLOUD_ONLY,2,cloud,800.000,0.000000
CLOUD_ONLY_seed2,CLOUD_ONLY,2,proxy,800.000,0.000000
CLOUD_ONLY_seed2,CLOUD_ONLY,2,fog-1,800.000,0.000000
CLOUD_ONLY_seed2,CLOUD_ONLY,2,fog-2,800.000,0.000000
CLOUD_ONLY_seed2,CLOUD_ONLY,2,fog-3,800.000,0.000000
CLOUD_ONLY_seed2,CLOUD_ONLY,2,cloud,825.000,0.040000
CLOUD_ONLY_seed2,CLOUD_ONLY,2,proxy,825.000,0.000000
CLOUD_ONLY_seed2,CLOUD_ONLY,2,fog-1,825.000,0.000000
CLOUD_ONLY_seed2,CLOUD_ONLY,2,fog-2,825.000,0.000000
CLOUD_ONLY_seed2,CLOUD_ONLY,2,fog-3,825.000,0.000000
CLOUD_ONLY_seed2,CLOUD_ONLY,2,cloud,850.000,0.000000
CLOUD_ONLY_seed2,CLOUD_ONLY,2,proxy,850.000,0.000000
CLOUD_ONLY_seed2,CLOUD_ONLY,2,fog-1,850.000,0.000000
CLOUD_ONLY_seed2,CLOUD_ONLY,2,fog-2,850.000,0.000000
CLOUD_ONLY_seed2,CLOUD_ONLY,2,fog-3,850.000,0.000000
CLOUD_ONLY_seed2,CLOUD_ONLY,2,cloud,875.000,0.040000
CLOUD_ONLY_seed2,CLOUD_ONLY,2,proxy,875.000,0.000000
CLOUD_ONLY_seed2,CLOUD_ONLY,2,fog-1,875.000,0.000000
CLOUD_ONLY_seed2,CLOUD_ONLY,2,fog-2,875.000,0.000000
CLOUD_ONLY_seed2,CLOUD_ONLY,2,fog-3,875.000,0.000000
CLOUD_ONLY_seed2,CLOUD_ONLY,2,cloud,900.000,0.000000
CLOUD_ONLY_seed2,CLOUD_ONLY,2,proxy,900.000,0.000000
CLOUD_ONLY_seed2,CLOUD_ONLY,2,fog-1,900.000,0.000000
CLOUD_ONLY_seed2,CLOUD_ONLY,2,fog-2,900.000,0.000000
CLOUD_ONLY_seed2,CLOUD_ONLY,2,fog-3,900.000,0.000000
CLOUD_ONLY_seed2,CLOUD_ONLY,2,cloud,925.000,0.040000
CLOUD_ONLY_seed2,CLOUD_ONLY,2,proxy,925.000,0.000000
CLOUD_ONLY_seed2,CLOUD_ONLY,2,fog-1,925.000,0.000000
CLOUD_ONLY_seed2,CLOUD_ONLY,2,fog-2,925.000,0.000000
CLOUD_ONLY_seed2,CLOUD_ONLY,2,fog-3,925.000,0.000000
CLOUD_ONLY_seed2,CLOUD_ONLY,2,cloud,950.000,0.000000
CLOUD_ONLY_seed2,CLOUD_ONLY,2,proxy,950.000,0.000000
CLOUD_ONLY_seed2,CLOUD_ONLY,2,fog-1,950.000,0.000000
CLOUD_ONLY_seed2,CLOUD_ONLY,2,fog-2,950.000,0.000000
CLOUD_ONLY_seed2,CLOUD_ONLY,2,fog-3,950.000,0.000000
CLOUD_ONLY_seed2,CLOUD_ONLY,2,cloud,975.000,0.040000
CLOUD_ONLY_seed2,CLOUD_ONLY,2,proxy,975.000,0.000000
CLOUD_ONLY_seed2,CLOUD_ONLY,2,fog-1,975.000,0.000000
CLOUD_ONLY_seed2,CLOUD_ONLY,2,fog-2,975.000,0.000000
CLOUD_ONLY_seed2,CLOUD_ONLY,2,fog-3,975.000,0.000000
CLOUD_ONLY_seed2,CLOUD_ONLY,2,cloud,1000.000,0.000000
CLOUD_ONLY_seed2,CLOUD_ONLY,2,proxy,1000.000,0.000000
CLOUD_ONLY_seed2,CLOUD_ONLY,2,fog-1,1000.000,0.000000
CLOUD_ONLY_seed2,CLOUD_ONLY,2,fog-2,1000.000,0.000000
CLOUD_ONLY_seed2,CLOUD_ONLY,2,fog-3,1000.000,0.000000
CLOUD_ONLY_seed2,CLOUD_ONLY,2,cloud,1025.000,0.040000
CLOUD_ONLY_seed2,CLOUD_ONLY,2,proxy,1025.000,0.000000
CLOUD_ONLY_seed2,CLOUD_ONLY,2,fog-1,1025.000,0.000000
CLOUD_ONLY_seed2,CLOUD_ONLY,2,fog-2,1025.000,0.000000
CLOUD_ONLY_seed2,CLOUD_ONLY,2,fog-3,1025.000,0.000000
CLOUD_ONLY_seed2,CLOUD_ONLY,2,cloud,1050.000,0.000000
CLOUD_ONLY_seed2,CLOUD_ONLY,2,proxy,1050.000,0.000000
CLOUD_ONLY_seed2,CLOUD_ONLY,2,fog-1,1050.000,0.000000
CLOUD_ONLY_seed2,CLOUD_ONLY,2,fog-2,1050.000,0.000000
CLOUD_ONLY_seed2,CLOUD_ONLY,2,fog-3,1050.000,0.000000
CLOUD_ONLY_seed2,CLOUD_ONLY,2,cloud,1075.000,0.040000
CLOUD_ONLY_seed2,CLOUD_ONLY,2,proxy,1075.000,0.000000
CLOUD_ONLY_seed2,CLOUD_ONLY,2,fog-1,1075.000,0.000000
CLOUD_ONLY_seed2,CLOUD_ONLY,2,fog-2,1075.000,0.000000
CLOUD_ONLY_seed2,CLOUD_ONLY,2,fog-3,1075.000,0.000000
CLOUD_ONLY_seed2,CLOUD_ONLY,2,cloud,1100.000,0.000000
CLOUD_ONLY_seed2,CLOUD_ONLY,2,proxy,1100.000,0.000000
CLOUD_ONLY_seed2,CLOUD_ONLY,2,fog-1,1100.000,0.000000
CLOUD_ONLY_seed2,CLOUD_ONLY,2,fog-2,1100.000,0.000000
CLOUD_ONLY_seed2,CLOUD_ONLY,2,fog-3,1100.000,0.000000
CLOUD_ONLY_seed2,CLOUD_ONLY,2,cloud,1125.000,0.040000
CLOUD_ONLY_seed2,CLOUD_ONLY,2,proxy,1125.000,0.000000
CLOUD_ONLY_seed2,CLOUD_ONLY,2,fog-1,1125.000,0.000000
CLOUD_ONLY_seed2,CLOUD_ONLY,2,fog-2,1125.000,0.000000
CLOUD_ONLY_seed2,CLOUD_ONLY,2,fog-3,1125.000,0.000000
CLOUD_ONLY_seed2,CLOUD_ONLY,2,cloud,1150.000,0.000000
CLOUD_ONLY_seed2,CLOUD_ONLY,2,proxy,1150.000,0.000000
CLOUD_ONLY_seed2,CLOUD_ONLY,2,fog-1,1150.000,0.000000
CLOUD_ONLY_seed2,CLOUD_ONLY,2,fog-2,1150.000,0.000000
CLOUD_ONLY_seed2,CLOUD_ONLY,2,fog-3,1150.000,0.000000
CLOUD_ONLY_seed2,CLOUD_ONLY,2,cloud,1175.000,0.040000
CLOUD_ONLY_seed2,CLOUD_ONLY,2,proxy,1175.000,0.000000
CLOUD_ONLY_seed2,CLOUD_ONLY,2,fog-1,1175.000,0.000000
CLOUD_ONLY_seed2,CLOUD_ONLY,2,fog-2,1175.000,0.000000
CLOUD_ONLY_seed2,CLOUD_ONLY,2,fog-3,1175.000,0.000000
CLOUD_ONLY_seed2,CLOUD_ONLY,2,cloud,1200.000,0.000000
CLOUD_ONLY_seed2,CLOUD_ONLY,2,proxy,1200.000,0.000000
CLOUD_ONLY_seed2,CLOUD_ONLY,2,fog-1,1200.000,0.000000
CLOUD_ONLY_seed2,CLOUD_ONLY,2,fog-2,1200.000,0.000000
CLOUD_ONLY_seed2,CLOUD_ONLY,2,fog-3,1200.000,0.000000
CLOUD_ONLY_seed2,CLOUD_ONLY,2,cloud,1225.000,0.040000
CLOUD_ONLY_seed2,CLOUD_ONLY,2,proxy,1225.000,0.000000
CLOUD_ONLY_seed2,CLOUD_ONLY,2,fog-1,1225.000,0.000000
CLOUD_ONLY_seed2,CLOUD_ONLY,2,fog-2,1225.000,0.000000
CLOUD_ONLY_seed2,CLOUD_ONLY,2,fog-3,1225.000,0.000000
CLOUD_ONLY_seed2,CLOUD_ONLY,2,cloud,1250.000,0.000000
CLOUD_ONLY_seed2,CLOUD_ONLY,2,proxy,1250.000,0.000000
CLOUD_ONLY_seed2,CLOUD_ONLY,2,fog-1,1250.000,0.000000
CLOUD_ONLY_seed2,CLOUD_ONLY,2,fog-2,1250.000,0.000000
CLOUD_ONLY_seed2,CLOUD_ONLY,2,fog-3,1250.000,0.000000
CLOUD_ONLY_seed2,CLOUD_ONLY,2,cloud,1275.000,0.040000
CLOUD_ONLY_seed2,CLOUD_ONLY,2,proxy,1275.000,0.000000
CLOUD_ONLY_seed2,CLOUD_ONLY,2,fog-1,1275.000,0.000000
CLOUD_ONLY_seed2,CLOUD_ONLY,2,fog-2,1275.000,0.000000
CLOUD_ONLY_seed2,CLOUD_ONLY,2,fog-3,1275.000,0.000000
CLOUD_ONLY_seed2,CLOUD_ONLY,2,cloud,1300.000,0.000000
CLOUD_ONLY_seed2,CLOUD_ONLY,2,proxy,1300.000,0.000000
CLOUD_ONLY_seed2,CLOUD_ONLY,2,fog-1,1300.000,0.000000
CLOUD_ONLY_seed2,CLOUD_ONLY,2,fog-2,1300.000,0.000000
CLOUD_ONLY_seed2,CLOUD_ONLY,2,fog-3,1300.000,0.000000
CLOUD_ONLY_seed2,CLOUD_ONLY,2,cloud,1325.000,0.040000
CLOUD_ONLY_seed2,CLOUD_ONLY,2,proxy,1325.000,0.000000
CLOUD_ONLY_seed2,CLOUD_ONLY,2,fog-1,1325.000,0.000000
CLOUD_ONLY_seed2,CLOUD_ONLY,2,fog-2,1325.000,0.000000
CLOUD_ONLY_seed2,CLOUD_ONLY,2,fog-3,1325.000,0.000000
CLOUD_ONLY_seed2,CLOUD_ONLY,2,cloud,1350.000,0.000000
CLOUD_ONLY_seed2,CLOUD_ONLY,2,proxy,1350.000,0.000000
CLOUD_ONLY_seed2,CLOUD_ONLY,2,fog-1,1350.000,0.000000
CLOUD_ONLY_seed2,CLOUD_ONLY,2,fog-2,1350.000,0.000000
CLOUD_ONLY_seed2,CLOUD_ONLY,2,fog-3,1350.000,0.000000
CLOUD_ONLY_seed2,CLOUD_ONLY,2,cloud,1375.000,0.040000
CLOUD_ONLY_seed2,CLOUD_ONLY,2,proxy,1375.000,0.000000
CLOUD_ONLY_seed2,CLOUD_ONLY,2,fog-1,1375.000,0.000000
CLOUD_ONLY_seed2,CLOUD_ONLY,2,fog-2,1375.000,0.000000
CLOUD_ONLY_seed2,CLOUD_ONLY,2,fog-3,1375.000,0.000000
CLOUD_ONLY_seed2,CLOUD_ONLY,2,cloud,1400.000,0.000000
CLOUD_ONLY_seed2,CLOUD_ONLY,2,proxy,1400.000,0.000000
CLOUD_ONLY_seed2,CLOUD_ONLY,2,fog-1,1400.000,0.000000
CLOUD_ONLY_seed2,CLOUD_ONLY,2,fog-2,1400.000,0.000000
CLOUD_ONLY_seed2,CLOUD_ONLY,2,fog-3,1400.000,0.000000
CLOUD_ONLY_seed2,CLOUD_ONLY,2,cloud,1425.000,0.040000
CLOUD_ONLY_seed2,CLOUD_ONLY,2,proxy,1425.000,0.000000
CLOUD_ONLY_seed2,CLOUD_ONLY,2,fog-1,1425.000,0.000000
CLOUD_ONLY_seed2,CLOUD_ONLY,2,fog-2,1425.000,0.000000
CLOUD_ONLY_seed2,CLOUD_ONLY,2,fog-3,1425.000,0.000000
CLOUD_ONLY_seed2,CLOUD_ONLY,2,cloud,1450.000,0.000000
CLOUD_ONLY_seed2,CLOUD_ONLY,2,proxy,1450.000,0.000000
CLOUD_ONLY_seed2,CLOUD_ONLY,2,fog-1,1450.000,0.000000
CLOUD_ONLY_seed2,CLOUD_ONLY,2,fog-2,1450.000,0.000000
CLOUD_ONLY_seed2,CLOUD_ONLY,2,fog-3,1450.000,0.000000
CLOUD_ONLY_seed2,CLOUD_ONLY,2,cloud,1475.000,0.040000
CLOUD_ONLY_seed2,CLOUD_ONLY,2,proxy,1475.000,0.000000
CLOUD_ONLY_seed2,CLOUD_ONLY,2,fog-1,1475.000,0.000000
CLOUD_ONLY_seed2,CLOUD_ONLY,2,fog-2,1475.000,0.000000
CLOUD_ONLY_seed2,CLOUD_ONLY,2,fog-3,1475.000,0.000000
CLOUD_ONLY_seed2,CLOUD_ONLY,2,cloud,1500.000,0.000000
CLOUD_ONLY_seed2,CLOUD_ONLY,2,proxy,1500.000,0.000000
CLOUD_ONLY_seed2,CLOUD_ONLY,2,fog-1,1500.000,0.000000
CLOUD_ONLY_seed2,CLOUD_ONLY,2,fog-2,1500.000,0.000000
CLOUD_ONLY_seed2,CLOUD_ONLY,2,fog-3,1500.000,0.000000
CLOUD_ONLY_seed2,CLOUD_ONLY,2,cloud,1525.000,0.040000
CLOUD_ONLY_seed2,CLOUD_ONLY,2,proxy,1525.000,0.000000
CLOUD_ONLY_seed2,CLOUD_ONLY,2,fog-1,1525.000,0.000000
CLOUD_ONLY_seed2,CLOUD_ONLY,2,fog-2,1525.000,0.000000
CLOUD_ONLY_seed2,CLOUD_ONLY,2,fog-3,1525.000,0.000000
CLOUD_ONLY_seed2,CLOUD_ONLY,2,cloud,1550.000,0.000000
CLOUD_ONLY_seed2,CLOUD_ONLY,2,proxy,1550.000,0.000000
CLOUD_ONLY_seed2,CLOUD_ONLY,2,fog-1,1550.000,0.000000
CLOUD_ONLY_seed2,CLOUD_ONLY,2,fog-2,1550.000,0.000000
CLOUD_ONLY_seed2,CLOUD_ONLY,2,fog-3,1550.000,0.000000
CLOUD_ONLY_seed2,CLOUD_ONLY,2,cloud,1575.000,0.040000
CLOUD_ONLY_seed2,CLOUD_ONLY,2,proxy,1575.000,0.000000
CLOUD_ONLY_seed2,CLOUD_ONLY,2,fog-1,1575.000,0.000000
CLOUD_ONLY_seed2,CLOUD_ONLY,2,fog-2,1575.000,0.000000
CLOUD_ONLY_seed2,CLOUD_ONLY,2,fog-3,1575.000,0.000000
CLOUD_ONLY_seed2,CLOUD_ONLY,2,cloud,1600.000,0.000000
CLOUD_ONLY_seed2,CLOUD_ONLY,2,proxy,1600.000,0.000000
CLOUD_ONLY_seed2,CLOUD_ONLY,2,fog-1,1600.000,0.000000
CLOUD_ONLY_seed2,CLOUD_ONLY,2,fog-2,1600.000,0.000000
CLOUD_ONLY_seed2,CLOUD_ONLY,2,fog-3,1600.000,0.000000
CLOUD_ONLY_seed2,CLOUD_ONLY,2,cloud,1625.000,0.040000
CLOUD_ONLY_seed2,CLOUD_ONLY,2,proxy,1625.000,0.000000
CLOUD_ONLY_seed2,CLOUD_ONLY,2,fog-1,1625.000,0.000000
CLOUD_ONLY_seed2,CLOUD_ONLY,2,fog-2,1625.000,0.000000
CLOUD_ONLY_seed2,CLOUD_ONLY,2,fog-3,1625.000,0.000000
CLOUD_ONLY_seed2,CLOUD_ONLY,2,cloud,1650.000,0.000000
CLOUD_ONLY_seed2,CLOUD_ONLY,2,proxy,1650.000,0.000000
CLOUD_ONLY_seed2,CLOUD_ONLY,2,fog-1,1650.000,0.000000
CLOUD_ONLY_seed2,CLOUD_ONLY,2,fog-2,1650.000,0.000000
CLOUD_ONLY_seed2,CLOUD_ONLY,2,fog-3,1650.000,0.000000
CLOUD_ONLY_seed2,CLOUD_ONLY,2,cloud,1675.000,0.040000
CLOUD_ONLY_seed2,CLOUD_ONLY,2,proxy,1675.000,0.000000
CLOUD_ONLY_seed2,CLOUD_ONLY,2,fog-1,1675.000,0.000000
CLOUD_ONLY_seed2,CLOUD_ONLY,2,fog-2,1675.000,0.000000
CLOUD_ONLY_seed2,CLOUD_ONLY,2,fog-3,1675.000,0.000000
CLOUD_ONLY_seed2,CLOUD_ONLY,2,cloud,1700.000,0.000000
CLOUD_ONLY_seed2,CLOUD_ONLY,2,proxy,1700.000,0.000000
CLOUD_ONLY_seed2,CLOUD_ONLY,2,fog-1,1700.000,0.000000
CLOUD_ONLY_seed2,CLOUD_ONLY,2,fog-2,1700.000,0.000000
CLOUD_ONLY_seed2,CLOUD_ONLY,2,fog-3,1700.000,0.000000
CLOUD_ONLY_seed2,CLOUD_ONLY,2,cloud,1725.000,0.040000
CLOUD_ONLY_seed2,CLOUD_ONLY,2,proxy,1725.000,0.000000
CLOUD_ONLY_seed2,CLOUD_ONLY,2,fog-1,1725.000,0.000000
CLOUD_ONLY_seed2,CLOUD_ONLY,2,fog-2,1725.000,0.000000
CLOUD_ONLY_seed2,CLOUD_ONLY,2,fog-3,1725.000,0.000000
CLOUD_ONLY_seed2,CLOUD_ONLY,2,cloud,1750.000,0.000000
CLOUD_ONLY_seed2,CLOUD_ONLY,2,proxy,1750.000,0.000000
CLOUD_ONLY_seed2,CLOUD_ONLY,2,fog-1,1750.000,0.000000
CLOUD_ONLY_seed2,CLOUD_ONLY,2,fog-2,1750.000,0.000000
CLOUD_ONLY_seed2,CLOUD_ONLY,2,fog-3,1750.000,0.000000
CLOUD_ONLY_seed2,CLOUD_ONLY,2,cloud,1775.000,0.040000
CLOUD_ONLY_seed2,CLOUD_ONLY,2,proxy,1775.000,0.000000
CLOUD_ONLY_seed2,CLOUD_ONLY,2,fog-1,1775.000,0.000000
CLOUD_ONLY_seed2,CLOUD_ONLY,2,fog-2,1775.000,0.000000
CLOUD_ONLY_seed2,CLOUD_ONLY,2,fog-3,1775.000,0.000000
CLOUD_ONLY_seed2,CLOUD_ONLY,2,cloud,1800.000,0.000000
CLOUD_ONLY_seed2,CLOUD_ONLY,2,proxy,1800.000,0.000000
CLOUD_ONLY_seed2,CLOUD_ONLY,2,fog-1,1800.000,0.000000
CLOUD_ONLY_seed2,CLOUD_ONLY,2,fog-2,1800.000,0.000000
CLOUD_ONLY_seed2,CLOUD_ONLY,2,fog-3,1800.000,0.000000
CLOUD_ONLY_seed2,CLOUD_ONLY,2,cloud,1825.000,0.040000
CLOUD_ONLY_seed2,CLOUD_ONLY,2,proxy,1825.000,0.000000
CLOUD_ONLY_seed2,CLOUD_ONLY,2,fog-1,1825.000,0.000000
CLOUD_ONLY_seed2,CLOUD_ONLY,2,fog-2,1825.000,0.000000
CLOUD_ONLY_seed2,CLOUD_ONLY,2,fog-3,1825.000,0.000000
CLOUD_ONLY_seed2,CLOUD_ONLY,2,cloud,1850.000,0.000000
CLOUD_ONLY_seed2,CLOUD_ONLY,2,proxy,1850.000,0.000000
CLOUD_ONLY_seed2,CLOUD_ONLY,2,fog-1,1850.000,0.000000
CLOUD_ONLY_seed2,CLOUD_ONLY,2,fog-2,1850.000,0.000000
CLOUD_ONLY_seed2,CLOUD_ONLY,2,fog-3,1850.000,0.000000
CLOUD_ONLY_seed2,CLOUD_ONLY,2,cloud,1875.000,0.040000
CLOUD_ONLY_seed2,CLOUD_ONLY,2,proxy,1875.000,0.000000
CLOUD_ONLY_seed2,CLOUD_ONLY,2,fog-1,1875.000,0.000000
CLOUD_ONLY_seed2,CLOUD_ONLY,2,fog-2,1875.000,0.000000
CLOUD_ONLY_seed2,CLOUD_ONLY,2,fog-3,1875.000,0.000000
CLOUD_ONLY_seed2,CLOUD_ONLY,2,cloud,1900.000,0.000000
CLOUD_ONLY_seed2,CLOUD_ONLY,2,proxy,1900.000,0.000000
CLOUD_ONLY_seed2,CLOUD_ONLY,2,fog-1,1900.000,0.000000
CLOUD_ONLY_seed2,CLOUD_ONLY,2,fog-2,1900.000,0.000000
CLOUD_ONLY_seed2,CLOUD_ONLY,2,fog-3,1900.000,0.000000
CLOUD_ONLY_seed2,CLOUD_ONLY,2,cloud,1925.000,0.040000
CLOUD_ONLY_seed2,CLOUD_ONLY,2,proxy,1925.000,0.000000
CLOUD_ONLY_seed2,CLOUD_ONLY,2,fog-1,1925.000,0.000000
CLOUD_ONLY_seed2,CLOUD_ONLY,2,fog-2,1925.000,0.000000
CLOUD_ONLY_seed2,CLOUD_ONLY,2,fog-3,1925.000,0.000000
CLOUD_ONLY_seed2,CLOUD_ONLY,2,cloud,1950.000,0.000000
CLOUD_ONLY_seed2,CLOUD_ONLY,2,proxy,1950.000,0.000000
CLOUD_ONLY_seed2,CLOUD_ONLY,2,fog-1,1950.000,0.000000
CLOUD_ONLY_seed2,CLOUD_ONLY,2,fog-2,1950.000,0.000000
CLOUD_ONLY_seed2,CLOUD_ONLY,2,fog-3,1950.000,0.000000
CLOUD_ONLY_seed2,CLOUD_ONLY,2,cloud,1975.000,0.040000
CLOUD_ONLY_seed2,CLOUD_ONLY,2,proxy,1975.000,0.000000
CLOUD_ONLY_seed2,CLOUD_ONLY,2,fog-1,1975.000,0.000000
CLOUD_ONLY_seed2,CLOUD_ONLY,2,fog-2,1975.000,0.000000
CLOUD_ONLY_seed2,CLOUD_ONLY,2,fog-3,1975.000,0.000000
CLOUD_ONLY_seed2,CLOUD_ONLY,2,cloud,2000.000,0.000000
CLOUD_ONLY_seed2,CLOUD_ONLY,2,proxy,2000.000,0.000000
CLOUD_ONLY_seed2,CLOUD_ONLY,2,fog-1,2000.000,0.000000
CLOUD_ONLY_seed2,CLOUD_ONLY,2,fog-2,2000.000,0.000000
CLOUD_ONLY_seed2,CLOUD_ONLY,2,fog-3,2000.000,0.000000
CLOUD_ONLY_seed2,CLOUD_ONLY,2,cloud,2025.000,0.040000
CLOUD_ONLY_seed2,CLOUD_ONLY,2,proxy,2025.000,0.000000
CLOUD_ONLY_seed2,CLOUD_ONLY,2,fog-1,2025.000,0.000000
CLOUD_ONLY_seed2,CLOUD_ONLY,2,fog-2,2025.000,0.000000
CLOUD_ONLY_seed2,CLOUD_ONLY,2,fog-3,2025.000,0.000000
CLOUD_ONLY_seed2,CLOUD_ONLY,2,cloud,2050.000,0.000000
CLOUD_ONLY_seed2,CLOUD_ONLY,2,proxy,2050.000,0.000000
CLOUD_ONLY_seed2,CLOUD_ONLY,2,fog-1,2050.000,0.000000
CLOUD_ONLY_seed2,CLOUD_ONLY,2,fog-2,2050.000,0.000000
CLOUD_ONLY_seed2,CLOUD_ONLY,2,fog-3,2050.000,0.000000
CLOUD_ONLY_seed2,CLOUD_ONLY,2,cloud,2075.000,0.040000
CLOUD_ONLY_seed2,CLOUD_ONLY,2,proxy,2075.000,0.000000
CLOUD_ONLY_seed2,CLOUD_ONLY,2,fog-1,2075.000,0.000000
CLOUD_ONLY_seed2,CLOUD_ONLY,2,fog-2,2075.000,0.000000
CLOUD_ONLY_seed2,CLOUD_ONLY,2,fog-3,2075.000,0.000000
CLOUD_ONLY_seed2,CLOUD_ONLY,2,cloud,2100.000,0.000000
CLOUD_ONLY_seed2,CLOUD_ONLY,2,proxy,2100.000,0.000000
CLOUD_ONLY_seed2,CLOUD_ONLY,2,fog-1,2100.000,0.000000
CLOUD_ONLY_seed2,CLOUD_ONLY,2,fog-2,2100.000,0.000000
CLOUD_ONLY_seed2,CLOUD_ONLY,2,fog-3,2100.000,0.000000
CLOUD_ONLY_seed2,CLOUD_ONLY,2,cloud,2125.000,0.000000
CLOUD_ONLY_seed2,CLOUD_ONLY,2,proxy,2125.000,0.000000
CLOUD_ONLY_seed2,CLOUD_ONLY,2,fog-1,2125.000,0.000000
CLOUD_ONLY_seed2,CLOUD_ONLY,2,fog-2,2125.000,0.000000
CLOUD_ONLY_seed2,CLOUD_ONLY,2,fog-3,2125.000,0.000000
CLOUD_ONLY_seed2,CLOUD_ONLY,2,cloud,2150.000,0.000000
CLOUD_ONLY_seed2,CLOUD_ONLY,2,proxy,2150.000,0.000000
CLOUD_ONLY_seed2,CLOUD_ONLY,2,fog-1,2150.000,0.000000
CLOUD_ONLY_seed2,CLOUD_ONLY,2,fog-2,2150.000,0.000000
CLOUD_ONLY_seed2,CLOUD_ONLY,2,fog-3,2150.000,0.000000
CLOUD_ONLY_seed2,CLOUD_ONLY,2,cloud,2175.000,0.000000
CLOUD_ONLY_seed2,CLOUD_ONLY,2,proxy,2175.000,0.000000
CLOUD_ONLY_seed2,CLOUD_ONLY,2,fog-1,2175.000,0.000000
CLOUD_ONLY_seed2,CLOUD_ONLY,2,fog-2,2175.000,0.000000
CLOUD_ONLY_seed2,CLOUD_ONLY,2,fog-3,2175.000,0.000000
CLOUD_ONLY_seed2,CLOUD_ONLY,2,cloud,2200.000,0.000000
CLOUD_ONLY_seed2,CLOUD_ONLY,2,proxy,2200.000,0.000000
CLOUD_ONLY_seed2,CLOUD_ONLY,2,fog-1,2200.000,0.000000
CLOUD_ONLY_seed2,CLOUD_ONLY,2,fog-2,2200.000,0.000000
CLOUD_ONLY_seed2,CLOUD_ONLY,2,fog-3,2200.000,0.000000
CLOUD_ONLY_seed2,CLOUD_ONLY,2,cloud,2225.000,0.000000
CLOUD_ONLY_seed2,CLOUD_ONLY,2,proxy,2225.000,0.000000
CLOUD_ONLY_seed2,CLOUD_ONLY,2,fog-1,2225.000,0.000000
CLOUD_ONLY_seed2,CLOUD_ONLY,2,fog-2,2225.000,0.000000
CLOUD_ONLY_seed2,CLOUD_ONLY,2,fog-3,2225.000,0.000000
CLOUD_ONLY_seed2,CLOUD_ONLY,2,cloud,2250.000,0.000000
CLOUD_ONLY_seed2,CLOUD_ONLY,2,proxy,2250.000,0.000000
CLOUD_ONLY_seed2,CLOUD_ONLY,2,fog-1,2250.000,0.000000
CLOUD_ONLY_seed2,CLOUD_ONLY,2,fog-2,2250.000,0.000000
CLOUD_ONLY_seed2,CLOUD_ONLY,2,fog-3,2250.000,0.000000
CLOUD_ONLY_seed2,CLOUD_ONLY,2,cloud,2275.000,0.000000
CLOUD_ONLY_seed2,CLOUD_ONLY,2,proxy,2275.000,0.000000
CLOUD_ONLY_seed2,CLOUD_ONLY,2,fog-1,2275.000,0.000000
CLOUD_ONLY_seed2,CLOUD_ONLY,2,fog-2,2275.000,0.000000
CLOUD_ONLY_seed2,CLOUD_ONLY,2,fog-3,2275.000,0.000000
CLOUD_ONLY_seed2,CLOUD_ONLY,2,cloud,2300.000,0.000000
CLOUD_ONLY_seed2,CLOUD_ONLY,2,proxy,2300.000,0.000000
CLOUD_ONLY_seed2,CLOUD_ONLY,2,fog-1,2300.000,0.000000
CLOUD_ONLY_seed2,CLOUD_ONLY,2,fog-2,2300.000,0.000000
CLOUD_ONLY_seed2,CLOUD_ONLY,2,fog-3,2300.000,0.000000
CLOUD_ONLY_seed2,CLOUD_ONLY,2,cloud,2325.000,0.000000
CLOUD_ONLY_seed2,CLOUD_ONLY,2,proxy,2325.000,0.000000
CLOUD_ONLY_seed2,CLOUD_ONLY,2,fog-1,2325.000,0.000000
CLOUD_ONLY_seed2,CLOUD_ONLY,2,fog-2,2325.000,0.000000
CLOUD_ONLY_seed2,CLOUD_ONLY,2,fog-3,2325.000,0.000000
CLOUD_ONLY_seed2,CLOUD_ONLY,2,cloud,2350.000,0.000000
CLOUD_ONLY_seed2,CLOUD_ONLY,2,proxy,2350.000,0.000000
CLOUD_ONLY_seed2,CLOUD_ONLY,2,fog-1,2350.000,0.000000
CLOUD_ONLY_seed2,CLOUD_ONLY,2,fog-2,2350.000,0.000000
CLOUD_ONLY_seed2,CLOUD_ONLY,2,fog-3,2350.000,0.000000
CLOUD_ONLY_seed2,CLOUD_ONLY,2,cloud,2375.000,0.000000
CLOUD_ONLY_seed2,CLOUD_ONLY,2,proxy,2375.000,0.000000
CLOUD_ONLY_seed2,CLOUD_ONLY,2,fog-1,2375.000,0.000000
CLOUD_ONLY_seed2,CLOUD_ONLY,2,fog-2,2375.000,0.000000
CLOUD_ONLY_seed2,CLOUD_ONLY,2,fog-3,2375.000,0.000000
CLOUD_ONLY_seed2,CLOUD_ONLY,2,cloud,2400.000,0.000000
CLOUD_ONLY_seed2,CLOUD_ONLY,2,proxy,2400.000,0.000000
CLOUD_ONLY_seed2,CLOUD_ONLY,2,fog-1,2400.000,0.000000
CLOUD_ONLY_seed2,CLOUD_ONLY,2,fog-2,2400.000,0.000000
CLOUD_ONLY_seed2,CLOUD_ONLY,2,fog-3,2400.000,0.000000
CLOUD_ONLY_seed2,CLOUD_ONLY,2,cloud,2425.000,0.000000
CLOUD_ONLY_seed2,CLOUD_ONLY,2,proxy,2425.000,0.000000
CLOUD_ONLY_seed2,CLOUD_ONLY,2,fog-1,2425.000,0.000000
CLOUD_ONLY_seed2,CLOUD_ONLY,2,fog-2,2425.000,0.000000
CLOUD_ONLY_seed2,CLOUD_ONLY,2,fog-3,2425.000,0.000000
CLOUD_ONLY_seed2,CLOUD_ONLY,2,cloud,2450.000,0.000000
CLOUD_ONLY_seed2,CLOUD_ONLY,2,proxy,2450.000,0.000000
CLOUD_ONLY_seed2,CLOUD_ONLY,2,fog-1,2450.000,0.000000
CLOUD_ONLY_seed2,CLOUD_ONLY,2,fog-2,2450.000,0.000000
CLOUD_ONLY_seed2,CLOUD_ONLY,2,fog-3,2450.000,0.000000
CLOUD_ONLY_seed2,CLOUD_ONLY,2,cloud,2475.000,0.000000
CLOUD_ONLY_seed2,CLOUD_ONLY,2,proxy,2475.000,0.000000
CLOUD_ONLY_seed2,CLOUD_ONLY,2,fog-1,2475.000,0.000000
CLOUD_ONLY_seed2,CLOUD_ONLY,2,fog-2,2475.000,0.000000
CLOUD_ONLY_seed2,CLOUD_ONLY,2,fog-3,2475.000,0.000000
CLOUD_ONLY_seed2,CLOUD_ONLY,2,cloud,2500.000,0.000000
CLOUD_ONLY_seed2,CLOUD_ONLY,2,proxy,2500.000,0.000000
CLOUD_ONLY_seed2,CLOUD_ONLY,2,fog-1,2500.000,0.000000
CLOUD_ONLY_seed2,CLOUD_ONLY,2,fog-2,2500.000,0.000000
CLOUD_ONLY_seed2,CLOUD_ONLY,2,fog-3,2500.000,0.000000
CLOUD_ONLY_seed2,CLOUD_ONLY,2,cloud,2525.000,0.000000
CLOUD_ONLY_seed2,CLOUD_ONLY,2,proxy,2525.000,0.000000
CLOUD_ONLY_seed2,CLOUD_ONLY,2,fog-1,2525.000,0.000000
CLOUD_ONLY_seed2,CLOUD_ONLY,2,fog-2,2525.000,0.000000
CLOUD_ONLY_seed2,CLOUD_ONLY,2,fog-3,2525.000,0.000000
CLOUD_ONLY_seed2,CLOUD_ONLY,2,cloud,2550.000,0.000000
CLOUD_ONLY_seed2,CLOUD_ONLY,2,proxy,2550.000,0.000000
CLOUD_ONLY_seed2,CLOUD_ONLY,2,fog-1,2550.000,0.000000
CLOUD_ONLY_seed2,CLOUD_ONLY,2,fog-2,2550.000,0.000000
CLOUD_ONLY_seed2,CLOUD_ONLY,2,fog-3,2550.000,0.000000
CLOUD_ONLY_seed2,CLOUD_ONLY,2,cloud,2575.000,0.000000
CLOUD_ONLY_seed2,CLOUD_ONLY,2,proxy,2575.000,0.000000
CLOUD_ONLY_seed2,CLOUD_ONLY,2,fog-1,2575.000,0.000000
CLOUD_ONLY_seed2,CLOUD_ONLY,2,fog-2,2575.000,0.000000
CLOUD_ONLY_seed2,CLOUD_ONLY,2,fog-3,2575.000,0.000000
CLOUD_ONLY_seed2,CLOUD_ONLY,2,cloud,2600.000,0.000000
CLOUD_ONLY_seed2,CLOUD_ONLY,2,proxy,2600.000,0.000000
CLOUD_ONLY_seed2,CLOUD_ONLY,2,fog-1,2600.000,0.000000
CLOUD_ONLY_seed2,CLOUD_ONLY,2,fog-2,2600.000,0.000000
CLOUD_ONLY_seed2,CLOUD_ONLY,2,fog-3,2600.000,0.000000
CLOUD_ONLY_seed2,CLOUD_ONLY,2,cloud,2625.000,0.000000
CLOUD_ONLY_seed2,CLOUD_ONLY,2,proxy,2625.000,0.000000
CLOUD_ONLY_seed2,CLOUD_ONLY,2,fog-1,2625.000,0.000000
CLOUD_ONLY_seed2,CLOUD_ONLY,2,fog-2,2625.000,0.000000
CLOUD_ONLY_seed2,CLOUD_ONLY,2,fog-3,2625.000,0.000000
CLOUD_ONLY_seed2,CLOUD_ONLY,2,cloud,2650.000,0.000000
CLOUD_ONLY_seed2,CLOUD_ONLY,2,proxy,2650.000,0.000000
CLOUD_ONLY_seed2,CLOUD_ONLY,2,fog-1,2650.000,0.000000
CLOUD_ONLY_seed2,CLOUD_ONLY,2,fog-2,2650.000,0.000000
CLOUD_ONLY_seed2,CLOUD_ONLY,2,fog-3,2650.000,0.000000
CLOUD_ONLY_seed2,CLOUD_ONLY,2,cloud,2675.000,0.000000
CLOUD_ONLY_seed2,CLOUD_ONLY,2,proxy,2675.000,0.000000
CLOUD_ONLY_seed2,CLOUD_ONLY,2,fog-1,2675.000,0.000000
CLOUD_ONLY_seed2,CLOUD_ONLY,2,fog-2,2675.000,0.000000
CLOUD_ONLY_seed2,CLOUD_ONLY,2,fog-3,2675.000,0.000000
CLOUD_ONLY_seed2,CLOUD_ONLY,2,cloud,2700.000,0.000000
CLOUD_ONLY_seed2,CLOUD_ONLY,2,proxy,2700.000,0.000000
CLOUD_ONLY_seed2,CLOUD_ONLY,2,fog-1,2700.000,0.000000
CLOUD_ONLY_seed2,CLOUD_ONLY,2,fog-2,2700.000,0.000000
CLOUD_ONLY_seed2,CLOUD_ONLY,2,fog-3,2700.000,0.000000
CLOUD_ONLY_seed2,CLOUD_ONLY,2,cloud,2725.000,0.000000
CLOUD_ONLY_seed2,CLOUD_ONLY,2,proxy,2725.000,0.000000
CLOUD_ONLY_seed2,CLOUD_ONLY,2,fog-1,2725.000,0.000000
CLOUD_ONLY_seed2,CLOUD_ONLY,2,fog-2,2725.000,0.000000
CLOUD_ONLY_seed2,CLOUD_ONLY,2,fog-3,2725.000,0.000000
CLOUD_ONLY_seed2,CLOUD_ONLY,2,cloud,2750.000,0.000000
CLOUD_ONLY_seed2,CLOUD_ONLY,2,proxy,2750.000,0.000000
CLOUD_ONLY_seed2,CLOUD_ONLY,2,fog-1,2750.000,0.000000
CLOUD_ONLY_seed2,CLOUD_ONLY,2,fog-2,2750.000,0.000000
CLOUD_ONLY_seed2,CLOUD_ONLY,2,fog-3,2750.000,0.000000
CLOUD_ONLY_seed2,CLOUD_ONLY,2,cloud,2775.000,0.000000
CLOUD_ONLY_seed2,CLOUD_ONLY,2,proxy,2775.000,0.000000
CLOUD_ONLY_seed2,CLOUD_ONLY,2,fog-1,2775.000,0.000000
CLOUD_ONLY_seed2,CLOUD_ONLY,2,fog-2,2775.000,0.000000
CLOUD_ONLY_seed2,CLOUD_ONLY,2,fog-3,2775.000,0.000000
CLOUD_ONLY_seed2,CLOUD_ONLY,2,cloud,2800.000,0.000000
CLOUD_ONLY_seed2,CLOUD_ONLY,2,proxy,2800.000,0.000000
CLOUD_ONLY_seed2,CLOUD_ONLY,2,fog-1,2800.000,0.000000
CLOUD_ONLY_seed2,CLOUD_ONLY,2,fog-2,2800.000,0.000000
CLOUD_ONLY_seed2,CLOUD_ONLY,2,fog-3,2800.000,0.000000
CLOUD_ONLY_seed2,CLOUD_ONLY,2,cloud,2825.000,0.000000
CLOUD_ONLY_seed2,CLOUD_ONLY,2,proxy,2825.000,0.000000
CLOUD_ONLY_seed2,CLOUD_ONLY,2,fog-1,2825.000,0.000000
CLOUD_ONLY_seed2,CLOUD_ONLY,2,fog-2,2825.000,0.000000
CLOUD_ONLY_seed2,CLOUD_ONLY,2,fog-3,2825.000,0.000000
CLOUD_ONLY_seed2,CLOUD_ONLY,2,cloud,2850.000,0.000000
CLOUD_ONLY_seed2,CLOUD_ONLY,2,proxy,2850.000,0.000000
CLOUD_ONLY_seed2,CLOUD_ONLY,2,fog-1,2850.000,0.000000
CLOUD_ONLY_seed2,CLOUD_ONLY,2,fog-2,2850.000,0.000000
CLOUD_ONLY_seed2,CLOUD_ONLY,2,fog-3,2850.000,0.000000
CLOUD_ONLY_seed2,CLOUD_ONLY,2,cloud,2875.000,0.000000
CLOUD_ONLY_seed2,CLOUD_ONLY,2,proxy,2875.000,0.000000
CLOUD_ONLY_seed2,CLOUD_ONLY,2,fog-1,2875.000,0.000000
CLOUD_ONLY_seed2,CLOUD_ONLY,2,fog-2,2875.000,0.000000
CLOUD_ONLY_seed2,CLOUD_ONLY,2,fog-3,2875.000,0.000000
CLOUD_ONLY_seed2,CLOUD_ONLY,2,cloud,2900.000,0.000000
CLOUD_ONLY_seed2,CLOUD_ONLY,2,proxy,2900.000,0.000000
CLOUD_ONLY_seed2,CLOUD_ONLY,2,fog-1,2900.000,0.000000
CLOUD_ONLY_seed2,CLOUD_ONLY,2,fog-2,2900.000,0.000000
CLOUD_ONLY_seed2,CLOUD_ONLY,2,fog-3,2900.000,0.000000
CLOUD_ONLY_seed2,CLOUD_ONLY,2,cloud,2925.000,0.000000
CLOUD_ONLY_seed2,CLOUD_ONLY,2,proxy,2925.000,0.000000
CLOUD_ONLY_seed2,CLOUD_ONLY,2,fog-1,2925.000,0.000000
CLOUD_ONLY_seed2,CLOUD_ONLY,2,fog-2,2925.000,0.000000
CLOUD_ONLY_seed2,CLOUD_ONLY,2,fog-3,2925.000,0.000000
CLOUD_ONLY_seed2,CLOUD_ONLY,2,cloud,2950.000,0.000000
CLOUD_ONLY_seed2,CLOUD_ONLY,2,proxy,2950.000,0.000000
CLOUD_ONLY_seed2,CLOUD_ONLY,2,fog-1,2950.000,0.000000
CLOUD_ONLY_seed2,CLOUD_ONLY,2,fog-2,2950.000,0.000000
CLOUD_ONLY_seed2,CLOUD_ONLY,2,fog-3,2950.000,0.000000
CLOUD_ONLY_seed2,CLOUD_ONLY,2,cloud,2975.000,0.000000
CLOUD_ONLY_seed2,CLOUD_ONLY,2,proxy,2975.000,0.000000
CLOUD_ONLY_seed2,CLOUD_ONLY,2,fog-1,2975.000,0.000000
CLOUD_ONLY_seed2,CLOUD_ONLY,2,fog-2,2975.000,0.000000
CLOUD_ONLY_seed2,CLOUD_ONLY,2,fog-3,2975.000,0.000000
CLOUD_ONLY_seed2,CLOUD_ONLY,2,cloud,3000.000,0.000000
CLOUD_ONLY_seed2,CLOUD_ONLY,2,proxy,3000.000,0.000000
CLOUD_ONLY_seed2,CLOUD_ONLY,2,fog-1,3000.000,0.000000
CLOUD_ONLY_seed2,CLOUD_ONLY,2,fog-2,3000.000,0.000000
CLOUD_ONLY_seed2,CLOUD_ONLY,2,fog-3,3000.000,0.000000
CLOUD_ONLY_seed2,CLOUD_ONLY,2,cloud,3025.000,0.000000
CLOUD_ONLY_seed2,CLOUD_ONLY,2,proxy,3025.000,0.000000
CLOUD_ONLY_seed2,CLOUD_ONLY,2,fog-1,3025.000,0.000000
CLOUD_ONLY_seed2,CLOUD_ONLY,2,fog-2,3025.000,0.000000
CLOUD_ONLY_seed2,CLOUD_ONLY,2,fog-3,3025.000,0.000000
CLOUD_ONLY_seed2,CLOUD_ONLY,2,cloud,3050.000,0.000000
CLOUD_ONLY_seed2,CLOUD_ONLY,2,proxy,3050.000,0.000000
CLOUD_ONLY_seed2,CLOUD_ONLY,2,fog-1,3050.000,0.000000
CLOUD_ONLY_seed2,CLOUD_ONLY,2,fog-2,3050.000,0.000000
CLOUD_ONLY_seed2,CLOUD_ONLY,2,fog-3,3050.000,0.000000
CLOUD_ONLY_seed2,CLOUD_ONLY,2,cloud,3075.000,0.000000
CLOUD_ONLY_seed2,CLOUD_ONLY,2,proxy,3075.000,0.000000
CLOUD_ONLY_seed2,CLOUD_ONLY,2,fog-1,3075.000,0.000000
CLOUD_ONLY_seed2,CLOUD_ONLY,2,fog-2,3075.000,0.000000
CLOUD_ONLY_seed2,CLOUD_ONLY,2,fog-3,3075.000,0.000000
CLOUD_ONLY_seed2,CLOUD_ONLY,2,cloud,3100.000,0.000000
CLOUD_ONLY_seed2,CLOUD_ONLY,2,proxy,3100.000,0.000000
CLOUD_ONLY_seed2,CLOUD_ONLY,2,fog-1,3100.000,0.000000
CLOUD_ONLY_seed2,CLOUD_ONLY,2,fog-2,3100.000,0.000000
CLOUD_ONLY_seed2,CLOUD_ONLY,2,fog-3,3100.000,0.000000
CLOUD_ONLY_seed2,CLOUD_ONLY,2,cloud,3125.000,0.000000
CLOUD_ONLY_seed2,CLOUD_ONLY,2,proxy,3125.000,0.000000
CLOUD_ONLY_seed2,CLOUD_ONLY,2,fog-1,3125.000,0.000000
CLOUD_ONLY_seed2,CLOUD_ONLY,2,fog-2,3125.000,0.000000
CLOUD_ONLY_seed2,CLOUD_ONLY,2,fog-3,3125.000,0.000000
CLOUD_ONLY_seed2,CLOUD_ONLY,2,cloud,3150.000,0.000000
CLOUD_ONLY_seed2,CLOUD_ONLY,2,proxy,3150.000,0.000000
CLOUD_ONLY_seed2,CLOUD_ONLY,2,fog-1,3150.000,0.000000
CLOUD_ONLY_seed2,CLOUD_ONLY,2,fog-2,3150.000,0.000000
CLOUD_ONLY_seed2,CLOUD_ONLY,2,fog-3,3150.000,0.000000
CLOUD_ONLY_seed2,CLOUD_ONLY,2,cloud,3175.000,0.000000
CLOUD_ONLY_seed2,CLOUD_ONLY,2,proxy,3175.000,0.000000
CLOUD_ONLY_seed2,CLOUD_ONLY,2,fog-1,3175.000,0.000000
CLOUD_ONLY_seed2,CLOUD_ONLY,2,fog-2,3175.000,0.000000
CLOUD_ONLY_seed2,CLOUD_ONLY,2,fog-3,3175.000,0.000000
CLOUD_ONLY_seed2,CLOUD_ONLY,2,cloud,3200.000,0.000000
CLOUD_ONLY_seed2,CLOUD_ONLY,2,proxy,3200.000,0.000000
CLOUD_ONLY_seed2,CLOUD_ONLY,2,fog-1,3200.000,0.000000
CLOUD_ONLY_seed2,CLOUD_ONLY,2,fog-2,3200.000,0.000000
CLOUD_ONLY_seed2,CLOUD_ONLY,2,fog-3,3200.000,0.000000
CLOUD_ONLY_seed2,CLOUD_ONLY,2,cloud,3225.000,0.000000
CLOUD_ONLY_seed2,CLOUD_ONLY,2,proxy,3225.000,0.000000
CLOUD_ONLY_seed2,CLOUD_ONLY,2,fog-1,3225.000,0.000000
CLOUD_ONLY_seed2,CLOUD_ONLY,2,fog-2,3225.000,0.000000
CLOUD_ONLY_seed2,CLOUD_ONLY,2,fog-3,3225.000,0.000000
CLOUD_ONLY_seed2,CLOUD_ONLY,2,cloud,3250.000,0.000000
CLOUD_ONLY_seed2,CLOUD_ONLY,2,proxy,3250.000,0.000000
CLOUD_ONLY_seed2,CLOUD_ONLY,2,fog-1,3250.000,0.000000
CLOUD_ONLY_seed2,CLOUD_ONLY,2,fog-2,3250.000,0.000000
CLOUD_ONLY_seed2,CLOUD_ONLY,2,fog-3,3250.000,0.000000
CLOUD_ONLY_seed2,CLOUD_ONLY,2,cloud,3275.000,0.000000
CLOUD_ONLY_seed2,CLOUD_ONLY,2,proxy,3275.000,0.000000
CLOUD_ONLY_seed2,CLOUD_ONLY,2,fog-1,3275.000,0.000000
CLOUD_ONLY_seed2,CLOUD_ONLY,2,fog-2,3275.000,0.000000
CLOUD_ONLY_seed2,CLOUD_ONLY,2,fog-3,3275.000,0.000000
CLOUD_ONLY_seed2,CLOUD_ONLY,2,cloud,3300.000,0.000000
CLOUD_ONLY_seed2,CLOUD_ONLY,2,proxy,3300.000,0.000000
CLOUD_ONLY_seed2,CLOUD_ONLY,2,fog-1,3300.000,0.000000
CLOUD_ONLY_seed2,CLOUD_ONLY,2,fog-2,3300.000,0.000000
CLOUD_ONLY_seed2,CLOUD_ONLY,2,fog-3,3300.000,0.000000
CLOUD_ONLY_seed2,CLOUD_ONLY,2,cloud,3325.000,0.000000
CLOUD_ONLY_seed2,CLOUD_ONLY,2,proxy,3325.000,0.000000
CLOUD_ONLY_seed2,CLOUD_ONLY,2,fog-1,3325.000,0.000000
CLOUD_ONLY_seed2,CLOUD_ONLY,2,fog-2,3325.000,0.000000
CLOUD_ONLY_seed2,CLOUD_ONLY,2,fog-3,3325.000,0.000000
CLOUD_ONLY_seed2,CLOUD_ONLY,2,cloud,3350.000,0.000000
CLOUD_ONLY_seed2,CLOUD_ONLY,2,proxy,3350.000,0.000000
CLOUD_ONLY_seed2,CLOUD_ONLY,2,fog-1,3350.000,0.000000
CLOUD_ONLY_seed2,CLOUD_ONLY,2,fog-2,3350.000,0.000000
CLOUD_ONLY_seed2,CLOUD_ONLY,2,fog-3,3350.000,0.000000
CLOUD_ONLY_seed2,CLOUD_ONLY,2,cloud,3375.000,0.000000
CLOUD_ONLY_seed2,CLOUD_ONLY,2,proxy,3375.000,0.000000
CLOUD_ONLY_seed2,CLOUD_ONLY,2,fog-1,3375.000,0.000000
CLOUD_ONLY_seed2,CLOUD_ONLY,2,fog-2,3375.000,0.000000
CLOUD_ONLY_seed2,CLOUD_ONLY,2,fog-3,3375.000,0.000000
CLOUD_ONLY_seed2,CLOUD_ONLY,2,cloud,3400.000,0.000000
CLOUD_ONLY_seed2,CLOUD_ONLY,2,proxy,3400.000,0.000000
CLOUD_ONLY_seed2,CLOUD_ONLY,2,fog-1,3400.000,0.000000
CLOUD_ONLY_seed2,CLOUD_ONLY,2,fog-2,3400.000,0.000000
CLOUD_ONLY_seed2,CLOUD_ONLY,2,fog-3,3400.000,0.000000
CLOUD_ONLY_seed2,CLOUD_ONLY,2,cloud,3425.000,0.000000
CLOUD_ONLY_seed2,CLOUD_ONLY,2,proxy,3425.000,0.000000
CLOUD_ONLY_seed2,CLOUD_ONLY,2,fog-1,3425.000,0.000000
CLOUD_ONLY_seed2,CLOUD_ONLY,2,fog-2,3425.000,0.000000
CLOUD_ONLY_seed2,CLOUD_ONLY,2,fog-3,3425.000,0.000000
CLOUD_ONLY_seed2,CLOUD_ONLY,2,cloud,3450.000,0.000000
CLOUD_ONLY_seed2,CLOUD_ONLY,2,proxy,3450.000,0.000000
CLOUD_ONLY_seed2,CLOUD_ONLY,2,fog-1,3450.000,0.000000
CLOUD_ONLY_seed2,CLOUD_ONLY,2,fog-2,3450.000,0.000000
CLOUD_ONLY_seed2,CLOUD_ONLY,2,fog-3,3450.000,0.000000
CLOUD_ONLY_seed2,CLOUD_ONLY,2,cloud,3475.000,0.000000
CLOUD_ONLY_seed2,CLOUD_ONLY,2,proxy,3475.000,0.000000
CLOUD_ONLY_seed2,CLOUD_ONLY,2,fog-1,3475.000,0.000000
CLOUD_ONLY_seed2,CLOUD_ONLY,2,fog-2,3475.000,0.000000
CLOUD_ONLY_seed2,CLOUD_ONLY,2,fog-3,3475.000,0.000000
CLOUD_ONLY_seed2,CLOUD_ONLY,2,cloud,3500.000,0.000000
CLOUD_ONLY_seed2,CLOUD_ONLY,2,proxy,3500.000,0.000000
CLOUD_ONLY_seed2,CLOUD_ONLY,2,fog-1,3500.000,0.000000
CLOUD_ONLY_seed2,CLOUD_ONLY,2,fog-2,3500.000,0.000000
CLOUD_ONLY_seed2,CLOUD_ONLY,2,fog-3,3500.000,0.000000
CLOUD_ONLY_seed2,CLOUD_ONLY,2,cloud,3525.000,0.000000
CLOUD_ONLY_seed2,CLOUD_ONLY,2,proxy,3525.000,0.000000
CLOUD_ONLY_seed2,CLOUD_ONLY,2,fog-1,3525.000,0.000000
CLOUD_ONLY_seed2,CLOUD_ONLY,2,fog-2,3525.000,0.000000
CLOUD_ONLY_seed2,CLOUD_ONLY,2,fog-3,3525.000,0.000000
CLOUD_ONLY_seed2,CLOUD_ONLY,2,cloud,3550.000,0.000000
CLOUD_ONLY_seed2,CLOUD_ONLY,2,proxy,3550.000,0.000000
CLOUD_ONLY_seed2,CLOUD_ONLY,2,fog-1,3550.000,0.000000
CLOUD_ONLY_seed2,CLOUD_ONLY,2,fog-2,3550.000,0.000000
CLOUD_ONLY_seed2,CLOUD_ONLY,2,fog-3,3550.000,0.000000
CLOUD_ONLY_seed2,CLOUD_ONLY,2,cloud,3575.000,0.000000
CLOUD_ONLY_seed2,CLOUD_ONLY,2,proxy,3575.000,0.000000
CLOUD_ONLY_seed2,CLOUD_ONLY,2,fog-1,3575.000,0.000000
CLOUD_ONLY_seed2,CLOUD_ONLY,2,fog-2,3575.000,0.000000
CLOUD_ONLY_seed2,CLOUD_ONLY,2,fog-3,3575.000,0.000000
CLOUD_ONLY_seed2,CLOUD_ONLY,2,cloud,3600.000,0.000000
CLOUD_ONLY_seed2,CLOUD_ONLY,2,proxy,3600.000,0.000000
CLOUD_ONLY_seed2,CLOUD_ONLY,2,fog-1,3600.000,0.000000
CLOUD_ONLY_seed2,CLOUD_ONLY,2,fog-2,3600.000,0.000000
CLOUD_ONLY_seed2,CLOUD_ONLY,2,fog-3,3600.000,0.000000
CLOUD_ONLY_seed2,CLOUD_ONLY,2,cloud,3625.000,0.000000
CLOUD_ONLY_seed2,CLOUD_ONLY,2,proxy,3625.000,0.000000
CLOUD_ONLY_seed2,CLOUD_ONLY,2,fog-1,3625.000,0.000000
CLOUD_ONLY_seed2,CLOUD_ONLY,2,fog-2,3625.000,0.000000
CLOUD_ONLY_seed2,CLOUD_ONLY,2,fog-3,3625.000,0.000000
CLOUD_ONLY_seed2,CLOUD_ONLY,2,cloud,3650.000,0.000000
CLOUD_ONLY_seed2,CLOUD_ONLY,2,proxy,3650.000,0.000000
CLOUD_ONLY_seed2,CLOUD_ONLY,2,fog-1,3650.000,0.000000
CLOUD_ONLY_seed2,CLOUD_ONLY,2,fog-2,3650.000,0.000000
CLOUD_ONLY_seed2,CLOUD_ONLY,2,fog-3,3650.000,0.000000
CLOUD_ONLY_seed2,CLOUD_ONLY,2,cloud,3675.000,0.000000
CLOUD_ONLY_seed2,CLOUD_ONLY,2,proxy,3675.000,0.000000
CLOUD_ONLY_seed2,CLOUD_ONLY,2,fog-1,3675.000,0.000000
CLOUD_ONLY_seed2,CLOUD_ONLY,2,fog-2,3675.000,0.000000
CLOUD_ONLY_seed2,CLOUD_ONLY,2,fog-3,3675.000,0.000000
CLOUD_ONLY_seed2,CLOUD_ONLY,2,cloud,3700.000,0.000000
CLOUD_ONLY_seed2,CLOUD_ONLY,2,proxy,3700.000,0.000000
CLOUD_ONLY_seed2,CLOUD_ONLY,2,fog-1,3700.000,0.000000
CLOUD_ONLY_seed2,CLOUD_ONLY,2,fog-2,3700.000,0.000000
CLOUD_ONLY_seed2,CLOUD_ONLY,2,fog-3,3700.000,0.000000
CLOUD_ONLY_seed2,CLOUD_ONLY,2,cloud,3725.000,0.000000
CLOUD_ONLY_seed2,CLOUD_ONLY,2,proxy,3725.000,0.000000
CLOUD_ONLY_seed2,CLOUD_ONLY,2,fog-1,3725.000,0.000000
CLOUD_ONLY_seed2,CLOUD_ONLY,2,fog-2,3725.000,0.000000
CLOUD_ONLY_seed2,CLOUD_ONLY,2,fog-3,3725.000,0.000000
CLOUD_ONLY_seed2,CLOUD_ONLY,2,cloud,3750.000,0.000000
CLOUD_ONLY_seed2,CLOUD_ONLY,2,proxy,3750.000,0.000000
CLOUD_ONLY_seed2,CLOUD_ONLY,2,fog-1,3750.000,0.000000
CLOUD_ONLY_seed2,CLOUD_ONLY,2,fog-2,3750.000,0.000000
CLOUD_ONLY_seed2,CLOUD_ONLY,2,fog-3,3750.000,0.000000
CLOUD_ONLY_seed2,CLOUD_ONLY,2,cloud,3775.000,0.000000
CLOUD_ONLY_seed2,CLOUD_ONLY,2,proxy,3775.000,0.000000
CLOUD_ONLY_seed2,CLOUD_ONLY,2,fog-1,3775.000,0.000000
CLOUD_ONLY_seed2,CLOUD_ONLY,2,fog-2,3775.000,0.000000
CLOUD_ONLY_seed2,CLOUD_ONLY,2,fog-3,3775.000,0.000000
CLOUD_ONLY_seed2,CLOUD_ONLY,2,cloud,3800.000,0.000000
CLOUD_ONLY_seed2,CLOUD_ONLY,2,proxy,3800.000,0.000000
CLOUD_ONLY_seed2,CLOUD_ONLY,2,fog-1,3800.000,0.000000
CLOUD_ONLY_seed2,CLOUD_ONLY,2,fog-2,3800.000,0.000000
CLOUD_ONLY_seed2,CLOUD_ONLY,2,fog-3,3800.000,0.000000
CLOUD_ONLY_seed2,CLOUD_ONLY,2,cloud,3825.000,0.000000
CLOUD_ONLY_seed2,CLOUD_ONLY,2,proxy,3825.000,0.000000
CLOUD_ONLY_seed2,CLOUD_ONLY,2,fog-1,3825.000,0.000000
CLOUD_ONLY_seed2,CLOUD_ONLY,2,fog-2,3825.000,0.000000
CLOUD_ONLY_seed2,CLOUD_ONLY,2,fog-3,3825.000,0.000000
CLOUD_ONLY_seed2,CLOUD_ONLY,2,cloud,3850.000,0.000000
CLOUD_ONLY_seed2,CLOUD_ONLY,2,proxy,3850.000,0.000000
CLOUD_ONLY_seed2,CLOUD_ONLY,2,fog-1,3850.000,0.000000
CLOUD_ONLY_seed2,CLOUD_ONLY,2,fog-2,3850.000,0.000000
CLOUD_ONLY_seed2,CLOUD_ONLY,2,fog-3,3850.000,0.000000
CLOUD_ONLY_seed2,CLOUD_ONLY,2,cloud,3875.000,0.000000
CLOUD_ONLY_seed2,CLOUD_ONLY,2,proxy,3875.000,0.000000
CLOUD_ONLY_seed2,CLOUD_ONLY,2,fog-1,3875.000,0.000000
CLOUD_ONLY_seed2,CLOUD_ONLY,2,fog-2,3875.000,0.000000
CLOUD_ONLY_seed2,CLOUD_ONLY,2,fog-3,3875.000,0.000000
CLOUD_ONLY_seed2,CLOUD_ONLY,2,cloud,3900.000,0.000000
CLOUD_ONLY_seed2,CLOUD_ONLY,2,proxy,3900.000,0.000000
CLOUD_ONLY_seed2,CLOUD_ONLY,2,fog-1,3900.000,0.000000
CLOUD_ONLY_seed2,CLOUD_ONLY,2,fog-2,3900.000,0.000000
CLOUD_ONLY_seed2,CLOUD_ONLY,2,fog-3,3900.000,0.000000
CLOUD_ONLY_seed2,CLOUD_ONLY,2,cloud,3925.000,0.000000
CLOUD_ONLY_seed2,CLOUD_ONLY,2,proxy,3925.000,0.000000
CLOUD_ONLY_seed2,CLOUD_ONLY,2,fog-1,3925.000,0.000000
CLOUD_ONLY_seed2,CLOUD_ONLY,2,fog-2,3925.000,0.000000
CLOUD_ONLY_seed2,CLOUD_ONLY,2,fog-3,3925.000,0.000000
CLOUD_ONLY_seed2,CLOUD_ONLY,2,cloud,3950.000,0.000000
CLOUD_ONLY_seed2,CLOUD_ONLY,2,proxy,3950.000,0.000000
CLOUD_ONLY_seed2,CLOUD_ONLY,2,fog-1,3950.000,0.000000
CLOUD_ONLY_seed2,CLOUD_ONLY,2,fog-2,3950.000,0.000000
CLOUD_ONLY_seed2,CLOUD_ONLY,2,fog-3,3950.000,0.000000
CLOUD_ONLY_seed2,CLOUD_ONLY,2,cloud,3975.000,0.000000
CLOUD_ONLY_seed2,CLOUD_ONLY,2,proxy,3975.000,0.000000
CLOUD_ONLY_seed2,CLOUD_ONLY,2,fog-1,3975.000,0.000000
CLOUD_ONLY_seed2,CLOUD_ONLY,2,fog-2,3975.000,0.000000
CLOUD_ONLY_seed2,CLOUD_ONLY,2,fog-3,3975.000,0.000000
CLOUD_ONLY_seed2,CLOUD_ONLY,2,cloud,4000.000,0.000000
CLOUD_ONLY_seed2,CLOUD_ONLY,2,proxy,4000.000,0.000000
CLOUD_ONLY_seed2,CLOUD_ONLY,2,fog-1,4000.000,0.000000
CLOUD_ONLY_seed2,CLOUD_ONLY,2,fog-2,4000.000,0.000000
CLOUD_ONLY_seed2,CLOUD_ONLY,2,fog-3,4000.000,0.000000
CLOUD_ONLY_seed2,CLOUD_ONLY,2,cloud,4025.000,0.000000
CLOUD_ONLY_seed2,CLOUD_ONLY,2,proxy,4025.000,0.000000
CLOUD_ONLY_seed2,CLOUD_ONLY,2,fog-1,4025.000,0.000000
CLOUD_ONLY_seed2,CLOUD_ONLY,2,fog-2,4025.000,0.000000
CLOUD_ONLY_seed2,CLOUD_ONLY,2,fog-3,4025.000,0.000000
CLOUD_ONLY_seed2,CLOUD_ONLY,2,cloud,4050.000,0.000000
CLOUD_ONLY_seed2,CLOUD_ONLY,2,proxy,4050.000,0.000000
CLOUD_ONLY_seed2,CLOUD_ONLY,2,fog-1,4050.000,0.000000
CLOUD_ONLY_seed2,CLOUD_ONLY,2,fog-2,4050.000,0.000000
CLOUD_ONLY_seed2,CLOUD_ONLY,2,fog-3,4050.000,0.000000
CLOUD_ONLY_seed2,CLOUD_ONLY,2,cloud,4075.000,0.000000
CLOUD_ONLY_seed2,CLOUD_ONLY,2,proxy,4075.000,0.000000
CLOUD_ONLY_seed2,CLOUD_ONLY,2,fog-1,4075.000,0.000000
CLOUD_ONLY_seed2,CLOUD_ONLY,2,fog-2,4075.000,0.000000
CLOUD_ONLY_seed2,CLOUD_ONLY,2,fog-3,4075.000,0.000000
CLOUD_ONLY_seed2,CLOUD_ONLY,2,cloud,4100.000,0.000000
CLOUD_ONLY_seed2,CLOUD_ONLY,2,proxy,4100.000,0.000000
CLOUD_ONLY_seed2,CLOUD_ONLY,2,fog-1,4100.000,0.000000
CLOUD_ONLY_seed2,CLOUD_ONLY,2,fog-2,4100.000,0.000000
CLOUD_ONLY_seed2,CLOUD_ONLY,2,fog-3,4100.000,0.000000
CLOUD_ONLY_seed2,CLOUD_ONLY,2,cloud,4125.000,0.000000
CLOUD_ONLY_seed2,CLOUD_ONLY,2,proxy,4125.000,0.000000
CLOUD_ONLY_seed2,CLOUD_ONLY,2,fog-1,4125.000,0.000000
CLOUD_ONLY_seed2,CLOUD_ONLY,2,fog-2,4125.000,0.000000
CLOUD_ONLY_seed2,CLOUD_ONLY,2,fog-3,4125.000,0.000000
CLOUD_ONLY_seed2,CLOUD_ONLY,2,cloud,4150.000,0.000000
CLOUD_ONLY_seed2,CLOUD_ONLY,2,proxy,4150.000,0.000000
CLOUD_ONLY_seed2,CLOUD_ONLY,2,fog-1,4150.000,0.000000
CLOUD_ONLY_seed2,CLOUD_ONLY,2,fog-2,4150.000,0.000000
CLOUD_ONLY_seed2,CLOUD_ONLY,2,fog-3,4150.000,0.000000
CLOUD_ONLY_seed2,CLOUD_ONLY,2,cloud,4175.000,0.000000
CLOUD_ONLY_seed2,CLOUD_ONLY,2,proxy,4175.000,0.000000
CLOUD_ONLY_seed2,CLOUD_ONLY,2,fog-1,4175.000,0.000000
CLOUD_ONLY_seed2,CLOUD_ONLY,2,fog-2,4175.000,0.000000
CLOUD_ONLY_seed2,CLOUD_ONLY,2,fog-3,4175.000,0.000000
CLOUD_ONLY_seed2,CLOUD_ONLY,2,cloud,4200.000,0.000000
CLOUD_ONLY_seed2,CLOUD_ONLY,2,proxy,4200.000,0.000000
CLOUD_ONLY_seed2,CLOUD_ONLY,2,fog-1,4200.000,0.000000
CLOUD_ONLY_seed2,CLOUD_ONLY,2,fog-2,4200.000,0.000000
CLOUD_ONLY_seed2,CLOUD_ONLY,2,fog-3,4200.000,0.000000
CLOUD_ONLY_seed2,CLOUD_ONLY,2,cloud,4225.000,0.000000
CLOUD_ONLY_seed2,CLOUD_ONLY,2,proxy,4225.000,0.000000
CLOUD_ONLY_seed2,CLOUD_ONLY,2,fog-1,4225.000,0.000000
CLOUD_ONLY_seed2,CLOUD_ONLY,2,fog-2,4225.000,0.000000
CLOUD_ONLY_seed2,CLOUD_ONLY,2,fog-3,4225.000,0.000000
CLOUD_ONLY_seed2,CLOUD_ONLY,2,cloud,4250.000,0.000000
CLOUD_ONLY_seed2,CLOUD_ONLY,2,proxy,4250.000,0.000000
CLOUD_ONLY_seed2,CLOUD_ONLY,2,fog-1,4250.000,0.000000
CLOUD_ONLY_seed2,CLOUD_ONLY,2,fog-2,4250.000,0.000000
CLOUD_ONLY_seed2,CLOUD_ONLY,2,fog-3,4250.000,0.000000
CLOUD_ONLY_seed2,CLOUD_ONLY,2,cloud,4275.000,0.000000
CLOUD_ONLY_seed2,CLOUD_ONLY,2,proxy,4275.000,0.000000
CLOUD_ONLY_seed2,CLOUD_ONLY,2,fog-1,4275.000,0.000000
CLOUD_ONLY_seed2,CLOUD_ONLY,2,fog-2,4275.000,0.000000
CLOUD_ONLY_seed2,CLOUD_ONLY,2,fog-3,4275.000,0.000000
CLOUD_ONLY_seed2,CLOUD_ONLY,2,cloud,4300.000,0.000000
CLOUD_ONLY_seed2,CLOUD_ONLY,2,proxy,4300.000,0.000000
CLOUD_ONLY_seed2,CLOUD_ONLY,2,fog-1,4300.000,0.000000
CLOUD_ONLY_seed2,CLOUD_ONLY,2,fog-2,4300.000,0.000000
CLOUD_ONLY_seed2,CLOUD_ONLY,2,fog-3,4300.000,0.000000
CLOUD_ONLY_seed2,CLOUD_ONLY,2,cloud,4325.000,0.000000
CLOUD_ONLY_seed2,CLOUD_ONLY,2,proxy,4325.000,0.000000
CLOUD_ONLY_seed2,CLOUD_ONLY,2,fog-1,4325.000,0.000000
CLOUD_ONLY_seed2,CLOUD_ONLY,2,fog-2,4325.000,0.000000
CLOUD_ONLY_seed2,CLOUD_ONLY,2,fog-3,4325.000,0.000000
CLOUD_ONLY_seed2,CLOUD_ONLY,2,cloud,4350.000,0.000000
CLOUD_ONLY_seed2,CLOUD_ONLY,2,proxy,4350.000,0.000000
CLOUD_ONLY_seed2,CLOUD_ONLY,2,fog-1,4350.000,0.000000
CLOUD_ONLY_seed2,CLOUD_ONLY,2,fog-2,4350.000,0.000000
CLOUD_ONLY_seed2,CLOUD_ONLY,2,fog-3,4350.000,0.000000
CLOUD_ONLY_seed2,CLOUD_ONLY,2,cloud,4375.000,0.000000
CLOUD_ONLY_seed2,CLOUD_ONLY,2,proxy,4375.000,0.000000
CLOUD_ONLY_seed2,CLOUD_ONLY,2,fog-1,4375.000,0.000000
CLOUD_ONLY_seed2,CLOUD_ONLY,2,fog-2,4375.000,0.000000
CLOUD_ONLY_seed2,CLOUD_ONLY,2,fog-3,4375.000,0.000000
CLOUD_ONLY_seed2,CLOUD_ONLY,2,cloud,4400.000,0.000000
CLOUD_ONLY_seed2,CLOUD_ONLY,2,proxy,4400.000,0.000000
CLOUD_ONLY_seed2,CLOUD_ONLY,2,fog-1,4400.000,0.000000
CLOUD_ONLY_seed2,CLOUD_ONLY,2,fog-2,4400.000,0.000000
CLOUD_ONLY_seed2,CLOUD_ONLY,2,fog-3,4400.000,0.000000
CLOUD_ONLY_seed2,CLOUD_ONLY,2,cloud,4425.000,0.000000
CLOUD_ONLY_seed2,CLOUD_ONLY,2,proxy,4425.000,0.000000
CLOUD_ONLY_seed2,CLOUD_ONLY,2,fog-1,4425.000,0.000000
CLOUD_ONLY_seed2,CLOUD_ONLY,2,fog-2,4425.000,0.000000
CLOUD_ONLY_seed2,CLOUD_ONLY,2,fog-3,4425.000,0.000000
CLOUD_ONLY_seed2,CLOUD_ONLY,2,cloud,4450.000,0.000000
CLOUD_ONLY_seed2,CLOUD_ONLY,2,proxy,4450.000,0.000000
CLOUD_ONLY_seed2,CLOUD_ONLY,2,fog-1,4450.000,0.000000
CLOUD_ONLY_seed2,CLOUD_ONLY,2,fog-2,4450.000,0.000000
CLOUD_ONLY_seed2,CLOUD_ONLY,2,fog-3,4450.000,0.000000
CLOUD_ONLY_seed2,CLOUD_ONLY,2,cloud,4475.000,0.000000
CLOUD_ONLY_seed2,CLOUD_ONLY,2,proxy,4475.000,0.000000
CLOUD_ONLY_seed2,CLOUD_ONLY,2,fog-1,4475.000,0.000000
CLOUD_ONLY_seed2,CLOUD_ONLY,2,fog-2,4475.000,0.000000
CLOUD_ONLY_seed2,CLOUD_ONLY,2,fog-3,4475.000,0.000000
CLOUD_ONLY_seed2,CLOUD_ONLY,2,cloud,4500.000,0.000000
CLOUD_ONLY_seed2,CLOUD_ONLY,2,proxy,4500.000,0.000000
CLOUD_ONLY_seed2,CLOUD_ONLY,2,fog-1,4500.000,0.000000
CLOUD_ONLY_seed2,CLOUD_ONLY,2,fog-2,4500.000,0.000000
CLOUD_ONLY_seed2,CLOUD_ONLY,2,fog-3,4500.000,0.000000
CLOUD_ONLY_seed2,CLOUD_ONLY,2,cloud,4525.000,0.000000
CLOUD_ONLY_seed2,CLOUD_ONLY,2,proxy,4525.000,0.000000
CLOUD_ONLY_seed2,CLOUD_ONLY,2,fog-1,4525.000,0.000000
CLOUD_ONLY_seed2,CLOUD_ONLY,2,fog-2,4525.000,0.000000
CLOUD_ONLY_seed2,CLOUD_ONLY,2,fog-3,4525.000,0.000000
CLOUD_ONLY_seed2,CLOUD_ONLY,2,cloud,4550.000,0.000000
CLOUD_ONLY_seed2,CLOUD_ONLY,2,proxy,4550.000,0.000000
CLOUD_ONLY_seed2,CLOUD_ONLY,2,fog-1,4550.000,0.000000
CLOUD_ONLY_seed2,CLOUD_ONLY,2,fog-2,4550.000,0.000000
CLOUD_ONLY_seed2,CLOUD_ONLY,2,fog-3,4550.000,0.000000
CLOUD_ONLY_seed2,CLOUD_ONLY,2,cloud,4575.000,0.000000
CLOUD_ONLY_seed2,CLOUD_ONLY,2,proxy,4575.000,0.000000
CLOUD_ONLY_seed2,CLOUD_ONLY,2,fog-1,4575.000,0.000000
CLOUD_ONLY_seed2,CLOUD_ONLY,2,fog-2,4575.000,0.000000
CLOUD_ONLY_seed2,CLOUD_ONLY,2,fog-3,4575.000,0.000000
CLOUD_ONLY_seed2,CLOUD_ONLY,2,cloud,4600.000,0.000000
CLOUD_ONLY_seed2,CLOUD_ONLY,2,proxy,4600.000,0.000000
CLOUD_ONLY_seed2,CLOUD_ONLY,2,fog-1,4600.000,0.000000
CLOUD_ONLY_seed2,CLOUD_ONLY,2,fog-2,4600.000,0.000000
CLOUD_ONLY_seed2,CLOUD_ONLY,2,fog-3,4600.000,0.000000
CLOUD_ONLY_seed2,CLOUD_ONLY,2,cloud,4625.000,0.000000
CLOUD_ONLY_seed2,CLOUD_ONLY,2,proxy,4625.000,0.000000
CLOUD_ONLY_seed2,CLOUD_ONLY,2,fog-1,4625.000,0.000000
CLOUD_ONLY_seed2,CLOUD_ONLY,2,fog-2,4625.000,0.000000
CLOUD_ONLY_seed2,CLOUD_ONLY,2,fog-3,4625.000,0.000000
CLOUD_ONLY_seed2,CLOUD_ONLY,2,cloud,4650.000,0.000000
CLOUD_ONLY_seed2,CLOUD_ONLY,2,proxy,4650.000,0.000000
CLOUD_ONLY_seed2,CLOUD_ONLY,2,fog-1,4650.000,0.000000
CLOUD_ONLY_seed2,CLOUD_ONLY,2,fog-2,4650.000,0.000000
CLOUD_ONLY_seed2,CLOUD_ONLY,2,fog-3,4650.000,0.000000
CLOUD_ONLY_seed2,CLOUD_ONLY,2,cloud,4675.000,0.000000
CLOUD_ONLY_seed2,CLOUD_ONLY,2,proxy,4675.000,0.000000
CLOUD_ONLY_seed2,CLOUD_ONLY,2,fog-1,4675.000,0.000000
CLOUD_ONLY_seed2,CLOUD_ONLY,2,fog-2,4675.000,0.000000
CLOUD_ONLY_seed2,CLOUD_ONLY,2,fog-3,4675.000,0.000000
CLOUD_ONLY_seed2,CLOUD_ONLY,2,cloud,4700.000,0.000000
CLOUD_ONLY_seed2,CLOUD_ONLY,2,proxy,4700.000,0.000000
CLOUD_ONLY_seed2,CLOUD_ONLY,2,fog-1,4700.000,0.000000
CLOUD_ONLY_seed2,CLOUD_ONLY,2,fog-2,4700.000,0.000000
CLOUD_ONLY_seed2,CLOUD_ONLY,2,fog-3,4700.000,0.000000
CLOUD_ONLY_seed2,CLOUD_ONLY,2,cloud,4725.000,0.000000
CLOUD_ONLY_seed2,CLOUD_ONLY,2,proxy,4725.000,0.000000
CLOUD_ONLY_seed2,CLOUD_ONLY,2,fog-1,4725.000,0.000000
CLOUD_ONLY_seed2,CLOUD_ONLY,2,fog-2,4725.000,0.000000
CLOUD_ONLY_seed2,CLOUD_ONLY,2,fog-3,4725.000,0.000000
CLOUD_ONLY_seed2,CLOUD_ONLY,2,cloud,4750.000,0.000000
CLOUD_ONLY_seed2,CLOUD_ONLY,2,proxy,4750.000,0.000000
CLOUD_ONLY_seed2,CLOUD_ONLY,2,fog-1,4750.000,0.000000
CLOUD_ONLY_seed2,CLOUD_ONLY,2,fog-2,4750.000,0.000000
CLOUD_ONLY_seed2,CLOUD_ONLY,2,fog-3,4750.000,0.000000
CLOUD_ONLY_seed2,CLOUD_ONLY,2,cloud,4775.000,0.000000
CLOUD_ONLY_seed2,CLOUD_ONLY,2,proxy,4775.000,0.000000
CLOUD_ONLY_seed2,CLOUD_ONLY,2,fog-1,4775.000,0.000000
CLOUD_ONLY_seed2,CLOUD_ONLY,2,fog-2,4775.000,0.000000
CLOUD_ONLY_seed2,CLOUD_ONLY,2,fog-3,4775.000,0.000000
CLOUD_ONLY_seed2,CLOUD_ONLY,2,cloud,4800.000,0.000000
CLOUD_ONLY_seed2,CLOUD_ONLY,2,proxy,4800.000,0.000000
CLOUD_ONLY_seed2,CLOUD_ONLY,2,fog-1,4800.000,0.000000
CLOUD_ONLY_seed2,CLOUD_ONLY,2,fog-2,4800.000,0.000000
CLOUD_ONLY_seed2,CLOUD_ONLY,2,fog-3,4800.000,0.000000
CLOUD_ONLY_seed2,CLOUD_ONLY,2,cloud,4825.000,0.000000
CLOUD_ONLY_seed2,CLOUD_ONLY,2,proxy,4825.000,0.000000
CLOUD_ONLY_seed2,CLOUD_ONLY,2,fog-1,4825.000,0.000000
CLOUD_ONLY_seed2,CLOUD_ONLY,2,fog-2,4825.000,0.000000
CLOUD_ONLY_seed2,CLOUD_ONLY,2,fog-3,4825.000,0.000000
CLOUD_ONLY_seed2,CLOUD_ONLY,2,cloud,4850.000,0.000000
CLOUD_ONLY_seed2,CLOUD_ONLY,2,proxy,4850.000,0.000000
CLOUD_ONLY_seed2,CLOUD_ONLY,2,fog-1,4850.000,0.000000
CLOUD_ONLY_seed2,CLOUD_ONLY,2,fog-2,4850.000,0.000000
CLOUD_ONLY_seed2,CLOUD_ONLY,2,fog-3,4850.000,0.000000
CLOUD_ONLY_seed2,CLOUD_ONLY,2,cloud,4875.000,0.000000
CLOUD_ONLY_seed2,CLOUD_ONLY,2,proxy,4875.000,0.000000
CLOUD_ONLY_seed2,CLOUD_ONLY,2,fog-1,4875.000,0.000000
CLOUD_ONLY_seed2,CLOUD_ONLY,2,fog-2,4875.000,0.000000
CLOUD_ONLY_seed2,CLOUD_ONLY,2,fog-3,4875.000,0.000000
CLOUD_ONLY_seed2,CLOUD_ONLY,2,cloud,4900.000,0.000000
CLOUD_ONLY_seed2,CLOUD_ONLY,2,proxy,4900.000,0.000000
CLOUD_ONLY_seed2,CLOUD_ONLY,2,fog-1,4900.000,0.000000
CLOUD_ONLY_seed2,CLOUD_ONLY,2,fog-2,4900.000,0.000000
CLOUD_ONLY_seed2,CLOUD_ONLY,2,fog-3,4900.000,0.000000
CLOUD_ONLY_seed2,CLOUD_ONLY,2,cloud,4925.000,0.000000
CLOUD_ONLY_seed2,CLOUD_ONLY,2,proxy,4925.000,0.000000
CLOUD_ONLY_seed2,CLOUD_ONLY,2,fog-1,4925.000,0.000000
CLOUD_ONLY_seed2,CLOUD_ONLY,2,fog-2,4925.000,0.000000
CLOUD_ONLY_seed2,CLOUD_ONLY,2,fog-3,4925.000,0.000000
CLOUD_ONLY_seed2,CLOUD_ONLY,2,cloud,4950.000,0.000000
CLOUD_ONLY_seed2,CLOUD_ONLY,2,proxy,4950.000,0.000000
CLOUD_ONLY_seed2,CLOUD_ONLY,2,fog-1,4950.000,0.000000
CLOUD_ONLY_seed2,CLOUD_ONLY,2,fog-2,4950.000,0.000000
CLOUD_ONLY_seed2,CLOUD_ONLY,2,fog-3,4950.000,0.000000
CLOUD_ONLY_seed2,CLOUD_ONLY,2,cloud,4975.000,0.000000
CLOUD_ONLY_seed2,CLOUD_ONLY,2,proxy,4975.000,0.000000
CLOUD_ONLY_seed2,CLOUD_ONLY,2,fog-1,4975.000,0.000000
CLOUD_ONLY_seed2,CLOUD_ONLY,2,fog-2,4975.000,0.000000
CLOUD_ONLY_seed2,CLOUD_ONLY,2,fog-3,4975.000,0.000000
CLOUD_ONLY_seed2,CLOUD_ONLY,2,cloud,5000.000,0.000000
CLOUD_ONLY_seed2,CLOUD_ONLY,2,proxy,5000.000,0.000000
CLOUD_ONLY_seed2,CLOUD_ONLY,2,fog-1,5000.000,0.000000
CLOUD_ONLY_seed2,CLOUD_ONLY,2,fog-2,5000.000,0.000000
CLOUD_ONLY_seed2,CLOUD_ONLY,2,fog-3,5000.000,0.000000
CLOUD_ONLY_seed3,CLOUD_ONLY,3,cloud,25.000,0.000402
CLOUD_ONLY_seed3,CLOUD_ONLY,3,proxy,25.000,0.000000
CLOUD_ONLY_seed3,CLOUD_ONLY,3,fog-1,25.000,0.000000
CLOUD_ONLY_seed3,CLOUD_ONLY,3,fog-2,25.000,0.000000
CLOUD_ONLY_seed3,CLOUD_ONLY,3,fog-3,25.000,0.000000
CLOUD_ONLY_seed3,CLOUD_ONLY,3,cloud,50.000,0.000402
CLOUD_ONLY_seed3,CLOUD_ONLY,3,proxy,50.000,0.000000
CLOUD_ONLY_seed3,CLOUD_ONLY,3,fog-1,50.000,0.000000
CLOUD_ONLY_seed3,CLOUD_ONLY,3,fog-2,50.000,0.000000
CLOUD_ONLY_seed3,CLOUD_ONLY,3,fog-3,50.000,0.000000
CLOUD_ONLY_seed3,CLOUD_ONLY,3,cloud,75.000,0.000402
CLOUD_ONLY_seed3,CLOUD_ONLY,3,proxy,75.000,0.000000
CLOUD_ONLY_seed3,CLOUD_ONLY,3,fog-1,75.000,0.000000
CLOUD_ONLY_seed3,CLOUD_ONLY,3,fog-2,75.000,0.000000
CLOUD_ONLY_seed3,CLOUD_ONLY,3,fog-3,75.000,0.000000
CLOUD_ONLY_seed3,CLOUD_ONLY,3,cloud,100.000,0.000402
CLOUD_ONLY_seed3,CLOUD_ONLY,3,proxy,100.000,0.000000
CLOUD_ONLY_seed3,CLOUD_ONLY,3,fog-1,100.000,0.000000
CLOUD_ONLY_seed3,CLOUD_ONLY,3,fog-2,100.000,0.000000
CLOUD_ONLY_seed3,CLOUD_ONLY,3,fog-3,100.000,0.000000
CLOUD_ONLY_seed3,CLOUD_ONLY,3,cloud,125.000,0.000402
CLOUD_ONLY_seed3,CLOUD_ONLY,3,proxy,125.000,0.000000
CLOUD_ONLY_seed3,CLOUD_ONLY,3,fog-1,125.000,0.000000
CLOUD_ONLY_seed3,CLOUD_ONLY,3,fog-2,125.000,0.000000
CLOUD_ONLY_seed3,CLOUD_ONLY,3,fog-3,125.000,0.000000
CLOUD_ONLY_seed3,CLOUD_ONLY,3,cloud,150.000,0.000402
CLOUD_ONLY_seed3,CLOUD_ONLY,3,proxy,150.000,0.000000
CLOUD_ONLY_seed3,CLOUD_ONLY,3,fog-1,150.000,0.000000
CLOUD_ONLY_seed3,CLOUD_ONLY,3,fog-2,150.000,0.000000
CLOUD_ONLY_seed3,CLOUD_ONLY,3,fog-3,150.000,0.000000
CLOUD_ONLY_seed3,CLOUD_ONLY,3,cloud,175.000,0.040161
CLOUD_ONLY_seed3,CLOUD_ONLY,3,proxy,175.000,0.000000
CLOUD_ONLY_seed3,CLOUD_ONLY,3,fog-1,175.000,0.000000
CLOUD_ONLY_seed3,CLOUD_ONLY,3,fog-2,175.000,0.000000
CLOUD_ONLY_seed3,CLOUD_ONLY,3,fog-3,175.000,0.000000
CLOUD_ONLY_seed3,CLOUD_ONLY,3,cloud,200.000,0.000000
CLOUD_ONLY_seed3,CLOUD_ONLY,3,proxy,200.000,0.000000
CLOUD_ONLY_seed3,CLOUD_ONLY,3,fog-1,200.000,0.000000
CLOUD_ONLY_seed3,CLOUD_ONLY,3,fog-2,200.000,0.000000
CLOUD_ONLY_seed3,CLOUD_ONLY,3,fog-3,200.000,0.000000
CLOUD_ONLY_seed3,CLOUD_ONLY,3,cloud,225.000,0.000000
CLOUD_ONLY_seed3,CLOUD_ONLY,3,proxy,225.000,0.000000
CLOUD_ONLY_seed3,CLOUD_ONLY,3,fog-1,225.000,0.000000
CLOUD_ONLY_seed3,CLOUD_ONLY,3,fog-2,225.000,0.000000
CLOUD_ONLY_seed3,CLOUD_ONLY,3,fog-3,225.000,0.000000
CLOUD_ONLY_seed3,CLOUD_ONLY,3,cloud,250.000,0.000000
CLOUD_ONLY_seed3,CLOUD_ONLY,3,proxy,250.000,0.000000
CLOUD_ONLY_seed3,CLOUD_ONLY,3,fog-1,250.000,0.000000
CLOUD_ONLY_seed3,CLOUD_ONLY,3,fog-2,250.000,0.000000
CLOUD_ONLY_seed3,CLOUD_ONLY,3,fog-3,250.000,0.000000
CLOUD_ONLY_seed3,CLOUD_ONLY,3,cloud,275.000,0.000000
CLOUD_ONLY_seed3,CLOUD_ONLY,3,proxy,275.000,0.000000
CLOUD_ONLY_seed3,CLOUD_ONLY,3,fog-1,275.000,0.000000
CLOUD_ONLY_seed3,CLOUD_ONLY,3,fog-2,275.000,0.000000
CLOUD_ONLY_seed3,CLOUD_ONLY,3,fog-3,275.000,0.000000
CLOUD_ONLY_seed3,CLOUD_ONLY,3,cloud,300.000,0.000000
CLOUD_ONLY_seed3,CLOUD_ONLY,3,proxy,300.000,0.000000
CLOUD_ONLY_seed3,CLOUD_ONLY,3,fog-1,300.000,0.000000
CLOUD_ONLY_seed3,CLOUD_ONLY,3,fog-2,300.000,0.000000
CLOUD_ONLY_seed3,CLOUD_ONLY,3,fog-3,300.000,0.000000
CLOUD_ONLY_seed3,CLOUD_ONLY,3,cloud,325.000,0.000000
CLOUD_ONLY_seed3,CLOUD_ONLY,3,proxy,325.000,0.000000
CLOUD_ONLY_seed3,CLOUD_ONLY,3,fog-1,325.000,0.000000
CLOUD_ONLY_seed3,CLOUD_ONLY,3,fog-2,325.000,0.000000
CLOUD_ONLY_seed3,CLOUD_ONLY,3,fog-3,325.000,0.000000
CLOUD_ONLY_seed3,CLOUD_ONLY,3,cloud,350.000,0.000000
CLOUD_ONLY_seed3,CLOUD_ONLY,3,proxy,350.000,0.000000
CLOUD_ONLY_seed3,CLOUD_ONLY,3,fog-1,350.000,0.000000
CLOUD_ONLY_seed3,CLOUD_ONLY,3,fog-2,350.000,0.000000
CLOUD_ONLY_seed3,CLOUD_ONLY,3,fog-3,350.000,0.000000
CLOUD_ONLY_seed3,CLOUD_ONLY,3,cloud,375.000,0.000000
CLOUD_ONLY_seed3,CLOUD_ONLY,3,proxy,375.000,0.000000
CLOUD_ONLY_seed3,CLOUD_ONLY,3,fog-1,375.000,0.000000
CLOUD_ONLY_seed3,CLOUD_ONLY,3,fog-2,375.000,0.000000
CLOUD_ONLY_seed3,CLOUD_ONLY,3,fog-3,375.000,0.000000
CLOUD_ONLY_seed3,CLOUD_ONLY,3,cloud,400.000,0.000000
CLOUD_ONLY_seed3,CLOUD_ONLY,3,proxy,400.000,0.000000
CLOUD_ONLY_seed3,CLOUD_ONLY,3,fog-1,400.000,0.000000
CLOUD_ONLY_seed3,CLOUD_ONLY,3,fog-2,400.000,0.000000
CLOUD_ONLY_seed3,CLOUD_ONLY,3,fog-3,400.000,0.000000
CLOUD_ONLY_seed3,CLOUD_ONLY,3,cloud,425.000,0.000000
CLOUD_ONLY_seed3,CLOUD_ONLY,3,proxy,425.000,0.000000
CLOUD_ONLY_seed3,CLOUD_ONLY,3,fog-1,425.000,0.000000
CLOUD_ONLY_seed3,CLOUD_ONLY,3,fog-2,425.000,0.000000
CLOUD_ONLY_seed3,CLOUD_ONLY,3,fog-3,425.000,0.000000
CLOUD_ONLY_seed3,CLOUD_ONLY,3,cloud,450.000,0.000000
CLOUD_ONLY_seed3,CLOUD_ONLY,3,proxy,450.000,0.000000
CLOUD_ONLY_seed3,CLOUD_ONLY,3,fog-1,450.000,0.000000
CLOUD_ONLY_seed3,CLOUD_ONLY,3,fog-2,450.000,0.000000
CLOUD_ONLY_seed3,CLOUD_ONLY,3,fog-3,450.000,0.000000
CLOUD_ONLY_seed3,CLOUD_ONLY,3,cloud,475.000,0.000000
CLOUD_ONLY_seed3,CLOUD_ONLY,3,proxy,475.000,0.000000
CLOUD_ONLY_seed3,CLOUD_ONLY,3,fog-1,475.000,0.000000
CLOUD_ONLY_seed3,CLOUD_ONLY,3,fog-2,475.000,0.000000
CLOUD_ONLY_seed3,CLOUD_ONLY,3,fog-3,475.000,0.000000
CLOUD_ONLY_seed3,CLOUD_ONLY,3,cloud,500.000,0.000000
CLOUD_ONLY_seed3,CLOUD_ONLY,3,proxy,500.000,0.000000
CLOUD_ONLY_seed3,CLOUD_ONLY,3,fog-1,500.000,0.000000
CLOUD_ONLY_seed3,CLOUD_ONLY,3,fog-2,500.000,0.000000
CLOUD_ONLY_seed3,CLOUD_ONLY,3,fog-3,500.000,0.000000
CLOUD_ONLY_seed3,CLOUD_ONLY,3,cloud,525.000,0.000000
CLOUD_ONLY_seed3,CLOUD_ONLY,3,proxy,525.000,0.000000
CLOUD_ONLY_seed3,CLOUD_ONLY,3,fog-1,525.000,0.000000
CLOUD_ONLY_seed3,CLOUD_ONLY,3,fog-2,525.000,0.000000
CLOUD_ONLY_seed3,CLOUD_ONLY,3,fog-3,525.000,0.000000
CLOUD_ONLY_seed3,CLOUD_ONLY,3,cloud,550.000,0.000000
CLOUD_ONLY_seed3,CLOUD_ONLY,3,proxy,550.000,0.000000
CLOUD_ONLY_seed3,CLOUD_ONLY,3,fog-1,550.000,0.000000
CLOUD_ONLY_seed3,CLOUD_ONLY,3,fog-2,550.000,0.000000
CLOUD_ONLY_seed3,CLOUD_ONLY,3,fog-3,550.000,0.000000
CLOUD_ONLY_seed3,CLOUD_ONLY,3,cloud,575.000,0.000000
CLOUD_ONLY_seed3,CLOUD_ONLY,3,proxy,575.000,0.000000
CLOUD_ONLY_seed3,CLOUD_ONLY,3,fog-1,575.000,0.000000
CLOUD_ONLY_seed3,CLOUD_ONLY,3,fog-2,575.000,0.000000
CLOUD_ONLY_seed3,CLOUD_ONLY,3,fog-3,575.000,0.000000
CLOUD_ONLY_seed3,CLOUD_ONLY,3,cloud,600.000,0.000000
CLOUD_ONLY_seed3,CLOUD_ONLY,3,proxy,600.000,0.000000
CLOUD_ONLY_seed3,CLOUD_ONLY,3,fog-1,600.000,0.000000
CLOUD_ONLY_seed3,CLOUD_ONLY,3,fog-2,600.000,0.000000
CLOUD_ONLY_seed3,CLOUD_ONLY,3,fog-3,600.000,0.000000
CLOUD_ONLY_seed3,CLOUD_ONLY,3,cloud,625.000,0.040000
CLOUD_ONLY_seed3,CLOUD_ONLY,3,proxy,625.000,0.000000
CLOUD_ONLY_seed3,CLOUD_ONLY,3,fog-1,625.000,0.000000
CLOUD_ONLY_seed3,CLOUD_ONLY,3,fog-2,625.000,0.000000
CLOUD_ONLY_seed3,CLOUD_ONLY,3,fog-3,625.000,0.000000
CLOUD_ONLY_seed3,CLOUD_ONLY,3,cloud,650.000,0.000000
CLOUD_ONLY_seed3,CLOUD_ONLY,3,proxy,650.000,0.000000
CLOUD_ONLY_seed3,CLOUD_ONLY,3,fog-1,650.000,0.000000
CLOUD_ONLY_seed3,CLOUD_ONLY,3,fog-2,650.000,0.000000
CLOUD_ONLY_seed3,CLOUD_ONLY,3,fog-3,650.000,0.000000
CLOUD_ONLY_seed3,CLOUD_ONLY,3,cloud,675.000,0.040000
CLOUD_ONLY_seed3,CLOUD_ONLY,3,proxy,675.000,0.000000
CLOUD_ONLY_seed3,CLOUD_ONLY,3,fog-1,675.000,0.000000
CLOUD_ONLY_seed3,CLOUD_ONLY,3,fog-2,675.000,0.000000
CLOUD_ONLY_seed3,CLOUD_ONLY,3,fog-3,675.000,0.000000
CLOUD_ONLY_seed3,CLOUD_ONLY,3,cloud,700.000,0.000000
CLOUD_ONLY_seed3,CLOUD_ONLY,3,proxy,700.000,0.000000
CLOUD_ONLY_seed3,CLOUD_ONLY,3,fog-1,700.000,0.000000
CLOUD_ONLY_seed3,CLOUD_ONLY,3,fog-2,700.000,0.000000
CLOUD_ONLY_seed3,CLOUD_ONLY,3,fog-3,700.000,0.000000
CLOUD_ONLY_seed3,CLOUD_ONLY,3,cloud,725.000,0.040000
CLOUD_ONLY_seed3,CLOUD_ONLY,3,proxy,725.000,0.000000
CLOUD_ONLY_seed3,CLOUD_ONLY,3,fog-1,725.000,0.000000
CLOUD_ONLY_seed3,CLOUD_ONLY,3,fog-2,725.000,0.000000
CLOUD_ONLY_seed3,CLOUD_ONLY,3,fog-3,725.000,0.000000
CLOUD_ONLY_seed3,CLOUD_ONLY,3,cloud,750.000,0.000000
CLOUD_ONLY_seed3,CLOUD_ONLY,3,proxy,750.000,0.000000
CLOUD_ONLY_seed3,CLOUD_ONLY,3,fog-1,750.000,0.000000
CLOUD_ONLY_seed3,CLOUD_ONLY,3,fog-2,750.000,0.000000
CLOUD_ONLY_seed3,CLOUD_ONLY,3,fog-3,750.000,0.000000
CLOUD_ONLY_seed3,CLOUD_ONLY,3,cloud,775.000,0.040000
CLOUD_ONLY_seed3,CLOUD_ONLY,3,proxy,775.000,0.000000
CLOUD_ONLY_seed3,CLOUD_ONLY,3,fog-1,775.000,0.000000
CLOUD_ONLY_seed3,CLOUD_ONLY,3,fog-2,775.000,0.000000
CLOUD_ONLY_seed3,CLOUD_ONLY,3,fog-3,775.000,0.000000
CLOUD_ONLY_seed3,CLOUD_ONLY,3,cloud,800.000,0.000000
CLOUD_ONLY_seed3,CLOUD_ONLY,3,proxy,800.000,0.000000
CLOUD_ONLY_seed3,CLOUD_ONLY,3,fog-1,800.000,0.000000
CLOUD_ONLY_seed3,CLOUD_ONLY,3,fog-2,800.000,0.000000
CLOUD_ONLY_seed3,CLOUD_ONLY,3,fog-3,800.000,0.000000
CLOUD_ONLY_seed3,CLOUD_ONLY,3,cloud,825.000,0.040000
CLOUD_ONLY_seed3,CLOUD_ONLY,3,proxy,825.000,0.000000
CLOUD_ONLY_seed3,CLOUD_ONLY,3,fog-1,825.000,0.000000
CLOUD_ONLY_seed3,CLOUD_ONLY,3,fog-2,825.000,0.000000
CLOUD_ONLY_seed3,CLOUD_ONLY,3,fog-3,825.000,0.000000
CLOUD_ONLY_seed3,CLOUD_ONLY,3,cloud,850.000,0.000000
CLOUD_ONLY_seed3,CLOUD_ONLY,3,proxy,850.000,0.000000
CLOUD_ONLY_seed3,CLOUD_ONLY,3,fog-1,850.000,0.000000
CLOUD_ONLY_seed3,CLOUD_ONLY,3,fog-2,850.000,0.000000
CLOUD_ONLY_seed3,CLOUD_ONLY,3,fog-3,850.000,0.000000
CLOUD_ONLY_seed3,CLOUD_ONLY,3,cloud,875.000,0.040000
CLOUD_ONLY_seed3,CLOUD_ONLY,3,proxy,875.000,0.000000
CLOUD_ONLY_seed3,CLOUD_ONLY,3,fog-1,875.000,0.000000
CLOUD_ONLY_seed3,CLOUD_ONLY,3,fog-2,875.000,0.000000
CLOUD_ONLY_seed3,CLOUD_ONLY,3,fog-3,875.000,0.000000
CLOUD_ONLY_seed3,CLOUD_ONLY,3,cloud,900.000,0.000000
CLOUD_ONLY_seed3,CLOUD_ONLY,3,proxy,900.000,0.000000
CLOUD_ONLY_seed3,CLOUD_ONLY,3,fog-1,900.000,0.000000
CLOUD_ONLY_seed3,CLOUD_ONLY,3,fog-2,900.000,0.000000
CLOUD_ONLY_seed3,CLOUD_ONLY,3,fog-3,900.000,0.000000
CLOUD_ONLY_seed3,CLOUD_ONLY,3,cloud,925.000,0.040000
CLOUD_ONLY_seed3,CLOUD_ONLY,3,proxy,925.000,0.000000
CLOUD_ONLY_seed3,CLOUD_ONLY,3,fog-1,925.000,0.000000
CLOUD_ONLY_seed3,CLOUD_ONLY,3,fog-2,925.000,0.000000
CLOUD_ONLY_seed3,CLOUD_ONLY,3,fog-3,925.000,0.000000
CLOUD_ONLY_seed3,CLOUD_ONLY,3,cloud,950.000,0.000000
CLOUD_ONLY_seed3,CLOUD_ONLY,3,proxy,950.000,0.000000
CLOUD_ONLY_seed3,CLOUD_ONLY,3,fog-1,950.000,0.000000
CLOUD_ONLY_seed3,CLOUD_ONLY,3,fog-2,950.000,0.000000
CLOUD_ONLY_seed3,CLOUD_ONLY,3,fog-3,950.000,0.000000
CLOUD_ONLY_seed3,CLOUD_ONLY,3,cloud,975.000,0.040000
CLOUD_ONLY_seed3,CLOUD_ONLY,3,proxy,975.000,0.000000
CLOUD_ONLY_seed3,CLOUD_ONLY,3,fog-1,975.000,0.000000
CLOUD_ONLY_seed3,CLOUD_ONLY,3,fog-2,975.000,0.000000
CLOUD_ONLY_seed3,CLOUD_ONLY,3,fog-3,975.000,0.000000
CLOUD_ONLY_seed3,CLOUD_ONLY,3,cloud,1000.000,0.000000
CLOUD_ONLY_seed3,CLOUD_ONLY,3,proxy,1000.000,0.000000
CLOUD_ONLY_seed3,CLOUD_ONLY,3,fog-1,1000.000,0.000000
CLOUD_ONLY_seed3,CLOUD_ONLY,3,fog-2,1000.000,0.000000
CLOUD_ONLY_seed3,CLOUD_ONLY,3,fog-3,1000.000,0.000000
CLOUD_ONLY_seed3,CLOUD_ONLY,3,cloud,1025.000,0.040000
CLOUD_ONLY_seed3,CLOUD_ONLY,3,proxy,1025.000,0.000000
CLOUD_ONLY_seed3,CLOUD_ONLY,3,fog-1,1025.000,0.000000
CLOUD_ONLY_seed3,CLOUD_ONLY,3,fog-2,1025.000,0.000000
CLOUD_ONLY_seed3,CLOUD_ONLY,3,fog-3,1025.000,0.000000
CLOUD_ONLY_seed3,CLOUD_ONLY,3,cloud,1050.000,0.000000
CLOUD_ONLY_seed3,CLOUD_ONLY,3,proxy,1050.000,0.000000
CLOUD_ONLY_seed3,CLOUD_ONLY,3,fog-1,1050.000,0.000000
CLOUD_ONLY_seed3,CLOUD_ONLY,3,fog-2,1050.000,0.000000
CLOUD_ONLY_seed3,CLOUD_ONLY,3,fog-3,1050.000,0.000000
CLOUD_ONLY_seed3,CLOUD_ONLY,3,cloud,1075.000,0.040000
CLOUD_ONLY_seed3,CLOUD_ONLY,3,proxy,1075.000,0.000000
CLOUD_ONLY_seed3,CLOUD_ONLY,3,fog-1,1075.000,0.000000
CLOUD_ONLY_seed3,CLOUD_ONLY,3,fog-2,1075.000,0.000000
CLOUD_ONLY_seed3,CLOUD_ONLY,3,fog-3,1075.000,0.000000
CLOUD_ONLY_seed3,CLOUD_ONLY,3,cloud,1100.000,0.000000
CLOUD_ONLY_seed3,CLOUD_ONLY,3,proxy,1100.000,0.000000
CLOUD_ONLY_seed3,CLOUD_ONLY,3,fog-1,1100.000,0.000000
CLOUD_ONLY_seed3,CLOUD_ONLY,3,fog-2,1100.000,0.000000
CLOUD_ONLY_seed3,CLOUD_ONLY,3,fog-3,1100.000,0.000000
CLOUD_ONLY_seed3,CLOUD_ONLY,3,cloud,1125.000,0.040000
CLOUD_ONLY_seed3,CLOUD_ONLY,3,proxy,1125.000,0.000000
CLOUD_ONLY_seed3,CLOUD_ONLY,3,fog-1,1125.000,0.000000
CLOUD_ONLY_seed3,CLOUD_ONLY,3,fog-2,1125.000,0.000000
CLOUD_ONLY_seed3,CLOUD_ONLY,3,fog-3,1125.000,0.000000
CLOUD_ONLY_seed3,CLOUD_ONLY,3,cloud,1150.000,0.000000
CLOUD_ONLY_seed3,CLOUD_ONLY,3,proxy,1150.000,0.000000
CLOUD_ONLY_seed3,CLOUD_ONLY,3,fog-1,1150.000,0.000000
CLOUD_ONLY_seed3,CLOUD_ONLY,3,fog-2,1150.000,0.000000
CLOUD_ONLY_seed3,CLOUD_ONLY,3,fog-3,1150.000,0.000000
CLOUD_ONLY_seed3,CLOUD_ONLY,3,cloud,1175.000,0.040000
CLOUD_ONLY_seed3,CLOUD_ONLY,3,proxy,1175.000,0.000000
CLOUD_ONLY_seed3,CLOUD_ONLY,3,fog-1,1175.000,0.000000
CLOUD_ONLY_seed3,CLOUD_ONLY,3,fog-2,1175.000,0.000000
CLOUD_ONLY_seed3,CLOUD_ONLY,3,fog-3,1175.000,0.000000
CLOUD_ONLY_seed3,CLOUD_ONLY,3,cloud,1200.000,0.000000
CLOUD_ONLY_seed3,CLOUD_ONLY,3,proxy,1200.000,0.000000
CLOUD_ONLY_seed3,CLOUD_ONLY,3,fog-1,1200.000,0.000000
CLOUD_ONLY_seed3,CLOUD_ONLY,3,fog-2,1200.000,0.000000
CLOUD_ONLY_seed3,CLOUD_ONLY,3,fog-3,1200.000,0.000000
CLOUD_ONLY_seed3,CLOUD_ONLY,3,cloud,1225.000,0.040000
CLOUD_ONLY_seed3,CLOUD_ONLY,3,proxy,1225.000,0.000000
CLOUD_ONLY_seed3,CLOUD_ONLY,3,fog-1,1225.000,0.000000
CLOUD_ONLY_seed3,CLOUD_ONLY,3,fog-2,1225.000,0.000000
CLOUD_ONLY_seed3,CLOUD_ONLY,3,fog-3,1225.000,0.000000
CLOUD_ONLY_seed3,CLOUD_ONLY,3,cloud,1250.000,0.000000
CLOUD_ONLY_seed3,CLOUD_ONLY,3,proxy,1250.000,0.000000
CLOUD_ONLY_seed3,CLOUD_ONLY,3,fog-1,1250.000,0.000000
CLOUD_ONLY_seed3,CLOUD_ONLY,3,fog-2,1250.000,0.000000
CLOUD_ONLY_seed3,CLOUD_ONLY,3,fog-3,1250.000,0.000000
CLOUD_ONLY_seed3,CLOUD_ONLY,3,cloud,1275.000,0.040000
CLOUD_ONLY_seed3,CLOUD_ONLY,3,proxy,1275.000,0.000000
CLOUD_ONLY_seed3,CLOUD_ONLY,3,fog-1,1275.000,0.000000
CLOUD_ONLY_seed3,CLOUD_ONLY,3,fog-2,1275.000,0.000000
CLOUD_ONLY_seed3,CLOUD_ONLY,3,fog-3,1275.000,0.000000
CLOUD_ONLY_seed3,CLOUD_ONLY,3,cloud,1300.000,0.000000
CLOUD_ONLY_seed3,CLOUD_ONLY,3,proxy,1300.000,0.000000
CLOUD_ONLY_seed3,CLOUD_ONLY,3,fog-1,1300.000,0.000000
CLOUD_ONLY_seed3,CLOUD_ONLY,3,fog-2,1300.000,0.000000
CLOUD_ONLY_seed3,CLOUD_ONLY,3,fog-3,1300.000,0.000000
CLOUD_ONLY_seed3,CLOUD_ONLY,3,cloud,1325.000,0.040000
CLOUD_ONLY_seed3,CLOUD_ONLY,3,proxy,1325.000,0.000000
CLOUD_ONLY_seed3,CLOUD_ONLY,3,fog-1,1325.000,0.000000
CLOUD_ONLY_seed3,CLOUD_ONLY,3,fog-2,1325.000,0.000000
CLOUD_ONLY_seed3,CLOUD_ONLY,3,fog-3,1325.000,0.000000
CLOUD_ONLY_seed3,CLOUD_ONLY,3,cloud,1350.000,0.000000
CLOUD_ONLY_seed3,CLOUD_ONLY,3,proxy,1350.000,0.000000
CLOUD_ONLY_seed3,CLOUD_ONLY,3,fog-1,1350.000,0.000000
CLOUD_ONLY_seed3,CLOUD_ONLY,3,fog-2,1350.000,0.000000
CLOUD_ONLY_seed3,CLOUD_ONLY,3,fog-3,1350.000,0.000000
CLOUD_ONLY_seed3,CLOUD_ONLY,3,cloud,1375.000,0.040000
CLOUD_ONLY_seed3,CLOUD_ONLY,3,proxy,1375.000,0.000000
CLOUD_ONLY_seed3,CLOUD_ONLY,3,fog-1,1375.000,0.000000
CLOUD_ONLY_seed3,CLOUD_ONLY,3,fog-2,1375.000,0.000000
CLOUD_ONLY_seed3,CLOUD_ONLY,3,fog-3,1375.000,0.000000
CLOUD_ONLY_seed3,CLOUD_ONLY,3,cloud,1400.000,0.000000
CLOUD_ONLY_seed3,CLOUD_ONLY,3,proxy,1400.000,0.000000
CLOUD_ONLY_seed3,CLOUD_ONLY,3,fog-1,1400.000,0.000000
CLOUD_ONLY_seed3,CLOUD_ONLY,3,fog-2,1400.000,0.000000
CLOUD_ONLY_seed3,CLOUD_ONLY,3,fog-3,1400.000,0.000000
CLOUD_ONLY_seed3,CLOUD_ONLY,3,cloud,1425.000,0.040000
CLOUD_ONLY_seed3,CLOUD_ONLY,3,proxy,1425.000,0.000000
CLOUD_ONLY_seed3,CLOUD_ONLY,3,fog-1,1425.000,0.000000
CLOUD_ONLY_seed3,CLOUD_ONLY,3,fog-2,1425.000,0.000000
CLOUD_ONLY_seed3,CLOUD_ONLY,3,fog-3,1425.000,0.000000
CLOUD_ONLY_seed3,CLOUD_ONLY,3,cloud,1450.000,0.000000
CLOUD_ONLY_seed3,CLOUD_ONLY,3,proxy,1450.000,0.000000
CLOUD_ONLY_seed3,CLOUD_ONLY,3,fog-1,1450.000,0.000000
CLOUD_ONLY_seed3,CLOUD_ONLY,3,fog-2,1450.000,0.000000
CLOUD_ONLY_seed3,CLOUD_ONLY,3,fog-3,1450.000,0.000000
CLOUD_ONLY_seed3,CLOUD_ONLY,3,cloud,1475.000,0.040000
CLOUD_ONLY_seed3,CLOUD_ONLY,3,proxy,1475.000,0.000000
CLOUD_ONLY_seed3,CLOUD_ONLY,3,fog-1,1475.000,0.000000
CLOUD_ONLY_seed3,CLOUD_ONLY,3,fog-2,1475.000,0.000000
CLOUD_ONLY_seed3,CLOUD_ONLY,3,fog-3,1475.000,0.000000
CLOUD_ONLY_seed3,CLOUD_ONLY,3,cloud,1500.000,0.000000
CLOUD_ONLY_seed3,CLOUD_ONLY,3,proxy,1500.000,0.000000
CLOUD_ONLY_seed3,CLOUD_ONLY,3,fog-1,1500.000,0.000000
CLOUD_ONLY_seed3,CLOUD_ONLY,3,fog-2,1500.000,0.000000
CLOUD_ONLY_seed3,CLOUD_ONLY,3,fog-3,1500.000,0.000000
CLOUD_ONLY_seed3,CLOUD_ONLY,3,cloud,1525.000,0.040000
CLOUD_ONLY_seed3,CLOUD_ONLY,3,proxy,1525.000,0.000000
CLOUD_ONLY_seed3,CLOUD_ONLY,3,fog-1,1525.000,0.000000
CLOUD_ONLY_seed3,CLOUD_ONLY,3,fog-2,1525.000,0.000000
CLOUD_ONLY_seed3,CLOUD_ONLY,3,fog-3,1525.000,0.000000
CLOUD_ONLY_seed3,CLOUD_ONLY,3,cloud,1550.000,0.000000
CLOUD_ONLY_seed3,CLOUD_ONLY,3,proxy,1550.000,0.000000
CLOUD_ONLY_seed3,CLOUD_ONLY,3,fog-1,1550.000,0.000000
CLOUD_ONLY_seed3,CLOUD_ONLY,3,fog-2,1550.000,0.000000
CLOUD_ONLY_seed3,CLOUD_ONLY,3,fog-3,1550.000,0.000000
CLOUD_ONLY_seed3,CLOUD_ONLY,3,cloud,1575.000,0.040000
CLOUD_ONLY_seed3,CLOUD_ONLY,3,proxy,1575.000,0.000000
CLOUD_ONLY_seed3,CLOUD_ONLY,3,fog-1,1575.000,0.000000
CLOUD_ONLY_seed3,CLOUD_ONLY,3,fog-2,1575.000,0.000000
CLOUD_ONLY_seed3,CLOUD_ONLY,3,fog-3,1575.000,0.000000
CLOUD_ONLY_seed3,CLOUD_ONLY,3,cloud,1600.000,0.000000
CLOUD_ONLY_seed3,CLOUD_ONLY,3,proxy,1600.000,0.000000
CLOUD_ONLY_seed3,CLOUD_ONLY,3,fog-1,1600.000,0.000000
CLOUD_ONLY_seed3,CLOUD_ONLY,3,fog-2,1600.000,0.000000
CLOUD_ONLY_seed3,CLOUD_ONLY,3,fog-3,1600.000,0.000000
CLOUD_ONLY_seed3,CLOUD_ONLY,3,cloud,1625.000,0.040000
CLOUD_ONLY_seed3,CLOUD_ONLY,3,proxy,1625.000,0.000000
CLOUD_ONLY_seed3,CLOUD_ONLY,3,fog-1,1625.000,0.000000
CLOUD_ONLY_seed3,CLOUD_ONLY,3,fog-2,1625.000,0.000000
CLOUD_ONLY_seed3,CLOUD_ONLY,3,fog-3,1625.000,0.000000
CLOUD_ONLY_seed3,CLOUD_ONLY,3,cloud,1650.000,0.000000
CLOUD_ONLY_seed3,CLOUD_ONLY,3,proxy,1650.000,0.000000
CLOUD_ONLY_seed3,CLOUD_ONLY,3,fog-1,1650.000,0.000000
CLOUD_ONLY_seed3,CLOUD_ONLY,3,fog-2,1650.000,0.000000
CLOUD_ONLY_seed3,CLOUD_ONLY,3,fog-3,1650.000,0.000000
CLOUD_ONLY_seed3,CLOUD_ONLY,3,cloud,1675.000,0.040000
CLOUD_ONLY_seed3,CLOUD_ONLY,3,proxy,1675.000,0.000000
CLOUD_ONLY_seed3,CLOUD_ONLY,3,fog-1,1675.000,0.000000
CLOUD_ONLY_seed3,CLOUD_ONLY,3,fog-2,1675.000,0.000000
CLOUD_ONLY_seed3,CLOUD_ONLY,3,fog-3,1675.000,0.000000
CLOUD_ONLY_seed3,CLOUD_ONLY,3,cloud,1700.000,0.000000
CLOUD_ONLY_seed3,CLOUD_ONLY,3,proxy,1700.000,0.000000
CLOUD_ONLY_seed3,CLOUD_ONLY,3,fog-1,1700.000,0.000000
CLOUD_ONLY_seed3,CLOUD_ONLY,3,fog-2,1700.000,0.000000
CLOUD_ONLY_seed3,CLOUD_ONLY,3,fog-3,1700.000,0.000000
CLOUD_ONLY_seed3,CLOUD_ONLY,3,cloud,1725.000,0.040000
CLOUD_ONLY_seed3,CLOUD_ONLY,3,proxy,1725.000,0.000000
CLOUD_ONLY_seed3,CLOUD_ONLY,3,fog-1,1725.000,0.000000
CLOUD_ONLY_seed3,CLOUD_ONLY,3,fog-2,1725.000,0.000000
CLOUD_ONLY_seed3,CLOUD_ONLY,3,fog-3,1725.000,0.000000
CLOUD_ONLY_seed3,CLOUD_ONLY,3,cloud,1750.000,0.000000
CLOUD_ONLY_seed3,CLOUD_ONLY,3,proxy,1750.000,0.000000
CLOUD_ONLY_seed3,CLOUD_ONLY,3,fog-1,1750.000,0.000000
CLOUD_ONLY_seed3,CLOUD_ONLY,3,fog-2,1750.000,0.000000
CLOUD_ONLY_seed3,CLOUD_ONLY,3,fog-3,1750.000,0.000000
CLOUD_ONLY_seed3,CLOUD_ONLY,3,cloud,1775.000,0.040000
CLOUD_ONLY_seed3,CLOUD_ONLY,3,proxy,1775.000,0.000000
CLOUD_ONLY_seed3,CLOUD_ONLY,3,fog-1,1775.000,0.000000
CLOUD_ONLY_seed3,CLOUD_ONLY,3,fog-2,1775.000,0.000000
CLOUD_ONLY_seed3,CLOUD_ONLY,3,fog-3,1775.000,0.000000
CLOUD_ONLY_seed3,CLOUD_ONLY,3,cloud,1800.000,0.000000
CLOUD_ONLY_seed3,CLOUD_ONLY,3,proxy,1800.000,0.000000
CLOUD_ONLY_seed3,CLOUD_ONLY,3,fog-1,1800.000,0.000000
CLOUD_ONLY_seed3,CLOUD_ONLY,3,fog-2,1800.000,0.000000
CLOUD_ONLY_seed3,CLOUD_ONLY,3,fog-3,1800.000,0.000000
CLOUD_ONLY_seed3,CLOUD_ONLY,3,cloud,1825.000,0.040000
CLOUD_ONLY_seed3,CLOUD_ONLY,3,proxy,1825.000,0.000000
CLOUD_ONLY_seed3,CLOUD_ONLY,3,fog-1,1825.000,0.000000
CLOUD_ONLY_seed3,CLOUD_ONLY,3,fog-2,1825.000,0.000000
CLOUD_ONLY_seed3,CLOUD_ONLY,3,fog-3,1825.000,0.000000
CLOUD_ONLY_seed3,CLOUD_ONLY,3,cloud,1850.000,0.000000
CLOUD_ONLY_seed3,CLOUD_ONLY,3,proxy,1850.000,0.000000
CLOUD_ONLY_seed3,CLOUD_ONLY,3,fog-1,1850.000,0.000000
CLOUD_ONLY_seed3,CLOUD_ONLY,3,fog-2,1850.000,0.000000
CLOUD_ONLY_seed3,CLOUD_ONLY,3,fog-3,1850.000,0.000000
CLOUD_ONLY_seed3,CLOUD_ONLY,3,cloud,1875.000,0.040000
CLOUD_ONLY_seed3,CLOUD_ONLY,3,proxy,1875.000,0.000000
CLOUD_ONLY_seed3,CLOUD_ONLY,3,fog-1,1875.000,0.000000
CLOUD_ONLY_seed3,CLOUD_ONLY,3,fog-2,1875.000,0.000000
CLOUD_ONLY_seed3,CLOUD_ONLY,3,fog-3,1875.000,0.000000
CLOUD_ONLY_seed3,CLOUD_ONLY,3,cloud,1900.000,0.000000
CLOUD_ONLY_seed3,CLOUD_ONLY,3,proxy,1900.000,0.000000
CLOUD_ONLY_seed3,CLOUD_ONLY,3,fog-1,1900.000,0.000000
CLOUD_ONLY_seed3,CLOUD_ONLY,3,fog-2,1900.000,0.000000
CLOUD_ONLY_seed3,CLOUD_ONLY,3,fog-3,1900.000,0.000000
CLOUD_ONLY_seed3,CLOUD_ONLY,3,cloud,1925.000,0.040000
CLOUD_ONLY_seed3,CLOUD_ONLY,3,proxy,1925.000,0.000000
CLOUD_ONLY_seed3,CLOUD_ONLY,3,fog-1,1925.000,0.000000
CLOUD_ONLY_seed3,CLOUD_ONLY,3,fog-2,1925.000,0.000000
CLOUD_ONLY_seed3,CLOUD_ONLY,3,fog-3,1925.000,0.000000
CLOUD_ONLY_seed3,CLOUD_ONLY,3,cloud,1950.000,0.000000
CLOUD_ONLY_seed3,CLOUD_ONLY,3,proxy,1950.000,0.000000
CLOUD_ONLY_seed3,CLOUD_ONLY,3,fog-1,1950.000,0.000000
CLOUD_ONLY_seed3,CLOUD_ONLY,3,fog-2,1950.000,0.000000
CLOUD_ONLY_seed3,CLOUD_ONLY,3,fog-3,1950.000,0.000000
CLOUD_ONLY_seed3,CLOUD_ONLY,3,cloud,1975.000,0.040000
CLOUD_ONLY_seed3,CLOUD_ONLY,3,proxy,1975.000,0.000000
CLOUD_ONLY_seed3,CLOUD_ONLY,3,fog-1,1975.000,0.000000
CLOUD_ONLY_seed3,CLOUD_ONLY,3,fog-2,1975.000,0.000000
CLOUD_ONLY_seed3,CLOUD_ONLY,3,fog-3,1975.000,0.000000
CLOUD_ONLY_seed3,CLOUD_ONLY,3,cloud,2000.000,0.000000
CLOUD_ONLY_seed3,CLOUD_ONLY,3,proxy,2000.000,0.000000
CLOUD_ONLY_seed3,CLOUD_ONLY,3,fog-1,2000.000,0.000000
CLOUD_ONLY_seed3,CLOUD_ONLY,3,fog-2,2000.000,0.000000
CLOUD_ONLY_seed3,CLOUD_ONLY,3,fog-3,2000.000,0.000000
CLOUD_ONLY_seed3,CLOUD_ONLY,3,cloud,2025.000,0.040000
CLOUD_ONLY_seed3,CLOUD_ONLY,3,proxy,2025.000,0.000000
CLOUD_ONLY_seed3,CLOUD_ONLY,3,fog-1,2025.000,0.000000
CLOUD_ONLY_seed3,CLOUD_ONLY,3,fog-2,2025.000,0.000000
CLOUD_ONLY_seed3,CLOUD_ONLY,3,fog-3,2025.000,0.000000
CLOUD_ONLY_seed3,CLOUD_ONLY,3,cloud,2050.000,0.000000
CLOUD_ONLY_seed3,CLOUD_ONLY,3,proxy,2050.000,0.000000
CLOUD_ONLY_seed3,CLOUD_ONLY,3,fog-1,2050.000,0.000000
CLOUD_ONLY_seed3,CLOUD_ONLY,3,fog-2,2050.000,0.000000
CLOUD_ONLY_seed3,CLOUD_ONLY,3,fog-3,2050.000,0.000000
CLOUD_ONLY_seed3,CLOUD_ONLY,3,cloud,2075.000,0.040000
CLOUD_ONLY_seed3,CLOUD_ONLY,3,proxy,2075.000,0.000000
CLOUD_ONLY_seed3,CLOUD_ONLY,3,fog-1,2075.000,0.000000
CLOUD_ONLY_seed3,CLOUD_ONLY,3,fog-2,2075.000,0.000000
CLOUD_ONLY_seed3,CLOUD_ONLY,3,fog-3,2075.000,0.000000
CLOUD_ONLY_seed3,CLOUD_ONLY,3,cloud,2100.000,0.000000
CLOUD_ONLY_seed3,CLOUD_ONLY,3,proxy,2100.000,0.000000
CLOUD_ONLY_seed3,CLOUD_ONLY,3,fog-1,2100.000,0.000000
CLOUD_ONLY_seed3,CLOUD_ONLY,3,fog-2,2100.000,0.000000
CLOUD_ONLY_seed3,CLOUD_ONLY,3,fog-3,2100.000,0.000000
CLOUD_ONLY_seed3,CLOUD_ONLY,3,cloud,2125.000,0.000000
CLOUD_ONLY_seed3,CLOUD_ONLY,3,proxy,2125.000,0.000000
CLOUD_ONLY_seed3,CLOUD_ONLY,3,fog-1,2125.000,0.000000
CLOUD_ONLY_seed3,CLOUD_ONLY,3,fog-2,2125.000,0.000000
CLOUD_ONLY_seed3,CLOUD_ONLY,3,fog-3,2125.000,0.000000
CLOUD_ONLY_seed3,CLOUD_ONLY,3,cloud,2150.000,0.000000
CLOUD_ONLY_seed3,CLOUD_ONLY,3,proxy,2150.000,0.000000
CLOUD_ONLY_seed3,CLOUD_ONLY,3,fog-1,2150.000,0.000000
CLOUD_ONLY_seed3,CLOUD_ONLY,3,fog-2,2150.000,0.000000
CLOUD_ONLY_seed3,CLOUD_ONLY,3,fog-3,2150.000,0.000000
CLOUD_ONLY_seed3,CLOUD_ONLY,3,cloud,2175.000,0.000000
CLOUD_ONLY_seed3,CLOUD_ONLY,3,proxy,2175.000,0.000000
CLOUD_ONLY_seed3,CLOUD_ONLY,3,fog-1,2175.000,0.000000
CLOUD_ONLY_seed3,CLOUD_ONLY,3,fog-2,2175.000,0.000000
CLOUD_ONLY_seed3,CLOUD_ONLY,3,fog-3,2175.000,0.000000
CLOUD_ONLY_seed3,CLOUD_ONLY,3,cloud,2200.000,0.000000
CLOUD_ONLY_seed3,CLOUD_ONLY,3,proxy,2200.000,0.000000
CLOUD_ONLY_seed3,CLOUD_ONLY,3,fog-1,2200.000,0.000000
CLOUD_ONLY_seed3,CLOUD_ONLY,3,fog-2,2200.000,0.000000
CLOUD_ONLY_seed3,CLOUD_ONLY,3,fog-3,2200.000,0.000000
CLOUD_ONLY_seed3,CLOUD_ONLY,3,cloud,2225.000,0.000000
CLOUD_ONLY_seed3,CLOUD_ONLY,3,proxy,2225.000,0.000000
CLOUD_ONLY_seed3,CLOUD_ONLY,3,fog-1,2225.000,0.000000
CLOUD_ONLY_seed3,CLOUD_ONLY,3,fog-2,2225.000,0.000000
CLOUD_ONLY_seed3,CLOUD_ONLY,3,fog-3,2225.000,0.000000
CLOUD_ONLY_seed3,CLOUD_ONLY,3,cloud,2250.000,0.000000
CLOUD_ONLY_seed3,CLOUD_ONLY,3,proxy,2250.000,0.000000
CLOUD_ONLY_seed3,CLOUD_ONLY,3,fog-1,2250.000,0.000000
CLOUD_ONLY_seed3,CLOUD_ONLY,3,fog-2,2250.000,0.000000
CLOUD_ONLY_seed3,CLOUD_ONLY,3,fog-3,2250.000,0.000000
CLOUD_ONLY_seed3,CLOUD_ONLY,3,cloud,2275.000,0.000000
CLOUD_ONLY_seed3,CLOUD_ONLY,3,proxy,2275.000,0.000000
CLOUD_ONLY_seed3,CLOUD_ONLY,3,fog-1,2275.000,0.000000
CLOUD_ONLY_seed3,CLOUD_ONLY,3,fog-2,2275.000,0.000000
CLOUD_ONLY_seed3,CLOUD_ONLY,3,fog-3,2275.000,0.000000
CLOUD_ONLY_seed3,CLOUD_ONLY,3,cloud,2300.000,0.000000
CLOUD_ONLY_seed3,CLOUD_ONLY,3,proxy,2300.000,0.000000
CLOUD_ONLY_seed3,CLOUD_ONLY,3,fog-1,2300.000,0.000000
CLOUD_ONLY_seed3,CLOUD_ONLY,3,fog-2,2300.000,0.000000
CLOUD_ONLY_seed3,CLOUD_ONLY,3,fog-3,2300.000,0.000000
CLOUD_ONLY_seed3,CLOUD_ONLY,3,cloud,2325.000,0.000000
CLOUD_ONLY_seed3,CLOUD_ONLY,3,proxy,2325.000,0.000000
CLOUD_ONLY_seed3,CLOUD_ONLY,3,fog-1,2325.000,0.000000
CLOUD_ONLY_seed3,CLOUD_ONLY,3,fog-2,2325.000,0.000000
CLOUD_ONLY_seed3,CLOUD_ONLY,3,fog-3,2325.000,0.000000
CLOUD_ONLY_seed3,CLOUD_ONLY,3,cloud,2350.000,0.000000
CLOUD_ONLY_seed3,CLOUD_ONLY,3,proxy,2350.000,0.000000
CLOUD_ONLY_seed3,CLOUD_ONLY,3,fog-1,2350.000,0.000000
CLOUD_ONLY_seed3,CLOUD_ONLY,3,fog-2,2350.000,0.000000
CLOUD_ONLY_seed3,CLOUD_ONLY,3,fog-3,2350.000,0.000000
CLOUD_ONLY_seed3,CLOUD_ONLY,3,cloud,2375.000,0.000000
CLOUD_ONLY_seed3,CLOUD_ONLY,3,proxy,2375.000,0.000000
CLOUD_ONLY_seed3,CLOUD_ONLY,3,fog-1,2375.000,0.000000
CLOUD_ONLY_seed3,CLOUD_ONLY,3,fog-2,2375.000,0.000000
CLOUD_ONLY_seed3,CLOUD_ONLY,3,fog-3,2375.000,0.000000
CLOUD_ONLY_seed3,CLOUD_ONLY,3,cloud,2400.000,0.000000
CLOUD_ONLY_seed3,CLOUD_ONLY,3,proxy,2400.000,0.000000
CLOUD_ONLY_seed3,CLOUD_ONLY,3,fog-1,2400.000,0.000000
CLOUD_ONLY_seed3,CLOUD_ONLY,3,fog-2,2400.000,0.000000
CLOUD_ONLY_seed3,CLOUD_ONLY,3,fog-3,2400.000,0.000000
CLOUD_ONLY_seed3,CLOUD_ONLY,3,cloud,2425.000,0.000000
CLOUD_ONLY_seed3,CLOUD_ONLY,3,proxy,2425.000,0.000000
CLOUD_ONLY_seed3,CLOUD_ONLY,3,fog-1,2425.000,0.000000
CLOUD_ONLY_seed3,CLOUD_ONLY,3,fog-2,2425.000,0.000000
CLOUD_ONLY_seed3,CLOUD_ONLY,3,fog-3,2425.000,0.000000
CLOUD_ONLY_seed3,CLOUD_ONLY,3,cloud,2450.000,0.000000
CLOUD_ONLY_seed3,CLOUD_ONLY,3,proxy,2450.000,0.000000
CLOUD_ONLY_seed3,CLOUD_ONLY,3,fog-1,2450.000,0.000000
CLOUD_ONLY_seed3,CLOUD_ONLY,3,fog-2,2450.000,0.000000
CLOUD_ONLY_seed3,CLOUD_ONLY,3,fog-3,2450.000,0.000000
CLOUD_ONLY_seed3,CLOUD_ONLY,3,cloud,2475.000,0.000000
CLOUD_ONLY_seed3,CLOUD_ONLY,3,proxy,2475.000,0.000000
CLOUD_ONLY_seed3,CLOUD_ONLY,3,fog-1,2475.000,0.000000
CLOUD_ONLY_seed3,CLOUD_ONLY,3,fog-2,2475.000,0.000000
CLOUD_ONLY_seed3,CLOUD_ONLY,3,fog-3,2475.000,0.000000
CLOUD_ONLY_seed3,CLOUD_ONLY,3,cloud,2500.000,0.000000
CLOUD_ONLY_seed3,CLOUD_ONLY,3,proxy,2500.000,0.000000
CLOUD_ONLY_seed3,CLOUD_ONLY,3,fog-1,2500.000,0.000000
CLOUD_ONLY_seed3,CLOUD_ONLY,3,fog-2,2500.000,0.000000
CLOUD_ONLY_seed3,CLOUD_ONLY,3,fog-3,2500.000,0.000000
CLOUD_ONLY_seed3,CLOUD_ONLY,3,cloud,2525.000,0.000000
CLOUD_ONLY_seed3,CLOUD_ONLY,3,proxy,2525.000,0.000000
CLOUD_ONLY_seed3,CLOUD_ONLY,3,fog-1,2525.000,0.000000
CLOUD_ONLY_seed3,CLOUD_ONLY,3,fog-2,2525.000,0.000000
CLOUD_ONLY_seed3,CLOUD_ONLY,3,fog-3,2525.000,0.000000
CLOUD_ONLY_seed3,CLOUD_ONLY,3,cloud,2550.000,0.000000
CLOUD_ONLY_seed3,CLOUD_ONLY,3,proxy,2550.000,0.000000
CLOUD_ONLY_seed3,CLOUD_ONLY,3,fog-1,2550.000,0.000000
CLOUD_ONLY_seed3,CLOUD_ONLY,3,fog-2,2550.000,0.000000
CLOUD_ONLY_seed3,CLOUD_ONLY,3,fog-3,2550.000,0.000000
CLOUD_ONLY_seed3,CLOUD_ONLY,3,cloud,2575.000,0.000000
CLOUD_ONLY_seed3,CLOUD_ONLY,3,proxy,2575.000,0.000000
CLOUD_ONLY_seed3,CLOUD_ONLY,3,fog-1,2575.000,0.000000
CLOUD_ONLY_seed3,CLOUD_ONLY,3,fog-2,2575.000,0.000000
CLOUD_ONLY_seed3,CLOUD_ONLY,3,fog-3,2575.000,0.000000
CLOUD_ONLY_seed3,CLOUD_ONLY,3,cloud,2600.000,0.000000
CLOUD_ONLY_seed3,CLOUD_ONLY,3,proxy,2600.000,0.000000
CLOUD_ONLY_seed3,CLOUD_ONLY,3,fog-1,2600.000,0.000000
CLOUD_ONLY_seed3,CLOUD_ONLY,3,fog-2,2600.000,0.000000
CLOUD_ONLY_seed3,CLOUD_ONLY,3,fog-3,2600.000,0.000000
CLOUD_ONLY_seed3,CLOUD_ONLY,3,cloud,2625.000,0.000000
CLOUD_ONLY_seed3,CLOUD_ONLY,3,proxy,2625.000,0.000000
CLOUD_ONLY_seed3,CLOUD_ONLY,3,fog-1,2625.000,0.000000
CLOUD_ONLY_seed3,CLOUD_ONLY,3,fog-2,2625.000,0.000000
CLOUD_ONLY_seed3,CLOUD_ONLY,3,fog-3,2625.000,0.000000
CLOUD_ONLY_seed3,CLOUD_ONLY,3,cloud,2650.000,0.000000
CLOUD_ONLY_seed3,CLOUD_ONLY,3,proxy,2650.000,0.000000
CLOUD_ONLY_seed3,CLOUD_ONLY,3,fog-1,2650.000,0.000000
CLOUD_ONLY_seed3,CLOUD_ONLY,3,fog-2,2650.000,0.000000
CLOUD_ONLY_seed3,CLOUD_ONLY,3,fog-3,2650.000,0.000000
CLOUD_ONLY_seed3,CLOUD_ONLY,3,cloud,2675.000,0.000000
CLOUD_ONLY_seed3,CLOUD_ONLY,3,proxy,2675.000,0.000000
CLOUD_ONLY_seed3,CLOUD_ONLY,3,fog-1,2675.000,0.000000
CLOUD_ONLY_seed3,CLOUD_ONLY,3,fog-2,2675.000,0.000000
CLOUD_ONLY_seed3,CLOUD_ONLY,3,fog-3,2675.000,0.000000
CLOUD_ONLY_seed3,CLOUD_ONLY,3,cloud,2700.000,0.000000
CLOUD_ONLY_seed3,CLOUD_ONLY,3,proxy,2700.000,0.000000
CLOUD_ONLY_seed3,CLOUD_ONLY,3,fog-1,2700.000,0.000000
CLOUD_ONLY_seed3,CLOUD_ONLY,3,fog-2,2700.000,0.000000
CLOUD_ONLY_seed3,CLOUD_ONLY,3,fog-3,2700.000,0.000000
CLOUD_ONLY_seed3,CLOUD_ONLY,3,cloud,2725.000,0.000000
CLOUD_ONLY_seed3,CLOUD_ONLY,3,proxy,2725.000,0.000000
CLOUD_ONLY_seed3,CLOUD_ONLY,3,fog-1,2725.000,0.000000
CLOUD_ONLY_seed3,CLOUD_ONLY,3,fog-2,2725.000,0.000000
CLOUD_ONLY_seed3,CLOUD_ONLY,3,fog-3,2725.000,0.000000
CLOUD_ONLY_seed3,CLOUD_ONLY,3,cloud,2750.000,0.000000
CLOUD_ONLY_seed3,CLOUD_ONLY,3,proxy,2750.000,0.000000
CLOUD_ONLY_seed3,CLOUD_ONLY,3,fog-1,2750.000,0.000000
CLOUD_ONLY_seed3,CLOUD_ONLY,3,fog-2,2750.000,0.000000
CLOUD_ONLY_seed3,CLOUD_ONLY,3,fog-3,2750.000,0.000000
CLOUD_ONLY_seed3,CLOUD_ONLY,3,cloud,2775.000,0.000000
CLOUD_ONLY_seed3,CLOUD_ONLY,3,proxy,2775.000,0.000000
CLOUD_ONLY_seed3,CLOUD_ONLY,3,fog-1,2775.000,0.000000
CLOUD_ONLY_seed3,CLOUD_ONLY,3,fog-2,2775.000,0.000000
CLOUD_ONLY_seed3,CLOUD_ONLY,3,fog-3,2775.000,0.000000
CLOUD_ONLY_seed3,CLOUD_ONLY,3,cloud,2800.000,0.000000
CLOUD_ONLY_seed3,CLOUD_ONLY,3,proxy,2800.000,0.000000
CLOUD_ONLY_seed3,CLOUD_ONLY,3,fog-1,2800.000,0.000000
CLOUD_ONLY_seed3,CLOUD_ONLY,3,fog-2,2800.000,0.000000
CLOUD_ONLY_seed3,CLOUD_ONLY,3,fog-3,2800.000,0.000000
CLOUD_ONLY_seed3,CLOUD_ONLY,3,cloud,2825.000,0.000000
CLOUD_ONLY_seed3,CLOUD_ONLY,3,proxy,2825.000,0.000000
CLOUD_ONLY_seed3,CLOUD_ONLY,3,fog-1,2825.000,0.000000
CLOUD_ONLY_seed3,CLOUD_ONLY,3,fog-2,2825.000,0.000000
CLOUD_ONLY_seed3,CLOUD_ONLY,3,fog-3,2825.000,0.000000
CLOUD_ONLY_seed3,CLOUD_ONLY,3,cloud,2850.000,0.000000
CLOUD_ONLY_seed3,CLOUD_ONLY,3,proxy,2850.000,0.000000
CLOUD_ONLY_seed3,CLOUD_ONLY,3,fog-1,2850.000,0.000000
CLOUD_ONLY_seed3,CLOUD_ONLY,3,fog-2,2850.000,0.000000
CLOUD_ONLY_seed3,CLOUD_ONLY,3,fog-3,2850.000,0.000000
CLOUD_ONLY_seed3,CLOUD_ONLY,3,cloud,2875.000,0.000000
CLOUD_ONLY_seed3,CLOUD_ONLY,3,proxy,2875.000,0.000000
CLOUD_ONLY_seed3,CLOUD_ONLY,3,fog-1,2875.000,0.000000
CLOUD_ONLY_seed3,CLOUD_ONLY,3,fog-2,2875.000,0.000000
CLOUD_ONLY_seed3,CLOUD_ONLY,3,fog-3,2875.000,0.000000
CLOUD_ONLY_seed3,CLOUD_ONLY,3,cloud,2900.000,0.000000
CLOUD_ONLY_seed3,CLOUD_ONLY,3,proxy,2900.000,0.000000
CLOUD_ONLY_seed3,CLOUD_ONLY,3,fog-1,2900.000,0.000000
CLOUD_ONLY_seed3,CLOUD_ONLY,3,fog-2,2900.000,0.000000
CLOUD_ONLY_seed3,CLOUD_ONLY,3,fog-3,2900.000,0.000000
CLOUD_ONLY_seed3,CLOUD_ONLY,3,cloud,2925.000,0.000000
CLOUD_ONLY_seed3,CLOUD_ONLY,3,proxy,2925.000,0.000000
CLOUD_ONLY_seed3,CLOUD_ONLY,3,fog-1,2925.000,0.000000
CLOUD_ONLY_seed3,CLOUD_ONLY,3,fog-2,2925.000,0.000000
CLOUD_ONLY_seed3,CLOUD_ONLY,3,fog-3,2925.000,0.000000
CLOUD_ONLY_seed3,CLOUD_ONLY,3,cloud,2950.000,0.000000
CLOUD_ONLY_seed3,CLOUD_ONLY,3,proxy,2950.000,0.000000
CLOUD_ONLY_seed3,CLOUD_ONLY,3,fog-1,2950.000,0.000000
CLOUD_ONLY_seed3,CLOUD_ONLY,3,fog-2,2950.000,0.000000
CLOUD_ONLY_seed3,CLOUD_ONLY,3,fog-3,2950.000,0.000000
CLOUD_ONLY_seed3,CLOUD_ONLY,3,cloud,2975.000,0.000000
CLOUD_ONLY_seed3,CLOUD_ONLY,3,proxy,2975.000,0.000000
CLOUD_ONLY_seed3,CLOUD_ONLY,3,fog-1,2975.000,0.000000
CLOUD_ONLY_seed3,CLOUD_ONLY,3,fog-2,2975.000,0.000000
CLOUD_ONLY_seed3,CLOUD_ONLY,3,fog-3,2975.000,0.000000
CLOUD_ONLY_seed3,CLOUD_ONLY,3,cloud,3000.000,0.000000
CLOUD_ONLY_seed3,CLOUD_ONLY,3,proxy,3000.000,0.000000
CLOUD_ONLY_seed3,CLOUD_ONLY,3,fog-1,3000.000,0.000000
CLOUD_ONLY_seed3,CLOUD_ONLY,3,fog-2,3000.000,0.000000
CLOUD_ONLY_seed3,CLOUD_ONLY,3,fog-3,3000.000,0.000000
CLOUD_ONLY_seed3,CLOUD_ONLY,3,cloud,3025.000,0.000000
CLOUD_ONLY_seed3,CLOUD_ONLY,3,proxy,3025.000,0.000000
CLOUD_ONLY_seed3,CLOUD_ONLY,3,fog-1,3025.000,0.000000
CLOUD_ONLY_seed3,CLOUD_ONLY,3,fog-2,3025.000,0.000000
CLOUD_ONLY_seed3,CLOUD_ONLY,3,fog-3,3025.000,0.000000
CLOUD_ONLY_seed3,CLOUD_ONLY,3,cloud,3050.000,0.000000
CLOUD_ONLY_seed3,CLOUD_ONLY,3,proxy,3050.000,0.000000
CLOUD_ONLY_seed3,CLOUD_ONLY,3,fog-1,3050.000,0.000000
CLOUD_ONLY_seed3,CLOUD_ONLY,3,fog-2,3050.000,0.000000
CLOUD_ONLY_seed3,CLOUD_ONLY,3,fog-3,3050.000,0.000000
CLOUD_ONLY_seed3,CLOUD_ONLY,3,cloud,3075.000,0.000000
CLOUD_ONLY_seed3,CLOUD_ONLY,3,proxy,3075.000,0.000000
CLOUD_ONLY_seed3,CLOUD_ONLY,3,fog-1,3075.000,0.000000
CLOUD_ONLY_seed3,CLOUD_ONLY,3,fog-2,3075.000,0.000000
CLOUD_ONLY_seed3,CLOUD_ONLY,3,fog-3,3075.000,0.000000
CLOUD_ONLY_seed3,CLOUD_ONLY,3,cloud,3100.000,0.000000
CLOUD_ONLY_seed3,CLOUD_ONLY,3,proxy,3100.000,0.000000
CLOUD_ONLY_seed3,CLOUD_ONLY,3,fog-1,3100.000,0.000000
CLOUD_ONLY_seed3,CLOUD_ONLY,3,fog-2,3100.000,0.000000
CLOUD_ONLY_seed3,CLOUD_ONLY,3,fog-3,3100.000,0.000000
CLOUD_ONLY_seed3,CLOUD_ONLY,3,cloud,3125.000,0.000000
CLOUD_ONLY_seed3,CLOUD_ONLY,3,proxy,3125.000,0.000000
CLOUD_ONLY_seed3,CLOUD_ONLY,3,fog-1,3125.000,0.000000
CLOUD_ONLY_seed3,CLOUD_ONLY,3,fog-2,3125.000,0.000000
CLOUD_ONLY_seed3,CLOUD_ONLY,3,fog-3,3125.000,0.000000
CLOUD_ONLY_seed3,CLOUD_ONLY,3,cloud,3150.000,0.000000
CLOUD_ONLY_seed3,CLOUD_ONLY,3,proxy,3150.000,0.000000
CLOUD_ONLY_seed3,CLOUD_ONLY,3,fog-1,3150.000,0.000000
CLOUD_ONLY_seed3,CLOUD_ONLY,3,fog-2,3150.000,0.000000
CLOUD_ONLY_seed3,CLOUD_ONLY,3,fog-3,3150.000,0.000000
CLOUD_ONLY_seed3,CLOUD_ONLY,3,cloud,3175.000,0.000000
CLOUD_ONLY_seed3,CLOUD_ONLY,3,proxy,3175.000,0.000000
CLOUD_ONLY_seed3,CLOUD_ONLY,3,fog-1,3175.000,0.000000
CLOUD_ONLY_seed3,CLOUD_ONLY,3,fog-2,3175.000,0.000000
CLOUD_ONLY_seed3,CLOUD_ONLY,3,fog-3,3175.000,0.000000
CLOUD_ONLY_seed3,CLOUD_ONLY,3,cloud,3200.000,0.000000
CLOUD_ONLY_seed3,CLOUD_ONLY,3,proxy,3200.000,0.000000
CLOUD_ONLY_seed3,CLOUD_ONLY,3,fog-1,3200.000,0.000000
CLOUD_ONLY_seed3,CLOUD_ONLY,3,fog-2,3200.000,0.000000
CLOUD_ONLY_seed3,CLOUD_ONLY,3,fog-3,3200.000,0.000000
CLOUD_ONLY_seed3,CLOUD_ONLY,3,cloud,3225.000,0.000000
CLOUD_ONLY_seed3,CLOUD_ONLY,3,proxy,3225.000,0.000000
CLOUD_ONLY_seed3,CLOUD_ONLY,3,fog-1,3225.000,0.000000
CLOUD_ONLY_seed3,CLOUD_ONLY,3,fog-2,3225.000,0.000000
CLOUD_ONLY_seed3,CLOUD_ONLY,3,fog-3,3225.000,0.000000
CLOUD_ONLY_seed3,CLOUD_ONLY,3,cloud,3250.000,0.000000
CLOUD_ONLY_seed3,CLOUD_ONLY,3,proxy,3250.000,0.000000
CLOUD_ONLY_seed3,CLOUD_ONLY,3,fog-1,3250.000,0.000000
CLOUD_ONLY_seed3,CLOUD_ONLY,3,fog-2,3250.000,0.000000
CLOUD_ONLY_seed3,CLOUD_ONLY,3,fog-3,3250.000,0.000000
CLOUD_ONLY_seed3,CLOUD_ONLY,3,cloud,3275.000,0.000000
CLOUD_ONLY_seed3,CLOUD_ONLY,3,proxy,3275.000,0.000000
CLOUD_ONLY_seed3,CLOUD_ONLY,3,fog-1,3275.000,0.000000
CLOUD_ONLY_seed3,CLOUD_ONLY,3,fog-2,3275.000,0.000000
CLOUD_ONLY_seed3,CLOUD_ONLY,3,fog-3,3275.000,0.000000
CLOUD_ONLY_seed3,CLOUD_ONLY,3,cloud,3300.000,0.000000
CLOUD_ONLY_seed3,CLOUD_ONLY,3,proxy,3300.000,0.000000
CLOUD_ONLY_seed3,CLOUD_ONLY,3,fog-1,3300.000,0.000000
CLOUD_ONLY_seed3,CLOUD_ONLY,3,fog-2,3300.000,0.000000
CLOUD_ONLY_seed3,CLOUD_ONLY,3,fog-3,3300.000,0.000000
CLOUD_ONLY_seed3,CLOUD_ONLY,3,cloud,3325.000,0.000000
CLOUD_ONLY_seed3,CLOUD_ONLY,3,proxy,3325.000,0.000000
CLOUD_ONLY_seed3,CLOUD_ONLY,3,fog-1,3325.000,0.000000
CLOUD_ONLY_seed3,CLOUD_ONLY,3,fog-2,3325.000,0.000000
CLOUD_ONLY_seed3,CLOUD_ONLY,3,fog-3,3325.000,0.000000
CLOUD_ONLY_seed3,CLOUD_ONLY,3,cloud,3350.000,0.000000
CLOUD_ONLY_seed3,CLOUD_ONLY,3,proxy,3350.000,0.000000
CLOUD_ONLY_seed3,CLOUD_ONLY,3,fog-1,3350.000,0.000000
CLOUD_ONLY_seed3,CLOUD_ONLY,3,fog-2,3350.000,0.000000
CLOUD_ONLY_seed3,CLOUD_ONLY,3,fog-3,3350.000,0.000000
CLOUD_ONLY_seed3,CLOUD_ONLY,3,cloud,3375.000,0.000000
CLOUD_ONLY_seed3,CLOUD_ONLY,3,proxy,3375.000,0.000000
CLOUD_ONLY_seed3,CLOUD_ONLY,3,fog-1,3375.000,0.000000
CLOUD_ONLY_seed3,CLOUD_ONLY,3,fog-2,3375.000,0.000000
CLOUD_ONLY_seed3,CLOUD_ONLY,3,fog-3,3375.000,0.000000
CLOUD_ONLY_seed3,CLOUD_ONLY,3,cloud,3400.000,0.000000
CLOUD_ONLY_seed3,CLOUD_ONLY,3,proxy,3400.000,0.000000
CLOUD_ONLY_seed3,CLOUD_ONLY,3,fog-1,3400.000,0.000000
CLOUD_ONLY_seed3,CLOUD_ONLY,3,fog-2,3400.000,0.000000
CLOUD_ONLY_seed3,CLOUD_ONLY,3,fog-3,3400.000,0.000000
CLOUD_ONLY_seed3,CLOUD_ONLY,3,cloud,3425.000,0.000000
CLOUD_ONLY_seed3,CLOUD_ONLY,3,proxy,3425.000,0.000000
CLOUD_ONLY_seed3,CLOUD_ONLY,3,fog-1,3425.000,0.000000
CLOUD_ONLY_seed3,CLOUD_ONLY,3,fog-2,3425.000,0.000000
CLOUD_ONLY_seed3,CLOUD_ONLY,3,fog-3,3425.000,0.000000
CLOUD_ONLY_seed3,CLOUD_ONLY,3,cloud,3450.000,0.000000
CLOUD_ONLY_seed3,CLOUD_ONLY,3,proxy,3450.000,0.000000
CLOUD_ONLY_seed3,CLOUD_ONLY,3,fog-1,3450.000,0.000000
CLOUD_ONLY_seed3,CLOUD_ONLY,3,fog-2,3450.000,0.000000
CLOUD_ONLY_seed3,CLOUD_ONLY,3,fog-3,3450.000,0.000000
CLOUD_ONLY_seed3,CLOUD_ONLY,3,cloud,3475.000,0.000000
CLOUD_ONLY_seed3,CLOUD_ONLY,3,proxy,3475.000,0.000000
CLOUD_ONLY_seed3,CLOUD_ONLY,3,fog-1,3475.000,0.000000
CLOUD_ONLY_seed3,CLOUD_ONLY,3,fog-2,3475.000,0.000000
CLOUD_ONLY_seed3,CLOUD_ONLY,3,fog-3,3475.000,0.000000
CLOUD_ONLY_seed3,CLOUD_ONLY,3,cloud,3500.000,0.000000
CLOUD_ONLY_seed3,CLOUD_ONLY,3,proxy,3500.000,0.000000
CLOUD_ONLY_seed3,CLOUD_ONLY,3,fog-1,3500.000,0.000000
CLOUD_ONLY_seed3,CLOUD_ONLY,3,fog-2,3500.000,0.000000
CLOUD_ONLY_seed3,CLOUD_ONLY,3,fog-3,3500.000,0.000000
CLOUD_ONLY_seed3,CLOUD_ONLY,3,cloud,3525.000,0.000000
CLOUD_ONLY_seed3,CLOUD_ONLY,3,proxy,3525.000,0.000000
CLOUD_ONLY_seed3,CLOUD_ONLY,3,fog-1,3525.000,0.000000
CLOUD_ONLY_seed3,CLOUD_ONLY,3,fog-2,3525.000,0.000000
CLOUD_ONLY_seed3,CLOUD_ONLY,3,fog-3,3525.000,0.000000
CLOUD_ONLY_seed3,CLOUD_ONLY,3,cloud,3550.000,0.000000
CLOUD_ONLY_seed3,CLOUD_ONLY,3,proxy,3550.000,0.000000
CLOUD_ONLY_seed3,CLOUD_ONLY,3,fog-1,3550.000,0.000000
CLOUD_ONLY_seed3,CLOUD_ONLY,3,fog-2,3550.000,0.000000
CLOUD_ONLY_seed3,CLOUD_ONLY,3,fog-3,3550.000,0.000000
CLOUD_ONLY_seed3,CLOUD_ONLY,3,cloud,3575.000,0.000000
CLOUD_ONLY_seed3,CLOUD_ONLY,3,proxy,3575.000,0.000000
CLOUD_ONLY_seed3,CLOUD_ONLY,3,fog-1,3575.000,0.000000
CLOUD_ONLY_seed3,CLOUD_ONLY,3,fog-2,3575.000,0.000000
CLOUD_ONLY_seed3,CLOUD_ONLY,3,fog-3,3575.000,0.000000
CLOUD_ONLY_seed3,CLOUD_ONLY,3,cloud,3600.000,0.000000
CLOUD_ONLY_seed3,CLOUD_ONLY,3,proxy,3600.000,0.000000
CLOUD_ONLY_seed3,CLOUD_ONLY,3,fog-1,3600.000,0.000000
CLOUD_ONLY_seed3,CLOUD_ONLY,3,fog-2,3600.000,0.000000
CLOUD_ONLY_seed3,CLOUD_ONLY,3,fog-3,3600.000,0.000000
CLOUD_ONLY_seed3,CLOUD_ONLY,3,cloud,3625.000,0.000000
CLOUD_ONLY_seed3,CLOUD_ONLY,3,proxy,3625.000,0.000000
CLOUD_ONLY_seed3,CLOUD_ONLY,3,fog-1,3625.000,0.000000
CLOUD_ONLY_seed3,CLOUD_ONLY,3,fog-2,3625.000,0.000000
CLOUD_ONLY_seed3,CLOUD_ONLY,3,fog-3,3625.000,0.000000
CLOUD_ONLY_seed3,CLOUD_ONLY,3,cloud,3650.000,0.000000
CLOUD_ONLY_seed3,CLOUD_ONLY,3,proxy,3650.000,0.000000
CLOUD_ONLY_seed3,CLOUD_ONLY,3,fog-1,3650.000,0.000000
CLOUD_ONLY_seed3,CLOUD_ONLY,3,fog-2,3650.000,0.000000
CLOUD_ONLY_seed3,CLOUD_ONLY,3,fog-3,3650.000,0.000000
CLOUD_ONLY_seed3,CLOUD_ONLY,3,cloud,3675.000,0.000000
CLOUD_ONLY_seed3,CLOUD_ONLY,3,proxy,3675.000,0.000000
CLOUD_ONLY_seed3,CLOUD_ONLY,3,fog-1,3675.000,0.000000
CLOUD_ONLY_seed3,CLOUD_ONLY,3,fog-2,3675.000,0.000000
CLOUD_ONLY_seed3,CLOUD_ONLY,3,fog-3,3675.000,0.000000
CLOUD_ONLY_seed3,CLOUD_ONLY,3,cloud,3700.000,0.000000
CLOUD_ONLY_seed3,CLOUD_ONLY,3,proxy,3700.000,0.000000
CLOUD_ONLY_seed3,CLOUD_ONLY,3,fog-1,3700.000,0.000000
CLOUD_ONLY_seed3,CLOUD_ONLY,3,fog-2,3700.000,0.000000
CLOUD_ONLY_seed3,CLOUD_ONLY,3,fog-3,3700.000,0.000000
CLOUD_ONLY_seed3,CLOUD_ONLY,3,cloud,3725.000,0.000000
CLOUD_ONLY_seed3,CLOUD_ONLY,3,proxy,3725.000,0.000000
CLOUD_ONLY_seed3,CLOUD_ONLY,3,fog-1,3725.000,0.000000
CLOUD_ONLY_seed3,CLOUD_ONLY,3,fog-2,3725.000,0.000000
CLOUD_ONLY_seed3,CLOUD_ONLY,3,fog-3,3725.000,0.000000
CLOUD_ONLY_seed3,CLOUD_ONLY,3,cloud,3750.000,0.000000
CLOUD_ONLY_seed3,CLOUD_ONLY,3,proxy,3750.000,0.000000
CLOUD_ONLY_seed3,CLOUD_ONLY,3,fog-1,3750.000,0.000000
CLOUD_ONLY_seed3,CLOUD_ONLY,3,fog-2,3750.000,0.000000
CLOUD_ONLY_seed3,CLOUD_ONLY,3,fog-3,3750.000,0.000000
CLOUD_ONLY_seed3,CLOUD_ONLY,3,cloud,3775.000,0.000000
CLOUD_ONLY_seed3,CLOUD_ONLY,3,proxy,3775.000,0.000000
CLOUD_ONLY_seed3,CLOUD_ONLY,3,fog-1,3775.000,0.000000
CLOUD_ONLY_seed3,CLOUD_ONLY,3,fog-2,3775.000,0.000000
CLOUD_ONLY_seed3,CLOUD_ONLY,3,fog-3,3775.000,0.000000
CLOUD_ONLY_seed3,CLOUD_ONLY,3,cloud,3800.000,0.000000
CLOUD_ONLY_seed3,CLOUD_ONLY,3,proxy,3800.000,0.000000
CLOUD_ONLY_seed3,CLOUD_ONLY,3,fog-1,3800.000,0.000000
CLOUD_ONLY_seed3,CLOUD_ONLY,3,fog-2,3800.000,0.000000
CLOUD_ONLY_seed3,CLOUD_ONLY,3,fog-3,3800.000,0.000000
CLOUD_ONLY_seed3,CLOUD_ONLY,3,cloud,3825.000,0.000000
CLOUD_ONLY_seed3,CLOUD_ONLY,3,proxy,3825.000,0.000000
CLOUD_ONLY_seed3,CLOUD_ONLY,3,fog-1,3825.000,0.000000
CLOUD_ONLY_seed3,CLOUD_ONLY,3,fog-2,3825.000,0.000000
CLOUD_ONLY_seed3,CLOUD_ONLY,3,fog-3,3825.000,0.000000
CLOUD_ONLY_seed3,CLOUD_ONLY,3,cloud,3850.000,0.000000
CLOUD_ONLY_seed3,CLOUD_ONLY,3,proxy,3850.000,0.000000
CLOUD_ONLY_seed3,CLOUD_ONLY,3,fog-1,3850.000,0.000000
CLOUD_ONLY_seed3,CLOUD_ONLY,3,fog-2,3850.000,0.000000
CLOUD_ONLY_seed3,CLOUD_ONLY,3,fog-3,3850.000,0.000000
CLOUD_ONLY_seed3,CLOUD_ONLY,3,cloud,3875.000,0.000000
CLOUD_ONLY_seed3,CLOUD_ONLY,3,proxy,3875.000,0.000000
CLOUD_ONLY_seed3,CLOUD_ONLY,3,fog-1,3875.000,0.000000
CLOUD_ONLY_seed3,CLOUD_ONLY,3,fog-2,3875.000,0.000000
CLOUD_ONLY_seed3,CLOUD_ONLY,3,fog-3,3875.000,0.000000
CLOUD_ONLY_seed3,CLOUD_ONLY,3,cloud,3900.000,0.000000
CLOUD_ONLY_seed3,CLOUD_ONLY,3,proxy,3900.000,0.000000
CLOUD_ONLY_seed3,CLOUD_ONLY,3,fog-1,3900.000,0.000000
CLOUD_ONLY_seed3,CLOUD_ONLY,3,fog-2,3900.000,0.000000
CLOUD_ONLY_seed3,CLOUD_ONLY,3,fog-3,3900.000,0.000000
CLOUD_ONLY_seed3,CLOUD_ONLY,3,cloud,3925.000,0.000000
CLOUD_ONLY_seed3,CLOUD_ONLY,3,proxy,3925.000,0.000000
CLOUD_ONLY_seed3,CLOUD_ONLY,3,fog-1,3925.000,0.000000
CLOUD_ONLY_seed3,CLOUD_ONLY,3,fog-2,3925.000,0.000000
CLOUD_ONLY_seed3,CLOUD_ONLY,3,fog-3,3925.000,0.000000
CLOUD_ONLY_seed3,CLOUD_ONLY,3,cloud,3950.000,0.000000
CLOUD_ONLY_seed3,CLOUD_ONLY,3,proxy,3950.000,0.000000
CLOUD_ONLY_seed3,CLOUD_ONLY,3,fog-1,3950.000,0.000000
CLOUD_ONLY_seed3,CLOUD_ONLY,3,fog-2,3950.000,0.000000
CLOUD_ONLY_seed3,CLOUD_ONLY,3,fog-3,3950.000,0.000000
CLOUD_ONLY_seed3,CLOUD_ONLY,3,cloud,3975.000,0.000000
CLOUD_ONLY_seed3,CLOUD_ONLY,3,proxy,3975.000,0.000000
CLOUD_ONLY_seed3,CLOUD_ONLY,3,fog-1,3975.000,0.000000
CLOUD_ONLY_seed3,CLOUD_ONLY,3,fog-2,3975.000,0.000000
CLOUD_ONLY_seed3,CLOUD_ONLY,3,fog-3,3975.000,0.000000
CLOUD_ONLY_seed3,CLOUD_ONLY,3,cloud,4000.000,0.000000
CLOUD_ONLY_seed3,CLOUD_ONLY,3,proxy,4000.000,0.000000
CLOUD_ONLY_seed3,CLOUD_ONLY,3,fog-1,4000.000,0.000000
CLOUD_ONLY_seed3,CLOUD_ONLY,3,fog-2,4000.000,0.000000
CLOUD_ONLY_seed3,CLOUD_ONLY,3,fog-3,4000.000,0.000000
CLOUD_ONLY_seed3,CLOUD_ONLY,3,cloud,4025.000,0.000000
CLOUD_ONLY_seed3,CLOUD_ONLY,3,proxy,4025.000,0.000000
CLOUD_ONLY_seed3,CLOUD_ONLY,3,fog-1,4025.000,0.000000
CLOUD_ONLY_seed3,CLOUD_ONLY,3,fog-2,4025.000,0.000000
CLOUD_ONLY_seed3,CLOUD_ONLY,3,fog-3,4025.000,0.000000
CLOUD_ONLY_seed3,CLOUD_ONLY,3,cloud,4050.000,0.000000
CLOUD_ONLY_seed3,CLOUD_ONLY,3,proxy,4050.000,0.000000
CLOUD_ONLY_seed3,CLOUD_ONLY,3,fog-1,4050.000,0.000000
CLOUD_ONLY_seed3,CLOUD_ONLY,3,fog-2,4050.000,0.000000
CLOUD_ONLY_seed3,CLOUD_ONLY,3,fog-3,4050.000,0.000000
CLOUD_ONLY_seed3,CLOUD_ONLY,3,cloud,4075.000,0.000000
CLOUD_ONLY_seed3,CLOUD_ONLY,3,proxy,4075.000,0.000000
CLOUD_ONLY_seed3,CLOUD_ONLY,3,fog-1,4075.000,0.000000
CLOUD_ONLY_seed3,CLOUD_ONLY,3,fog-2,4075.000,0.000000
CLOUD_ONLY_seed3,CLOUD_ONLY,3,fog-3,4075.000,0.000000
CLOUD_ONLY_seed3,CLOUD_ONLY,3,cloud,4100.000,0.000000
CLOUD_ONLY_seed3,CLOUD_ONLY,3,proxy,4100.000,0.000000
CLOUD_ONLY_seed3,CLOUD_ONLY,3,fog-1,4100.000,0.000000
CLOUD_ONLY_seed3,CLOUD_ONLY,3,fog-2,4100.000,0.000000
CLOUD_ONLY_seed3,CLOUD_ONLY,3,fog-3,4100.000,0.000000
CLOUD_ONLY_seed3,CLOUD_ONLY,3,cloud,4125.000,0.000000
CLOUD_ONLY_seed3,CLOUD_ONLY,3,proxy,4125.000,0.000000
CLOUD_ONLY_seed3,CLOUD_ONLY,3,fog-1,4125.000,0.000000
CLOUD_ONLY_seed3,CLOUD_ONLY,3,fog-2,4125.000,0.000000
CLOUD_ONLY_seed3,CLOUD_ONLY,3,fog-3,4125.000,0.000000
CLOUD_ONLY_seed3,CLOUD_ONLY,3,cloud,4150.000,0.000000
CLOUD_ONLY_seed3,CLOUD_ONLY,3,proxy,4150.000,0.000000
CLOUD_ONLY_seed3,CLOUD_ONLY,3,fog-1,4150.000,0.000000
CLOUD_ONLY_seed3,CLOUD_ONLY,3,fog-2,4150.000,0.000000
CLOUD_ONLY_seed3,CLOUD_ONLY,3,fog-3,4150.000,0.000000
CLOUD_ONLY_seed3,CLOUD_ONLY,3,cloud,4175.000,0.000000
CLOUD_ONLY_seed3,CLOUD_ONLY,3,proxy,4175.000,0.000000
CLOUD_ONLY_seed3,CLOUD_ONLY,3,fog-1,4175.000,0.000000
CLOUD_ONLY_seed3,CLOUD_ONLY,3,fog-2,4175.000,0.000000
CLOUD_ONLY_seed3,CLOUD_ONLY,3,fog-3,4175.000,0.000000
CLOUD_ONLY_seed3,CLOUD_ONLY,3,cloud,4200.000,0.000000
CLOUD_ONLY_seed3,CLOUD_ONLY,3,proxy,4200.000,0.000000
CLOUD_ONLY_seed3,CLOUD_ONLY,3,fog-1,4200.000,0.000000
CLOUD_ONLY_seed3,CLOUD_ONLY,3,fog-2,4200.000,0.000000
CLOUD_ONLY_seed3,CLOUD_ONLY,3,fog-3,4200.000,0.000000
CLOUD_ONLY_seed3,CLOUD_ONLY,3,cloud,4225.000,0.000000
CLOUD_ONLY_seed3,CLOUD_ONLY,3,proxy,4225.000,0.000000
CLOUD_ONLY_seed3,CLOUD_ONLY,3,fog-1,4225.000,0.000000
CLOUD_ONLY_seed3,CLOUD_ONLY,3,fog-2,4225.000,0.000000
CLOUD_ONLY_seed3,CLOUD_ONLY,3,fog-3,4225.000,0.000000
CLOUD_ONLY_seed3,CLOUD_ONLY,3,cloud,4250.000,0.000000
CLOUD_ONLY_seed3,CLOUD_ONLY,3,proxy,4250.000,0.000000
CLOUD_ONLY_seed3,CLOUD_ONLY,3,fog-1,4250.000,0.000000
CLOUD_ONLY_seed3,CLOUD_ONLY,3,fog-2,4250.000,0.000000
CLOUD_ONLY_seed3,CLOUD_ONLY,3,fog-3,4250.000,0.000000
CLOUD_ONLY_seed3,CLOUD_ONLY,3,cloud,4275.000,0.000000
CLOUD_ONLY_seed3,CLOUD_ONLY,3,proxy,4275.000,0.000000
CLOUD_ONLY_seed3,CLOUD_ONLY,3,fog-1,4275.000,0.000000
CLOUD_ONLY_seed3,CLOUD_ONLY,3,fog-2,4275.000,0.000000
CLOUD_ONLY_seed3,CLOUD_ONLY,3,fog-3,4275.000,0.000000
CLOUD_ONLY_seed3,CLOUD_ONLY,3,cloud,4300.000,0.000000
CLOUD_ONLY_seed3,CLOUD_ONLY,3,proxy,4300.000,0.000000
CLOUD_ONLY_seed3,CLOUD_ONLY,3,fog-1,4300.000,0.000000
CLOUD_ONLY_seed3,CLOUD_ONLY,3,fog-2,4300.000,0.000000
CLOUD_ONLY_seed3,CLOUD_ONLY,3,fog-3,4300.000,0.000000
CLOUD_ONLY_seed3,CLOUD_ONLY,3,cloud,4325.000,0.000000
CLOUD_ONLY_seed3,CLOUD_ONLY,3,proxy,4325.000,0.000000
CLOUD_ONLY_seed3,CLOUD_ONLY,3,fog-1,4325.000,0.000000
CLOUD_ONLY_seed3,CLOUD_ONLY,3,fog-2,4325.000,0.000000
CLOUD_ONLY_seed3,CLOUD_ONLY,3,fog-3,4325.000,0.000000
CLOUD_ONLY_seed3,CLOUD_ONLY,3,cloud,4350.000,0.000000
CLOUD_ONLY_seed3,CLOUD_ONLY,3,proxy,4350.000,0.000000
CLOUD_ONLY_seed3,CLOUD_ONLY,3,fog-1,4350.000,0.000000
CLOUD_ONLY_seed3,CLOUD_ONLY,3,fog-2,4350.000,0.000000
CLOUD_ONLY_seed3,CLOUD_ONLY,3,fog-3,4350.000,0.000000
CLOUD_ONLY_seed3,CLOUD_ONLY,3,cloud,4375.000,0.000000
CLOUD_ONLY_seed3,CLOUD_ONLY,3,proxy,4375.000,0.000000
CLOUD_ONLY_seed3,CLOUD_ONLY,3,fog-1,4375.000,0.000000
CLOUD_ONLY_seed3,CLOUD_ONLY,3,fog-2,4375.000,0.000000
CLOUD_ONLY_seed3,CLOUD_ONLY,3,fog-3,4375.000,0.000000
CLOUD_ONLY_seed3,CLOUD_ONLY,3,cloud,4400.000,0.000000
CLOUD_ONLY_seed3,CLOUD_ONLY,3,proxy,4400.000,0.000000
CLOUD_ONLY_seed3,CLOUD_ONLY,3,fog-1,4400.000,0.000000
CLOUD_ONLY_seed3,CLOUD_ONLY,3,fog-2,4400.000,0.000000
CLOUD_ONLY_seed3,CLOUD_ONLY,3,fog-3,4400.000,0.000000
CLOUD_ONLY_seed3,CLOUD_ONLY,3,cloud,4425.000,0.000000
CLOUD_ONLY_seed3,CLOUD_ONLY,3,proxy,4425.000,0.000000
CLOUD_ONLY_seed3,CLOUD_ONLY,3,fog-1,4425.000,0.000000
CLOUD_ONLY_seed3,CLOUD_ONLY,3,fog-2,4425.000,0.000000
CLOUD_ONLY_seed3,CLOUD_ONLY,3,fog-3,4425.000,0.000000
CLOUD_ONLY_seed3,CLOUD_ONLY,3,cloud,4450.000,0.000000
CLOUD_ONLY_seed3,CLOUD_ONLY,3,proxy,4450.000,0.000000
CLOUD_ONLY_seed3,CLOUD_ONLY,3,fog-1,4450.000,0.000000
CLOUD_ONLY_seed3,CLOUD_ONLY,3,fog-2,4450.000,0.000000
CLOUD_ONLY_seed3,CLOUD_ONLY,3,fog-3,4450.000,0.000000
CLOUD_ONLY_seed3,CLOUD_ONLY,3,cloud,4475.000,0.000000
CLOUD_ONLY_seed3,CLOUD_ONLY,3,proxy,4475.000,0.000000
CLOUD_ONLY_seed3,CLOUD_ONLY,3,fog-1,4475.000,0.000000
CLOUD_ONLY_seed3,CLOUD_ONLY,3,fog-2,4475.000,0.000000
CLOUD_ONLY_seed3,CLOUD_ONLY,3,fog-3,4475.000,0.000000
CLOUD_ONLY_seed3,CLOUD_ONLY,3,cloud,4500.000,0.000000
CLOUD_ONLY_seed3,CLOUD_ONLY,3,proxy,4500.000,0.000000
CLOUD_ONLY_seed3,CLOUD_ONLY,3,fog-1,4500.000,0.000000
CLOUD_ONLY_seed3,CLOUD_ONLY,3,fog-2,4500.000,0.000000
CLOUD_ONLY_seed3,CLOUD_ONLY,3,fog-3,4500.000,0.000000
CLOUD_ONLY_seed3,CLOUD_ONLY,3,cloud,4525.000,0.000000
CLOUD_ONLY_seed3,CLOUD_ONLY,3,proxy,4525.000,0.000000
CLOUD_ONLY_seed3,CLOUD_ONLY,3,fog-1,4525.000,0.000000
CLOUD_ONLY_seed3,CLOUD_ONLY,3,fog-2,4525.000,0.000000
CLOUD_ONLY_seed3,CLOUD_ONLY,3,fog-3,4525.000,0.000000
CLOUD_ONLY_seed3,CLOUD_ONLY,3,cloud,4550.000,0.000000
CLOUD_ONLY_seed3,CLOUD_ONLY,3,proxy,4550.000,0.000000
CLOUD_ONLY_seed3,CLOUD_ONLY,3,fog-1,4550.000,0.000000
CLOUD_ONLY_seed3,CLOUD_ONLY,3,fog-2,4550.000,0.000000
CLOUD_ONLY_seed3,CLOUD_ONLY,3,fog-3,4550.000,0.000000
CLOUD_ONLY_seed3,CLOUD_ONLY,3,cloud,4575.000,0.000000
CLOUD_ONLY_seed3,CLOUD_ONLY,3,proxy,4575.000,0.000000
CLOUD_ONLY_seed3,CLOUD_ONLY,3,fog-1,4575.000,0.000000
CLOUD_ONLY_seed3,CLOUD_ONLY,3,fog-2,4575.000,0.000000
CLOUD_ONLY_seed3,CLOUD_ONLY,3,fog-3,4575.000,0.000000
CLOUD_ONLY_seed3,CLOUD_ONLY,3,cloud,4600.000,0.000000
CLOUD_ONLY_seed3,CLOUD_ONLY,3,proxy,4600.000,0.000000
CLOUD_ONLY_seed3,CLOUD_ONLY,3,fog-1,4600.000,0.000000
CLOUD_ONLY_seed3,CLOUD_ONLY,3,fog-2,4600.000,0.000000
CLOUD_ONLY_seed3,CLOUD_ONLY,3,fog-3,4600.000,0.000000
CLOUD_ONLY_seed3,CLOUD_ONLY,3,cloud,4625.000,0.000000
CLOUD_ONLY_seed3,CLOUD_ONLY,3,proxy,4625.000,0.000000
CLOUD_ONLY_seed3,CLOUD_ONLY,3,fog-1,4625.000,0.000000
CLOUD_ONLY_seed3,CLOUD_ONLY,3,fog-2,4625.000,0.000000
CLOUD_ONLY_seed3,CLOUD_ONLY,3,fog-3,4625.000,0.000000
CLOUD_ONLY_seed3,CLOUD_ONLY,3,cloud,4650.000,0.000000
CLOUD_ONLY_seed3,CLOUD_ONLY,3,proxy,4650.000,0.000000
CLOUD_ONLY_seed3,CLOUD_ONLY,3,fog-1,4650.000,0.000000
CLOUD_ONLY_seed3,CLOUD_ONLY,3,fog-2,4650.000,0.000000
CLOUD_ONLY_seed3,CLOUD_ONLY,3,fog-3,4650.000,0.000000
CLOUD_ONLY_seed3,CLOUD_ONLY,3,cloud,4675.000,0.000000
CLOUD_ONLY_seed3,CLOUD_ONLY,3,proxy,4675.000,0.000000
CLOUD_ONLY_seed3,CLOUD_ONLY,3,fog-1,4675.000,0.000000
CLOUD_ONLY_seed3,CLOUD_ONLY,3,fog-2,4675.000,0.000000
CLOUD_ONLY_seed3,CLOUD_ONLY,3,fog-3,4675.000,0.000000
CLOUD_ONLY_seed3,CLOUD_ONLY,3,cloud,4700.000,0.000000
CLOUD_ONLY_seed3,CLOUD_ONLY,3,proxy,4700.000,0.000000
CLOUD_ONLY_seed3,CLOUD_ONLY,3,fog-1,4700.000,0.000000
CLOUD_ONLY_seed3,CLOUD_ONLY,3,fog-2,4700.000,0.000000
CLOUD_ONLY_seed3,CLOUD_ONLY,3,fog-3,4700.000,0.000000
CLOUD_ONLY_seed3,CLOUD_ONLY,3,cloud,4725.000,0.000000
CLOUD_ONLY_seed3,CLOUD_ONLY,3,proxy,4725.000,0.000000
CLOUD_ONLY_seed3,CLOUD_ONLY,3,fog-1,4725.000,0.000000
CLOUD_ONLY_seed3,CLOUD_ONLY,3,fog-2,4725.000,0.000000
CLOUD_ONLY_seed3,CLOUD_ONLY,3,fog-3,4725.000,0.000000
CLOUD_ONLY_seed3,CLOUD_ONLY,3,cloud,4750.000,0.000000
CLOUD_ONLY_seed3,CLOUD_ONLY,3,proxy,4750.000,0.000000
CLOUD_ONLY_seed3,CLOUD_ONLY,3,fog-1,4750.000,0.000000
CLOUD_ONLY_seed3,CLOUD_ONLY,3,fog-2,4750.000,0.000000
CLOUD_ONLY_seed3,CLOUD_ONLY,3,fog-3,4750.000,0.000000
CLOUD_ONLY_seed3,CLOUD_ONLY,3,cloud,4775.000,0.000000
CLOUD_ONLY_seed3,CLOUD_ONLY,3,proxy,4775.000,0.000000
CLOUD_ONLY_seed3,CLOUD_ONLY,3,fog-1,4775.000,0.000000
CLOUD_ONLY_seed3,CLOUD_ONLY,3,fog-2,4775.000,0.000000
CLOUD_ONLY_seed3,CLOUD_ONLY,3,fog-3,4775.000,0.000000
CLOUD_ONLY_seed3,CLOUD_ONLY,3,cloud,4800.000,0.000000
CLOUD_ONLY_seed3,CLOUD_ONLY,3,proxy,4800.000,0.000000
CLOUD_ONLY_seed3,CLOUD_ONLY,3,fog-1,4800.000,0.000000
CLOUD_ONLY_seed3,CLOUD_ONLY,3,fog-2,4800.000,0.000000
CLOUD_ONLY_seed3,CLOUD_ONLY,3,fog-3,4800.000,0.000000
CLOUD_ONLY_seed3,CLOUD_ONLY,3,cloud,4825.000,0.000000
CLOUD_ONLY_seed3,CLOUD_ONLY,3,proxy,4825.000,0.000000
CLOUD_ONLY_seed3,CLOUD_ONLY,3,fog-1,4825.000,0.000000
CLOUD_ONLY_seed3,CLOUD_ONLY,3,fog-2,4825.000,0.000000
CLOUD_ONLY_seed3,CLOUD_ONLY,3,fog-3,4825.000,0.000000
CLOUD_ONLY_seed3,CLOUD_ONLY,3,cloud,4850.000,0.000000
CLOUD_ONLY_seed3,CLOUD_ONLY,3,proxy,4850.000,0.000000
CLOUD_ONLY_seed3,CLOUD_ONLY,3,fog-1,4850.000,0.000000
CLOUD_ONLY_seed3,CLOUD_ONLY,3,fog-2,4850.000,0.000000
CLOUD_ONLY_seed3,CLOUD_ONLY,3,fog-3,4850.000,0.000000
CLOUD_ONLY_seed3,CLOUD_ONLY,3,cloud,4875.000,0.000000
CLOUD_ONLY_seed3,CLOUD_ONLY,3,proxy,4875.000,0.000000
CLOUD_ONLY_seed3,CLOUD_ONLY,3,fog-1,4875.000,0.000000
CLOUD_ONLY_seed3,CLOUD_ONLY,3,fog-2,4875.000,0.000000
CLOUD_ONLY_seed3,CLOUD_ONLY,3,fog-3,4875.000,0.000000
CLOUD_ONLY_seed3,CLOUD_ONLY,3,cloud,4900.000,0.000000
CLOUD_ONLY_seed3,CLOUD_ONLY,3,proxy,4900.000,0.000000
CLOUD_ONLY_seed3,CLOUD_ONLY,3,fog-1,4900.000,0.000000
CLOUD_ONLY_seed3,CLOUD_ONLY,3,fog-2,4900.000,0.000000
CLOUD_ONLY_seed3,CLOUD_ONLY,3,fog-3,4900.000,0.000000
CLOUD_ONLY_seed3,CLOUD_ONLY,3,cloud,4925.000,0.000000
CLOUD_ONLY_seed3,CLOUD_ONLY,3,proxy,4925.000,0.000000
CLOUD_ONLY_seed3,CLOUD_ONLY,3,fog-1,4925.000,0.000000
CLOUD_ONLY_seed3,CLOUD_ONLY,3,fog-2,4925.000,0.000000
CLOUD_ONLY_seed3,CLOUD_ONLY,3,fog-3,4925.000,0.000000
CLOUD_ONLY_seed3,CLOUD_ONLY,3,cloud,4950.000,0.000000
CLOUD_ONLY_seed3,CLOUD_ONLY,3,proxy,4950.000,0.000000
CLOUD_ONLY_seed3,CLOUD_ONLY,3,fog-1,4950.000,0.000000
CLOUD_ONLY_seed3,CLOUD_ONLY,3,fog-2,4950.000,0.000000
CLOUD_ONLY_seed3,CLOUD_ONLY,3,fog-3,4950.000,0.000000
CLOUD_ONLY_seed3,CLOUD_ONLY,3,cloud,4975.000,0.000000
CLOUD_ONLY_seed3,CLOUD_ONLY,3,proxy,4975.000,0.000000
CLOUD_ONLY_seed3,CLOUD_ONLY,3,fog-1,4975.000,0.000000
CLOUD_ONLY_seed3,CLOUD_ONLY,3,fog-2,4975.000,0.000000
CLOUD_ONLY_seed3,CLOUD_ONLY,3,fog-3,4975.000,0.000000
CLOUD_ONLY_seed3,CLOUD_ONLY,3,cloud,5000.000,0.000000
CLOUD_ONLY_seed3,CLOUD_ONLY,3,proxy,5000.000,0.000000
CLOUD_ONLY_seed3,CLOUD_ONLY,3,fog-1,5000.000,0.000000
CLOUD_ONLY_seed3,CLOUD_ONLY,3,fog-2,5000.000,0.000000
CLOUD_ONLY_seed3,CLOUD_ONLY,3,fog-3,5000.000,0.000000
CLOUD_ONLY_seed4,CLOUD_ONLY,4,cloud,25.000,0.000402
CLOUD_ONLY_seed4,CLOUD_ONLY,4,proxy,25.000,0.000000
CLOUD_ONLY_seed4,CLOUD_ONLY,4,fog-1,25.000,0.000000
CLOUD_ONLY_seed4,CLOUD_ONLY,4,fog-2,25.000,0.000000
CLOUD_ONLY_seed4,CLOUD_ONLY,4,fog-3,25.000,0.000000
CLOUD_ONLY_seed4,CLOUD_ONLY,4,cloud,50.000,0.000402
CLOUD_ONLY_seed4,CLOUD_ONLY,4,proxy,50.000,0.000000
CLOUD_ONLY_seed4,CLOUD_ONLY,4,fog-1,50.000,0.000000
CLOUD_ONLY_seed4,CLOUD_ONLY,4,fog-2,50.000,0.000000
CLOUD_ONLY_seed4,CLOUD_ONLY,4,fog-3,50.000,0.000000
CLOUD_ONLY_seed4,CLOUD_ONLY,4,cloud,75.000,0.000402
CLOUD_ONLY_seed4,CLOUD_ONLY,4,proxy,75.000,0.000000
CLOUD_ONLY_seed4,CLOUD_ONLY,4,fog-1,75.000,0.000000
CLOUD_ONLY_seed4,CLOUD_ONLY,4,fog-2,75.000,0.000000
CLOUD_ONLY_seed4,CLOUD_ONLY,4,fog-3,75.000,0.000000
CLOUD_ONLY_seed4,CLOUD_ONLY,4,cloud,100.000,0.000402
CLOUD_ONLY_seed4,CLOUD_ONLY,4,proxy,100.000,0.000000
CLOUD_ONLY_seed4,CLOUD_ONLY,4,fog-1,100.000,0.000000
CLOUD_ONLY_seed4,CLOUD_ONLY,4,fog-2,100.000,0.000000
CLOUD_ONLY_seed4,CLOUD_ONLY,4,fog-3,100.000,0.000000
CLOUD_ONLY_seed4,CLOUD_ONLY,4,cloud,125.000,0.000402
CLOUD_ONLY_seed4,CLOUD_ONLY,4,proxy,125.000,0.000000
CLOUD_ONLY_seed4,CLOUD_ONLY,4,fog-1,125.000,0.000000
CLOUD_ONLY_seed4,CLOUD_ONLY,4,fog-2,125.000,0.000000
CLOUD_ONLY_seed4,CLOUD_ONLY,4,fog-3,125.000,0.000000
CLOUD_ONLY_seed4,CLOUD_ONLY,4,cloud,150.000,0.000402
CLOUD_ONLY_seed4,CLOUD_ONLY,4,proxy,150.000,0.000000
CLOUD_ONLY_seed4,CLOUD_ONLY,4,fog-1,150.000,0.000000
CLOUD_ONLY_seed4,CLOUD_ONLY,4,fog-2,150.000,0.000000
CLOUD_ONLY_seed4,CLOUD_ONLY,4,fog-3,150.000,0.000000
CLOUD_ONLY_seed4,CLOUD_ONLY,4,cloud,175.000,0.040161
CLOUD_ONLY_seed4,CLOUD_ONLY,4,proxy,175.000,0.000000
CLOUD_ONLY_seed4,CLOUD_ONLY,4,fog-1,175.000,0.000000
CLOUD_ONLY_seed4,CLOUD_ONLY,4,fog-2,175.000,0.000000
CLOUD_ONLY_seed4,CLOUD_ONLY,4,fog-3,175.000,0.000000
CLOUD_ONLY_seed4,CLOUD_ONLY,4,cloud,200.000,0.000000
CLOUD_ONLY_seed4,CLOUD_ONLY,4,proxy,200.000,0.000000
CLOUD_ONLY_seed4,CLOUD_ONLY,4,fog-1,200.000,0.000000
CLOUD_ONLY_seed4,CLOUD_ONLY,4,fog-2,200.000,0.000000
CLOUD_ONLY_seed4,CLOUD_ONLY,4,fog-3,200.000,0.000000
CLOUD_ONLY_seed4,CLOUD_ONLY,4,cloud,225.000,0.000000
CLOUD_ONLY_seed4,CLOUD_ONLY,4,proxy,225.000,0.000000
CLOUD_ONLY_seed4,CLOUD_ONLY,4,fog-1,225.000,0.000000
CLOUD_ONLY_seed4,CLOUD_ONLY,4,fog-2,225.000,0.000000
CLOUD_ONLY_seed4,CLOUD_ONLY,4,fog-3,225.000,0.000000
CLOUD_ONLY_seed4,CLOUD_ONLY,4,cloud,250.000,0.000000
CLOUD_ONLY_seed4,CLOUD_ONLY,4,proxy,250.000,0.000000
CLOUD_ONLY_seed4,CLOUD_ONLY,4,fog-1,250.000,0.000000
CLOUD_ONLY_seed4,CLOUD_ONLY,4,fog-2,250.000,0.000000
CLOUD_ONLY_seed4,CLOUD_ONLY,4,fog-3,250.000,0.000000
CLOUD_ONLY_seed4,CLOUD_ONLY,4,cloud,275.000,0.000000
CLOUD_ONLY_seed4,CLOUD_ONLY,4,proxy,275.000,0.000000
CLOUD_ONLY_seed4,CLOUD_ONLY,4,fog-1,275.000,0.000000
CLOUD_ONLY_seed4,CLOUD_ONLY,4,fog-2,275.000,0.000000
CLOUD_ONLY_seed4,CLOUD_ONLY,4,fog-3,275.000,0.000000
CLOUD_ONLY_seed4,CLOUD_ONLY,4,cloud,300.000,0.000000
CLOUD_ONLY_seed4,CLOUD_ONLY,4,proxy,300.000,0.000000
CLOUD_ONLY_seed4,CLOUD_ONLY,4,fog-1,300.000,0.000000
CLOUD_ONLY_seed4,CLOUD_ONLY,4,fog-2,300.000,0.000000
CLOUD_ONLY_seed4,CLOUD_ONLY,4,fog-3,300.000,0.000000
CLOUD_ONLY_seed4,CLOUD_ONLY,4,cloud,325.000,0.000000
CLOUD_ONLY_seed4,CLOUD_ONLY,4,proxy,325.000,0.000000
CLOUD_ONLY_seed4,CLOUD_ONLY,4,fog-1,325.000,0.000000
CLOUD_ONLY_seed4,CLOUD_ONLY,4,fog-2,325.000,0.000000
CLOUD_ONLY_seed4,CLOUD_ONLY,4,fog-3,325.000,0.000000
CLOUD_ONLY_seed4,CLOUD_ONLY,4,cloud,350.000,0.000000
CLOUD_ONLY_seed4,CLOUD_ONLY,4,proxy,350.000,0.000000
CLOUD_ONLY_seed4,CLOUD_ONLY,4,fog-1,350.000,0.000000
CLOUD_ONLY_seed4,CLOUD_ONLY,4,fog-2,350.000,0.000000
CLOUD_ONLY_seed4,CLOUD_ONLY,4,fog-3,350.000,0.000000
CLOUD_ONLY_seed4,CLOUD_ONLY,4,cloud,375.000,0.000000
CLOUD_ONLY_seed4,CLOUD_ONLY,4,proxy,375.000,0.000000
CLOUD_ONLY_seed4,CLOUD_ONLY,4,fog-1,375.000,0.000000
CLOUD_ONLY_seed4,CLOUD_ONLY,4,fog-2,375.000,0.000000
CLOUD_ONLY_seed4,CLOUD_ONLY,4,fog-3,375.000,0.000000
CLOUD_ONLY_seed4,CLOUD_ONLY,4,cloud,400.000,0.000000
CLOUD_ONLY_seed4,CLOUD_ONLY,4,proxy,400.000,0.000000
CLOUD_ONLY_seed4,CLOUD_ONLY,4,fog-1,400.000,0.000000
CLOUD_ONLY_seed4,CLOUD_ONLY,4,fog-2,400.000,0.000000
CLOUD_ONLY_seed4,CLOUD_ONLY,4,fog-3,400.000,0.000000
CLOUD_ONLY_seed4,CLOUD_ONLY,4,cloud,425.000,0.000000
CLOUD_ONLY_seed4,CLOUD_ONLY,4,proxy,425.000,0.000000
CLOUD_ONLY_seed4,CLOUD_ONLY,4,fog-1,425.000,0.000000
CLOUD_ONLY_seed4,CLOUD_ONLY,4,fog-2,425.000,0.000000
CLOUD_ONLY_seed4,CLOUD_ONLY,4,fog-3,425.000,0.000000
CLOUD_ONLY_seed4,CLOUD_ONLY,4,cloud,450.000,0.000000
CLOUD_ONLY_seed4,CLOUD_ONLY,4,proxy,450.000,0.000000
CLOUD_ONLY_seed4,CLOUD_ONLY,4,fog-1,450.000,0.000000
CLOUD_ONLY_seed4,CLOUD_ONLY,4,fog-2,450.000,0.000000
CLOUD_ONLY_seed4,CLOUD_ONLY,4,fog-3,450.000,0.000000
CLOUD_ONLY_seed4,CLOUD_ONLY,4,cloud,475.000,0.000000
CLOUD_ONLY_seed4,CLOUD_ONLY,4,proxy,475.000,0.000000
CLOUD_ONLY_seed4,CLOUD_ONLY,4,fog-1,475.000,0.000000
CLOUD_ONLY_seed4,CLOUD_ONLY,4,fog-2,475.000,0.000000
CLOUD_ONLY_seed4,CLOUD_ONLY,4,fog-3,475.000,0.000000
CLOUD_ONLY_seed4,CLOUD_ONLY,4,cloud,500.000,0.000000
CLOUD_ONLY_seed4,CLOUD_ONLY,4,proxy,500.000,0.000000
CLOUD_ONLY_seed4,CLOUD_ONLY,4,fog-1,500.000,0.000000
CLOUD_ONLY_seed4,CLOUD_ONLY,4,fog-2,500.000,0.000000
CLOUD_ONLY_seed4,CLOUD_ONLY,4,fog-3,500.000,0.000000
CLOUD_ONLY_seed4,CLOUD_ONLY,4,cloud,525.000,0.000000
CLOUD_ONLY_seed4,CLOUD_ONLY,4,proxy,525.000,0.000000
CLOUD_ONLY_seed4,CLOUD_ONLY,4,fog-1,525.000,0.000000
CLOUD_ONLY_seed4,CLOUD_ONLY,4,fog-2,525.000,0.000000
CLOUD_ONLY_seed4,CLOUD_ONLY,4,fog-3,525.000,0.000000
CLOUD_ONLY_seed4,CLOUD_ONLY,4,cloud,550.000,0.000000
CLOUD_ONLY_seed4,CLOUD_ONLY,4,proxy,550.000,0.000000
CLOUD_ONLY_seed4,CLOUD_ONLY,4,fog-1,550.000,0.000000
CLOUD_ONLY_seed4,CLOUD_ONLY,4,fog-2,550.000,0.000000
CLOUD_ONLY_seed4,CLOUD_ONLY,4,fog-3,550.000,0.000000
CLOUD_ONLY_seed4,CLOUD_ONLY,4,cloud,575.000,0.000000
CLOUD_ONLY_seed4,CLOUD_ONLY,4,proxy,575.000,0.000000
CLOUD_ONLY_seed4,CLOUD_ONLY,4,fog-1,575.000,0.000000
CLOUD_ONLY_seed4,CLOUD_ONLY,4,fog-2,575.000,0.000000
CLOUD_ONLY_seed4,CLOUD_ONLY,4,fog-3,575.000,0.000000
CLOUD_ONLY_seed4,CLOUD_ONLY,4,cloud,600.000,0.000000
CLOUD_ONLY_seed4,CLOUD_ONLY,4,proxy,600.000,0.000000
CLOUD_ONLY_seed4,CLOUD_ONLY,4,fog-1,600.000,0.000000
CLOUD_ONLY_seed4,CLOUD_ONLY,4,fog-2,600.000,0.000000
CLOUD_ONLY_seed4,CLOUD_ONLY,4,fog-3,600.000,0.000000
CLOUD_ONLY_seed4,CLOUD_ONLY,4,cloud,625.000,0.040000
CLOUD_ONLY_seed4,CLOUD_ONLY,4,proxy,625.000,0.000000
CLOUD_ONLY_seed4,CLOUD_ONLY,4,fog-1,625.000,0.000000
CLOUD_ONLY_seed4,CLOUD_ONLY,4,fog-2,625.000,0.000000
CLOUD_ONLY_seed4,CLOUD_ONLY,4,fog-3,625.000,0.000000
CLOUD_ONLY_seed4,CLOUD_ONLY,4,cloud,650.000,0.000000
CLOUD_ONLY_seed4,CLOUD_ONLY,4,proxy,650.000,0.000000
CLOUD_ONLY_seed4,CLOUD_ONLY,4,fog-1,650.000,0.000000
CLOUD_ONLY_seed4,CLOUD_ONLY,4,fog-2,650.000,0.000000
CLOUD_ONLY_seed4,CLOUD_ONLY,4,fog-3,650.000,0.000000
CLOUD_ONLY_seed4,CLOUD_ONLY,4,cloud,675.000,0.040000
CLOUD_ONLY_seed4,CLOUD_ONLY,4,proxy,675.000,0.000000
CLOUD_ONLY_seed4,CLOUD_ONLY,4,fog-1,675.000,0.000000
CLOUD_ONLY_seed4,CLOUD_ONLY,4,fog-2,675.000,0.000000
CLOUD_ONLY_seed4,CLOUD_ONLY,4,fog-3,675.000,0.000000
CLOUD_ONLY_seed4,CLOUD_ONLY,4,cloud,700.000,0.000000
CLOUD_ONLY_seed4,CLOUD_ONLY,4,proxy,700.000,0.000000
CLOUD_ONLY_seed4,CLOUD_ONLY,4,fog-1,700.000,0.000000
CLOUD_ONLY_seed4,CLOUD_ONLY,4,fog-2,700.000,0.000000
CLOUD_ONLY_seed4,CLOUD_ONLY,4,fog-3,700.000,0.000000
CLOUD_ONLY_seed4,CLOUD_ONLY,4,cloud,725.000,0.040000
CLOUD_ONLY_seed4,CLOUD_ONLY,4,proxy,725.000,0.000000
CLOUD_ONLY_seed4,CLOUD_ONLY,4,fog-1,725.000,0.000000
CLOUD_ONLY_seed4,CLOUD_ONLY,4,fog-2,725.000,0.000000
CLOUD_ONLY_seed4,CLOUD_ONLY,4,fog-3,725.000,0.000000
CLOUD_ONLY_seed4,CLOUD_ONLY,4,cloud,750.000,0.000000
CLOUD_ONLY_seed4,CLOUD_ONLY,4,proxy,750.000,0.000000
CLOUD_ONLY_seed4,CLOUD_ONLY,4,fog-1,750.000,0.000000
CLOUD_ONLY_seed4,CLOUD_ONLY,4,fog-2,750.000,0.000000
CLOUD_ONLY_seed4,CLOUD_ONLY,4,fog-3,750.000,0.000000
CLOUD_ONLY_seed4,CLOUD_ONLY,4,cloud,775.000,0.040000
CLOUD_ONLY_seed4,CLOUD_ONLY,4,proxy,775.000,0.000000
CLOUD_ONLY_seed4,CLOUD_ONLY,4,fog-1,775.000,0.000000
CLOUD_ONLY_seed4,CLOUD_ONLY,4,fog-2,775.000,0.000000
CLOUD_ONLY_seed4,CLOUD_ONLY,4,fog-3,775.000,0.000000
CLOUD_ONLY_seed4,CLOUD_ONLY,4,cloud,800.000,0.000000
CLOUD_ONLY_seed4,CLOUD_ONLY,4,proxy,800.000,0.000000
CLOUD_ONLY_seed4,CLOUD_ONLY,4,fog-1,800.000,0.000000
CLOUD_ONLY_seed4,CLOUD_ONLY,4,fog-2,800.000,0.000000
CLOUD_ONLY_seed4,CLOUD_ONLY,4,fog-3,800.000,0.000000
CLOUD_ONLY_seed4,CLOUD_ONLY,4,cloud,825.000,0.040000
CLOUD_ONLY_seed4,CLOUD_ONLY,4,proxy,825.000,0.000000
CLOUD_ONLY_seed4,CLOUD_ONLY,4,fog-1,825.000,0.000000
CLOUD_ONLY_seed4,CLOUD_ONLY,4,fog-2,825.000,0.000000
CLOUD_ONLY_seed4,CLOUD_ONLY,4,fog-3,825.000,0.000000
CLOUD_ONLY_seed4,CLOUD_ONLY,4,cloud,850.000,0.000000
CLOUD_ONLY_seed4,CLOUD_ONLY,4,proxy,850.000,0.000000
CLOUD_ONLY_seed4,CLOUD_ONLY,4,fog-1,850.000,0.000000
CLOUD_ONLY_seed4,CLOUD_ONLY,4,fog-2,850.000,0.000000
CLOUD_ONLY_seed4,CLOUD_ONLY,4,fog-3,850.000,0.000000
CLOUD_ONLY_seed4,CLOUD_ONLY,4,cloud,875.000,0.040000
CLOUD_ONLY_seed4,CLOUD_ONLY,4,proxy,875.000,0.000000
CLOUD_ONLY_seed4,CLOUD_ONLY,4,fog-1,875.000,0.000000
CLOUD_ONLY_seed4,CLOUD_ONLY,4,fog-2,875.000,0.000000
CLOUD_ONLY_seed4,CLOUD_ONLY,4,fog-3,875.000,0.000000
CLOUD_ONLY_seed4,CLOUD_ONLY,4,cloud,900.000,0.000000
CLOUD_ONLY_seed4,CLOUD_ONLY,4,proxy,900.000,0.000000
CLOUD_ONLY_seed4,CLOUD_ONLY,4,fog-1,900.000,0.000000
CLOUD_ONLY_seed4,CLOUD_ONLY,4,fog-2,900.000,0.000000
CLOUD_ONLY_seed4,CLOUD_ONLY,4,fog-3,900.000,0.000000
CLOUD_ONLY_seed4,CLOUD_ONLY,4,cloud,925.000,0.040000
CLOUD_ONLY_seed4,CLOUD_ONLY,4,proxy,925.000,0.000000
CLOUD_ONLY_seed4,CLOUD_ONLY,4,fog-1,925.000,0.000000
CLOUD_ONLY_seed4,CLOUD_ONLY,4,fog-2,925.000,0.000000
CLOUD_ONLY_seed4,CLOUD_ONLY,4,fog-3,925.000,0.000000
CLOUD_ONLY_seed4,CLOUD_ONLY,4,cloud,950.000,0.000000
CLOUD_ONLY_seed4,CLOUD_ONLY,4,proxy,950.000,0.000000
CLOUD_ONLY_seed4,CLOUD_ONLY,4,fog-1,950.000,0.000000
CLOUD_ONLY_seed4,CLOUD_ONLY,4,fog-2,950.000,0.000000
CLOUD_ONLY_seed4,CLOUD_ONLY,4,fog-3,950.000,0.000000
CLOUD_ONLY_seed4,CLOUD_ONLY,4,cloud,975.000,0.040000
CLOUD_ONLY_seed4,CLOUD_ONLY,4,proxy,975.000,0.000000
CLOUD_ONLY_seed4,CLOUD_ONLY,4,fog-1,975.000,0.000000
CLOUD_ONLY_seed4,CLOUD_ONLY,4,fog-2,975.000,0.000000
CLOUD_ONLY_seed4,CLOUD_ONLY,4,fog-3,975.000,0.000000
CLOUD_ONLY_seed4,CLOUD_ONLY,4,cloud,1000.000,0.000000
CLOUD_ONLY_seed4,CLOUD_ONLY,4,proxy,1000.000,0.000000
CLOUD_ONLY_seed4,CLOUD_ONLY,4,fog-1,1000.000,0.000000
CLOUD_ONLY_seed4,CLOUD_ONLY,4,fog-2,1000.000,0.000000
CLOUD_ONLY_seed4,CLOUD_ONLY,4,fog-3,1000.000,0.000000
CLOUD_ONLY_seed4,CLOUD_ONLY,4,cloud,1025.000,0.040000
CLOUD_ONLY_seed4,CLOUD_ONLY,4,proxy,1025.000,0.000000
CLOUD_ONLY_seed4,CLOUD_ONLY,4,fog-1,1025.000,0.000000
CLOUD_ONLY_seed4,CLOUD_ONLY,4,fog-2,1025.000,0.000000
CLOUD_ONLY_seed4,CLOUD_ONLY,4,fog-3,1025.000,0.000000
CLOUD_ONLY_seed4,CLOUD_ONLY,4,cloud,1050.000,0.000000
CLOUD_ONLY_seed4,CLOUD_ONLY,4,proxy,1050.000,0.000000
CLOUD_ONLY_seed4,CLOUD_ONLY,4,fog-1,1050.000,0.000000
CLOUD_ONLY_seed4,CLOUD_ONLY,4,fog-2,1050.000,0.000000
CLOUD_ONLY_seed4,CLOUD_ONLY,4,fog-3,1050.000,0.000000
CLOUD_ONLY_seed4,CLOUD_ONLY,4,cloud,1075.000,0.040000
CLOUD_ONLY_seed4,CLOUD_ONLY,4,proxy,1075.000,0.000000
CLOUD_ONLY_seed4,CLOUD_ONLY,4,fog-1,1075.000,0.000000
CLOUD_ONLY_seed4,CLOUD_ONLY,4,fog-2,1075.000,0.000000
CLOUD_ONLY_seed4,CLOUD_ONLY,4,fog-3,1075.000,0.000000
CLOUD_ONLY_seed4,CLOUD_ONLY,4,cloud,1100.000,0.000000
CLOUD_ONLY_seed4,CLOUD_ONLY,4,proxy,1100.000,0.000000
CLOUD_ONLY_seed4,CLOUD_ONLY,4,fog-1,1100.000,0.000000
CLOUD_ONLY_seed4,CLOUD_ONLY,4,fog-2,1100.000,0.000000
CLOUD_ONLY_seed4,CLOUD_ONLY,4,fog-3,1100.000,0.000000
CLOUD_ONLY_seed4,CLOUD_ONLY,4,cloud,1125.000,0.040000
CLOUD_ONLY_seed4,CLOUD_ONLY,4,proxy,1125.000,0.000000
CLOUD_ONLY_seed4,CLOUD_ONLY,4,fog-1,1125.000,0.000000
CLOUD_ONLY_seed4,CLOUD_ONLY,4,fog-2,1125.000,0.000000
CLOUD_ONLY_seed4,CLOUD_ONLY,4,fog-3,1125.000,0.000000
CLOUD_ONLY_seed4,CLOUD_ONLY,4,cloud,1150.000,0.000000
CLOUD_ONLY_seed4,CLOUD_ONLY,4,proxy,1150.000,0.000000
CLOUD_ONLY_seed4,CLOUD_ONLY,4,fog-1,1150.000,0.000000
CLOUD_ONLY_seed4,CLOUD_ONLY,4,fog-2,1150.000,0.000000
CLOUD_ONLY_seed4,CLOUD_ONLY,4,fog-3,1150.000,0.000000
CLOUD_ONLY_seed4,CLOUD_ONLY,4,cloud,1175.000,0.040000
CLOUD_ONLY_seed4,CLOUD_ONLY,4,proxy,1175.000,0.000000
CLOUD_ONLY_seed4,CLOUD_ONLY,4,fog-1,1175.000,0.000000
CLOUD_ONLY_seed4,CLOUD_ONLY,4,fog-2,1175.000,0.000000
CLOUD_ONLY_seed4,CLOUD_ONLY,4,fog-3,1175.000,0.000000
CLOUD_ONLY_seed4,CLOUD_ONLY,4,cloud,1200.000,0.000000
CLOUD_ONLY_seed4,CLOUD_ONLY,4,proxy,1200.000,0.000000
CLOUD_ONLY_seed4,CLOUD_ONLY,4,fog-1,1200.000,0.000000
CLOUD_ONLY_seed4,CLOUD_ONLY,4,fog-2,1200.000,0.000000
CLOUD_ONLY_seed4,CLOUD_ONLY,4,fog-3,1200.000,0.000000
CLOUD_ONLY_seed4,CLOUD_ONLY,4,cloud,1225.000,0.040000
CLOUD_ONLY_seed4,CLOUD_ONLY,4,proxy,1225.000,0.000000
CLOUD_ONLY_seed4,CLOUD_ONLY,4,fog-1,1225.000,0.000000
CLOUD_ONLY_seed4,CLOUD_ONLY,4,fog-2,1225.000,0.000000
CLOUD_ONLY_seed4,CLOUD_ONLY,4,fog-3,1225.000,0.000000
CLOUD_ONLY_seed4,CLOUD_ONLY,4,cloud,1250.000,0.000000
CLOUD_ONLY_seed4,CLOUD_ONLY,4,proxy,1250.000,0.000000
CLOUD_ONLY_seed4,CLOUD_ONLY,4,fog-1,1250.000,0.000000
CLOUD_ONLY_seed4,CLOUD_ONLY,4,fog-2,1250.000,0.000000
CLOUD_ONLY_seed4,CLOUD_ONLY,4,fog-3,1250.000,0.000000
CLOUD_ONLY_seed4,CLOUD_ONLY,4,cloud,1275.000,0.040000
CLOUD_ONLY_seed4,CLOUD_ONLY,4,proxy,1275.000,0.000000
CLOUD_ONLY_seed4,CLOUD_ONLY,4,fog-1,1275.000,0.000000
CLOUD_ONLY_seed4,CLOUD_ONLY,4,fog-2,1275.000,0.000000
CLOUD_ONLY_seed4,CLOUD_ONLY,4,fog-3,1275.000,0.000000
CLOUD_ONLY_seed4,CLOUD_ONLY,4,cloud,1300.000,0.000000
CLOUD_ONLY_seed4,CLOUD_ONLY,4,proxy,1300.000,0.000000
CLOUD_ONLY_seed4,CLOUD_ONLY,4,fog-1,1300.000,0.000000
CLOUD_ONLY_seed4,CLOUD_ONLY,4,fog-2,1300.000,0.000000
CLOUD_ONLY_seed4,CLOUD_ONLY,4,fog-3,1300.000,0.000000
CLOUD_ONLY_seed4,CLOUD_ONLY,4,cloud,1325.000,0.040000
CLOUD_ONLY_seed4,CLOUD_ONLY,4,proxy,1325.000,0.000000
CLOUD_ONLY_seed4,CLOUD_ONLY,4,fog-1,1325.000,0.000000
CLOUD_ONLY_seed4,CLOUD_ONLY,4,fog-2,1325.000,0.000000
CLOUD_ONLY_seed4,CLOUD_ONLY,4,fog-3,1325.000,0.000000
CLOUD_ONLY_seed4,CLOUD_ONLY,4,cloud,1350.000,0.000000
CLOUD_ONLY_seed4,CLOUD_ONLY,4,proxy,1350.000,0.000000
CLOUD_ONLY_seed4,CLOUD_ONLY,4,fog-1,1350.000,0.000000
CLOUD_ONLY_seed4,CLOUD_ONLY,4,fog-2,1350.000,0.000000
CLOUD_ONLY_seed4,CLOUD_ONLY,4,fog-3,1350.000,0.000000
CLOUD_ONLY_seed4,CLOUD_ONLY,4,cloud,1375.000,0.040000
CLOUD_ONLY_seed4,CLOUD_ONLY,4,proxy,1375.000,0.000000
CLOUD_ONLY_seed4,CLOUD_ONLY,4,fog-1,1375.000,0.000000
CLOUD_ONLY_seed4,CLOUD_ONLY,4,fog-2,1375.000,0.000000
CLOUD_ONLY_seed4,CLOUD_ONLY,4,fog-3,1375.000,0.000000
CLOUD_ONLY_seed4,CLOUD_ONLY,4,cloud,1400.000,0.000000
CLOUD_ONLY_seed4,CLOUD_ONLY,4,proxy,1400.000,0.000000
CLOUD_ONLY_seed4,CLOUD_ONLY,4,fog-1,1400.000,0.000000
CLOUD_ONLY_seed4,CLOUD_ONLY,4,fog-2,1400.000,0.000000
CLOUD_ONLY_seed4,CLOUD_ONLY,4,fog-3,1400.000,0.000000
CLOUD_ONLY_seed4,CLOUD_ONLY,4,cloud,1425.000,0.040000
CLOUD_ONLY_seed4,CLOUD_ONLY,4,proxy,1425.000,0.000000
CLOUD_ONLY_seed4,CLOUD_ONLY,4,fog-1,1425.000,0.000000
CLOUD_ONLY_seed4,CLOUD_ONLY,4,fog-2,1425.000,0.000000
CLOUD_ONLY_seed4,CLOUD_ONLY,4,fog-3,1425.000,0.000000
CLOUD_ONLY_seed4,CLOUD_ONLY,4,cloud,1450.000,0.000000
CLOUD_ONLY_seed4,CLOUD_ONLY,4,proxy,1450.000,0.000000
CLOUD_ONLY_seed4,CLOUD_ONLY,4,fog-1,1450.000,0.000000
CLOUD_ONLY_seed4,CLOUD_ONLY,4,fog-2,1450.000,0.000000
CLOUD_ONLY_seed4,CLOUD_ONLY,4,fog-3,1450.000,0.000000
CLOUD_ONLY_seed4,CLOUD_ONLY,4,cloud,1475.000,0.040000
CLOUD_ONLY_seed4,CLOUD_ONLY,4,proxy,1475.000,0.000000
CLOUD_ONLY_seed4,CLOUD_ONLY,4,fog-1,1475.000,0.000000
CLOUD_ONLY_seed4,CLOUD_ONLY,4,fog-2,1475.000,0.000000
CLOUD_ONLY_seed4,CLOUD_ONLY,4,fog-3,1475.000,0.000000
CLOUD_ONLY_seed4,CLOUD_ONLY,4,cloud,1500.000,0.000000
CLOUD_ONLY_seed4,CLOUD_ONLY,4,proxy,1500.000,0.000000
CLOUD_ONLY_seed4,CLOUD_ONLY,4,fog-1,1500.000,0.000000
CLOUD_ONLY_seed4,CLOUD_ONLY,4,fog-2,1500.000,0.000000
CLOUD_ONLY_seed4,CLOUD_ONLY,4,fog-3,1500.000,0.000000
CLOUD_ONLY_seed4,CLOUD_ONLY,4,cloud,1525.000,0.040000
CLOUD_ONLY_seed4,CLOUD_ONLY,4,proxy,1525.000,0.000000
CLOUD_ONLY_seed4,CLOUD_ONLY,4,fog-1,1525.000,0.000000
CLOUD_ONLY_seed4,CLOUD_ONLY,4,fog-2,1525.000,0.000000
CLOUD_ONLY_seed4,CLOUD_ONLY,4,fog-3,1525.000,0.000000
CLOUD_ONLY_seed4,CLOUD_ONLY,4,cloud,1550.000,0.000000
CLOUD_ONLY_seed4,CLOUD_ONLY,4,proxy,1550.000,0.000000
CLOUD_ONLY_seed4,CLOUD_ONLY,4,fog-1,1550.000,0.000000
CLOUD_ONLY_seed4,CLOUD_ONLY,4,fog-2,1550.000,0.000000
CLOUD_ONLY_seed4,CLOUD_ONLY,4,fog-3,1550.000,0.000000
CLOUD_ONLY_seed4,CLOUD_ONLY,4,cloud,1575.000,0.040000
CLOUD_ONLY_seed4,CLOUD_ONLY,4,proxy,1575.000,0.000000
CLOUD_ONLY_seed4,CLOUD_ONLY,4,fog-1,1575.000,0.000000
CLOUD_ONLY_seed4,CLOUD_ONLY,4,fog-2,1575.000,0.000000
CLOUD_ONLY_seed4,CLOUD_ONLY,4,fog-3,1575.000,0.000000
CLOUD_ONLY_seed4,CLOUD_ONLY,4,cloud,1600.000,0.000000
CLOUD_ONLY_seed4,CLOUD_ONLY,4,proxy,1600.000,0.000000
CLOUD_ONLY_seed4,CLOUD_ONLY,4,fog-1,1600.000,0.000000
CLOUD_ONLY_seed4,CLOUD_ONLY,4,fog-2,1600.000,0.000000
CLOUD_ONLY_seed4,CLOUD_ONLY,4,fog-3,1600.000,0.000000
CLOUD_ONLY_seed4,CLOUD_ONLY,4,cloud,1625.000,0.040000
CLOUD_ONLY_seed4,CLOUD_ONLY,4,proxy,1625.000,0.000000
CLOUD_ONLY_seed4,CLOUD_ONLY,4,fog-1,1625.000,0.000000
CLOUD_ONLY_seed4,CLOUD_ONLY,4,fog-2,1625.000,0.000000
CLOUD_ONLY_seed4,CLOUD_ONLY,4,fog-3,1625.000,0.000000
CLOUD_ONLY_seed4,CLOUD_ONLY,4,cloud,1650.000,0.000000
CLOUD_ONLY_seed4,CLOUD_ONLY,4,proxy,1650.000,0.000000
CLOUD_ONLY_seed4,CLOUD_ONLY,4,fog-1,1650.000,0.000000
CLOUD_ONLY_seed4,CLOUD_ONLY,4,fog-2,1650.000,0.000000
CLOUD_ONLY_seed4,CLOUD_ONLY,4,fog-3,1650.000,0.000000
CLOUD_ONLY_seed4,CLOUD_ONLY,4,cloud,1675.000,0.040000
CLOUD_ONLY_seed4,CLOUD_ONLY,4,proxy,1675.000,0.000000
CLOUD_ONLY_seed4,CLOUD_ONLY,4,fog-1,1675.000,0.000000
CLOUD_ONLY_seed4,CLOUD_ONLY,4,fog-2,1675.000,0.000000
CLOUD_ONLY_seed4,CLOUD_ONLY,4,fog-3,1675.000,0.000000
CLOUD_ONLY_seed4,CLOUD_ONLY,4,cloud,1700.000,0.000000
CLOUD_ONLY_seed4,CLOUD_ONLY,4,proxy,1700.000,0.000000
CLOUD_ONLY_seed4,CLOUD_ONLY,4,fog-1,1700.000,0.000000
CLOUD_ONLY_seed4,CLOUD_ONLY,4,fog-2,1700.000,0.000000
CLOUD_ONLY_seed4,CLOUD_ONLY,4,fog-3,1700.000,0.000000
CLOUD_ONLY_seed4,CLOUD_ONLY,4,cloud,1725.000,0.040000
CLOUD_ONLY_seed4,CLOUD_ONLY,4,proxy,1725.000,0.000000
CLOUD_ONLY_seed4,CLOUD_ONLY,4,fog-1,1725.000,0.000000
CLOUD_ONLY_seed4,CLOUD_ONLY,4,fog-2,1725.000,0.000000
CLOUD_ONLY_seed4,CLOUD_ONLY,4,fog-3,1725.000,0.000000
CLOUD_ONLY_seed4,CLOUD_ONLY,4,cloud,1750.000,0.000000
CLOUD_ONLY_seed4,CLOUD_ONLY,4,proxy,1750.000,0.000000
CLOUD_ONLY_seed4,CLOUD_ONLY,4,fog-1,1750.000,0.000000
CLOUD_ONLY_seed4,CLOUD_ONLY,4,fog-2,1750.000,0.000000
CLOUD_ONLY_seed4,CLOUD_ONLY,4,fog-3,1750.000,0.000000
CLOUD_ONLY_seed4,CLOUD_ONLY,4,cloud,1775.000,0.040000
CLOUD_ONLY_seed4,CLOUD_ONLY,4,proxy,1775.000,0.000000
CLOUD_ONLY_seed4,CLOUD_ONLY,4,fog-1,1775.000,0.000000
CLOUD_ONLY_seed4,CLOUD_ONLY,4,fog-2,1775.000,0.000000
CLOUD_ONLY_seed4,CLOUD_ONLY,4,fog-3,1775.000,0.000000
CLOUD_ONLY_seed4,CLOUD_ONLY,4,cloud,1800.000,0.000000
CLOUD_ONLY_seed4,CLOUD_ONLY,4,proxy,1800.000,0.000000
CLOUD_ONLY_seed4,CLOUD_ONLY,4,fog-1,1800.000,0.000000
CLOUD_ONLY_seed4,CLOUD_ONLY,4,fog-2,1800.000,0.000000
CLOUD_ONLY_seed4,CLOUD_ONLY,4,fog-3,1800.000,0.000000
CLOUD_ONLY_seed4,CLOUD_ONLY,4,cloud,1825.000,0.040000
CLOUD_ONLY_seed4,CLOUD_ONLY,4,proxy,1825.000,0.000000
CLOUD_ONLY_seed4,CLOUD_ONLY,4,fog-1,1825.000,0.000000
CLOUD_ONLY_seed4,CLOUD_ONLY,4,fog-2,1825.000,0.000000
CLOUD_ONLY_seed4,CLOUD_ONLY,4,fog-3,1825.000,0.000000
CLOUD_ONLY_seed4,CLOUD_ONLY,4,cloud,1850.000,0.000000
CLOUD_ONLY_seed4,CLOUD_ONLY,4,proxy,1850.000,0.000000
CLOUD_ONLY_seed4,CLOUD_ONLY,4,fog-1,1850.000,0.000000
CLOUD_ONLY_seed4,CLOUD_ONLY,4,fog-2,1850.000,0.000000
CLOUD_ONLY_seed4,CLOUD_ONLY,4,fog-3,1850.000,0.000000
CLOUD_ONLY_seed4,CLOUD_ONLY,4,cloud,1875.000,0.040000
CLOUD_ONLY_seed4,CLOUD_ONLY,4,proxy,1875.000,0.000000
CLOUD_ONLY_seed4,CLOUD_ONLY,4,fog-1,1875.000,0.000000
CLOUD_ONLY_seed4,CLOUD_ONLY,4,fog-2,1875.000,0.000000
CLOUD_ONLY_seed4,CLOUD_ONLY,4,fog-3,1875.000,0.000000
CLOUD_ONLY_seed4,CLOUD_ONLY,4,cloud,1900.000,0.000000
CLOUD_ONLY_seed4,CLOUD_ONLY,4,proxy,1900.000,0.000000
CLOUD_ONLY_seed4,CLOUD_ONLY,4,fog-1,1900.000,0.000000
CLOUD_ONLY_seed4,CLOUD_ONLY,4,fog-2,1900.000,0.000000
CLOUD_ONLY_seed4,CLOUD_ONLY,4,fog-3,1900.000,0.000000
CLOUD_ONLY_seed4,CLOUD_ONLY,4,cloud,1925.000,0.040000
CLOUD_ONLY_seed4,CLOUD_ONLY,4,proxy,1925.000,0.000000
CLOUD_ONLY_seed4,CLOUD_ONLY,4,fog-1,1925.000,0.000000
CLOUD_ONLY_seed4,CLOUD_ONLY,4,fog-2,1925.000,0.000000
CLOUD_ONLY_seed4,CLOUD_ONLY,4,fog-3,1925.000,0.000000
CLOUD_ONLY_seed4,CLOUD_ONLY,4,cloud,1950.000,0.000000
CLOUD_ONLY_seed4,CLOUD_ONLY,4,proxy,1950.000,0.000000
CLOUD_ONLY_seed4,CLOUD_ONLY,4,fog-1,1950.000,0.000000
CLOUD_ONLY_seed4,CLOUD_ONLY,4,fog-2,1950.000,0.000000
CLOUD_ONLY_seed4,CLOUD_ONLY,4,fog-3,1950.000,0.000000
CLOUD_ONLY_seed4,CLOUD_ONLY,4,cloud,1975.000,0.040000
CLOUD_ONLY_seed4,CLOUD_ONLY,4,proxy,1975.000,0.000000
CLOUD_ONLY_seed4,CLOUD_ONLY,4,fog-1,1975.000,0.000000
CLOUD_ONLY_seed4,CLOUD_ONLY,4,fog-2,1975.000,0.000000
CLOUD_ONLY_seed4,CLOUD_ONLY,4,fog-3,1975.000,0.000000
CLOUD_ONLY_seed4,CLOUD_ONLY,4,cloud,2000.000,0.000000
CLOUD_ONLY_seed4,CLOUD_ONLY,4,proxy,2000.000,0.000000
CLOUD_ONLY_seed4,CLOUD_ONLY,4,fog-1,2000.000,0.000000
CLOUD_ONLY_seed4,CLOUD_ONLY,4,fog-2,2000.000,0.000000
CLOUD_ONLY_seed4,CLOUD_ONLY,4,fog-3,2000.000,0.000000
CLOUD_ONLY_seed4,CLOUD_ONLY,4,cloud,2025.000,0.040000
CLOUD_ONLY_seed4,CLOUD_ONLY,4,proxy,2025.000,0.000000
CLOUD_ONLY_seed4,CLOUD_ONLY,4,fog-1,2025.000,0.000000
CLOUD_ONLY_seed4,CLOUD_ONLY,4,fog-2,2025.000,0.000000
CLOUD_ONLY_seed4,CLOUD_ONLY,4,fog-3,2025.000,0.000000
CLOUD_ONLY_seed4,CLOUD_ONLY,4,cloud,2050.000,0.000000
CLOUD_ONLY_seed4,CLOUD_ONLY,4,proxy,2050.000,0.000000
CLOUD_ONLY_seed4,CLOUD_ONLY,4,fog-1,2050.000,0.000000
CLOUD_ONLY_seed4,CLOUD_ONLY,4,fog-2,2050.000,0.000000
CLOUD_ONLY_seed4,CLOUD_ONLY,4,fog-3,2050.000,0.000000
CLOUD_ONLY_seed4,CLOUD_ONLY,4,cloud,2075.000,0.040000
CLOUD_ONLY_seed4,CLOUD_ONLY,4,proxy,2075.000,0.000000
CLOUD_ONLY_seed4,CLOUD_ONLY,4,fog-1,2075.000,0.000000
CLOUD_ONLY_seed4,CLOUD_ONLY,4,fog-2,2075.000,0.000000
CLOUD_ONLY_seed4,CLOUD_ONLY,4,fog-3,2075.000,0.000000
CLOUD_ONLY_seed4,CLOUD_ONLY,4,cloud,2100.000,0.000000
CLOUD_ONLY_seed4,CLOUD_ONLY,4,proxy,2100.000,0.000000
CLOUD_ONLY_seed4,CLOUD_ONLY,4,fog-1,2100.000,0.000000
CLOUD_ONLY_seed4,CLOUD_ONLY,4,fog-2,2100.000,0.000000
CLOUD_ONLY_seed4,CLOUD_ONLY,4,fog-3,2100.000,0.000000
CLOUD_ONLY_seed4,CLOUD_ONLY,4,cloud,2125.000,0.000000
CLOUD_ONLY_seed4,CLOUD_ONLY,4,proxy,2125.000,0.000000
CLOUD_ONLY_seed4,CLOUD_ONLY,4,fog-1,2125.000,0.000000
CLOUD_ONLY_seed4,CLOUD_ONLY,4,fog-2,2125.000,0.000000
CLOUD_ONLY_seed4,CLOUD_ONLY,4,fog-3,2125.000,0.000000
CLOUD_ONLY_seed4,CLOUD_ONLY,4,cloud,2150.000,0.000000
CLOUD_ONLY_seed4,CLOUD_ONLY,4,proxy,2150.000,0.000000
CLOUD_ONLY_seed4,CLOUD_ONLY,4,fog-1,2150.000,0.000000
CLOUD_ONLY_seed4,CLOUD_ONLY,4,fog-2,2150.000,0.000000
CLOUD_ONLY_seed4,CLOUD_ONLY,4,fog-3,2150.000,0.000000
CLOUD_ONLY_seed4,CLOUD_ONLY,4,cloud,2175.000,0.000000
CLOUD_ONLY_seed4,CLOUD_ONLY,4,proxy,2175.000,0.000000
CLOUD_ONLY_seed4,CLOUD_ONLY,4,fog-1,2175.000,0.000000
CLOUD_ONLY_seed4,CLOUD_ONLY,4,fog-2,2175.000,0.000000
CLOUD_ONLY_seed4,CLOUD_ONLY,4,fog-3,2175.000,0.000000
CLOUD_ONLY_seed4,CLOUD_ONLY,4,cloud,2200.000,0.000000
CLOUD_ONLY_seed4,CLOUD_ONLY,4,proxy,2200.000,0.000000
CLOUD_ONLY_seed4,CLOUD_ONLY,4,fog-1,2200.000,0.000000
CLOUD_ONLY_seed4,CLOUD_ONLY,4,fog-2,2200.000,0.000000
CLOUD_ONLY_seed4,CLOUD_ONLY,4,fog-3,2200.000,0.000000
CLOUD_ONLY_seed4,CLOUD_ONLY,4,cloud,2225.000,0.000000
CLOUD_ONLY_seed4,CLOUD_ONLY,4,proxy,2225.000,0.000000
CLOUD_ONLY_seed4,CLOUD_ONLY,4,fog-1,2225.000,0.000000
CLOUD_ONLY_seed4,CLOUD_ONLY,4,fog-2,2225.000,0.000000
CLOUD_ONLY_seed4,CLOUD_ONLY,4,fog-3,2225.000,0.000000
CLOUD_ONLY_seed4,CLOUD_ONLY,4,cloud,2250.000,0.000000
CLOUD_ONLY_seed4,CLOUD_ONLY,4,proxy,2250.000,0.000000
CLOUD_ONLY_seed4,CLOUD_ONLY,4,fog-1,2250.000,0.000000
CLOUD_ONLY_seed4,CLOUD_ONLY,4,fog-2,2250.000,0.000000
CLOUD_ONLY_seed4,CLOUD_ONLY,4,fog-3,2250.000,0.000000
CLOUD_ONLY_seed4,CLOUD_ONLY,4,cloud,2275.000,0.000000
CLOUD_ONLY_seed4,CLOUD_ONLY,4,proxy,2275.000,0.000000
CLOUD_ONLY_seed4,CLOUD_ONLY,4,fog-1,2275.000,0.000000
CLOUD_ONLY_seed4,CLOUD_ONLY,4,fog-2,2275.000,0.000000
CLOUD_ONLY_seed4,CLOUD_ONLY,4,fog-3,2275.000,0.000000
CLOUD_ONLY_seed4,CLOUD_ONLY,4,cloud,2300.000,0.000000
CLOUD_ONLY_seed4,CLOUD_ONLY,4,proxy,2300.000,0.000000
CLOUD_ONLY_seed4,CLOUD_ONLY,4,fog-1,2300.000,0.000000
CLOUD_ONLY_seed4,CLOUD_ONLY,4,fog-2,2300.000,0.000000
CLOUD_ONLY_seed4,CLOUD_ONLY,4,fog-3,2300.000,0.000000
CLOUD_ONLY_seed4,CLOUD_ONLY,4,cloud,2325.000,0.000000
CLOUD_ONLY_seed4,CLOUD_ONLY,4,proxy,2325.000,0.000000
CLOUD_ONLY_seed4,CLOUD_ONLY,4,fog-1,2325.000,0.000000
CLOUD_ONLY_seed4,CLOUD_ONLY,4,fog-2,2325.000,0.000000
CLOUD_ONLY_seed4,CLOUD_ONLY,4,fog-3,2325.000,0.000000
CLOUD_ONLY_seed4,CLOUD_ONLY,4,cloud,2350.000,0.000000
CLOUD_ONLY_seed4,CLOUD_ONLY,4,proxy,2350.000,0.000000
CLOUD_ONLY_seed4,CLOUD_ONLY,4,fog-1,2350.000,0.000000
CLOUD_ONLY_seed4,CLOUD_ONLY,4,fog-2,2350.000,0.000000
CLOUD_ONLY_seed4,CLOUD_ONLY,4,fog-3,2350.000,0.000000
CLOUD_ONLY_seed4,CLOUD_ONLY,4,cloud,2375.000,0.000000
CLOUD_ONLY_seed4,CLOUD_ONLY,4,proxy,2375.000,0.000000
CLOUD_ONLY_seed4,CLOUD_ONLY,4,fog-1,2375.000,0.000000
CLOUD_ONLY_seed4,CLOUD_ONLY,4,fog-2,2375.000,0.000000
CLOUD_ONLY_seed4,CLOUD_ONLY,4,fog-3,2375.000,0.000000
CLOUD_ONLY_seed4,CLOUD_ONLY,4,cloud,2400.000,0.000000
CLOUD_ONLY_seed4,CLOUD_ONLY,4,proxy,2400.000,0.000000
CLOUD_ONLY_seed4,CLOUD_ONLY,4,fog-1,2400.000,0.000000
CLOUD_ONLY_seed4,CLOUD_ONLY,4,fog-2,2400.000,0.000000
CLOUD_ONLY_seed4,CLOUD_ONLY,4,fog-3,2400.000,0.000000
CLOUD_ONLY_seed4,CLOUD_ONLY,4,cloud,2425.000,0.000000
CLOUD_ONLY_seed4,CLOUD_ONLY,4,proxy,2425.000,0.000000
CLOUD_ONLY_seed4,CLOUD_ONLY,4,fog-1,2425.000,0.000000
CLOUD_ONLY_seed4,CLOUD_ONLY,4,fog-2,2425.000,0.000000
CLOUD_ONLY_seed4,CLOUD_ONLY,4,fog-3,2425.000,0.000000
CLOUD_ONLY_seed4,CLOUD_ONLY,4,cloud,2450.000,0.000000
CLOUD_ONLY_seed4,CLOUD_ONLY,4,proxy,2450.000,0.000000
CLOUD_ONLY_seed4,CLOUD_ONLY,4,fog-1,2450.000,0.000000
CLOUD_ONLY_seed4,CLOUD_ONLY,4,fog-2,2450.000,0.000000
CLOUD_ONLY_seed4,CLOUD_ONLY,4,fog-3,2450.000,0.000000
CLOUD_ONLY_seed4,CLOUD_ONLY,4,cloud,2475.000,0.000000
CLOUD_ONLY_seed4,CLOUD_ONLY,4,proxy,2475.000,0.000000
CLOUD_ONLY_seed4,CLOUD_ONLY,4,fog-1,2475.000,0.000000
CLOUD_ONLY_seed4,CLOUD_ONLY,4,fog-2,2475.000,0.000000
CLOUD_ONLY_seed4,CLOUD_ONLY,4,fog-3,2475.000,0.000000
CLOUD_ONLY_seed4,CLOUD_ONLY,4,cloud,2500.000,0.000000
CLOUD_ONLY_seed4,CLOUD_ONLY,4,proxy,2500.000,0.000000
CLOUD_ONLY_seed4,CLOUD_ONLY,4,fog-1,2500.000,0.000000
CLOUD_ONLY_seed4,CLOUD_ONLY,4,fog-2,2500.000,0.000000
CLOUD_ONLY_seed4,CLOUD_ONLY,4,fog-3,2500.000,0.000000
CLOUD_ONLY_seed4,CLOUD_ONLY,4,cloud,2525.000,0.000000
CLOUD_ONLY_seed4,CLOUD_ONLY,4,proxy,2525.000,0.000000
CLOUD_ONLY_seed4,CLOUD_ONLY,4,fog-1,2525.000,0.000000
CLOUD_ONLY_seed4,CLOUD_ONLY,4,fog-2,2525.000,0.000000
CLOUD_ONLY_seed4,CLOUD_ONLY,4,fog-3,2525.000,0.000000
CLOUD_ONLY_seed4,CLOUD_ONLY,4,cloud,2550.000,0.000000
CLOUD_ONLY_seed4,CLOUD_ONLY,4,proxy,2550.000,0.000000
CLOUD_ONLY_seed4,CLOUD_ONLY,4,fog-1,2550.000,0.000000
CLOUD_ONLY_seed4,CLOUD_ONLY,4,fog-2,2550.000,0.000000
CLOUD_ONLY_seed4,CLOUD_ONLY,4,fog-3,2550.000,0.000000
CLOUD_ONLY_seed4,CLOUD_ONLY,4,cloud,2575.000,0.000000
CLOUD_ONLY_seed4,CLOUD_ONLY,4,proxy,2575.000,0.000000
CLOUD_ONLY_seed4,CLOUD_ONLY,4,fog-1,2575.000,0.000000
CLOUD_ONLY_seed4,CLOUD_ONLY,4,fog-2,2575.000,0.000000
CLOUD_ONLY_seed4,CLOUD_ONLY,4,fog-3,2575.000,0.000000
CLOUD_ONLY_seed4,CLOUD_ONLY,4,cloud,2600.000,0.000000
CLOUD_ONLY_seed4,CLOUD_ONLY,4,proxy,2600.000,0.000000
CLOUD_ONLY_seed4,CLOUD_ONLY,4,fog-1,2600.000,0.000000
CLOUD_ONLY_seed4,CLOUD_ONLY,4,fog-2,2600.000,0.000000
CLOUD_ONLY_seed4,CLOUD_ONLY,4,fog-3,2600.000,0.000000
CLOUD_ONLY_seed4,CLOUD_ONLY,4,cloud,2625.000,0.000000
CLOUD_ONLY_seed4,CLOUD_ONLY,4,proxy,2625.000,0.000000
CLOUD_ONLY_seed4,CLOUD_ONLY,4,fog-1,2625.000,0.000000
CLOUD_ONLY_seed4,CLOUD_ONLY,4,fog-2,2625.000,0.000000
CLOUD_ONLY_seed4,CLOUD_ONLY,4,fog-3,2625.000,0.000000
CLOUD_ONLY_seed4,CLOUD_ONLY,4,cloud,2650.000,0.000000
CLOUD_ONLY_seed4,CLOUD_ONLY,4,proxy,2650.000,0.000000
CLOUD_ONLY_seed4,CLOUD_ONLY,4,fog-1,2650.000,0.000000
CLOUD_ONLY_seed4,CLOUD_ONLY,4,fog-2,2650.000,0.000000
CLOUD_ONLY_seed4,CLOUD_ONLY,4,fog-3,2650.000,0.000000
CLOUD_ONLY_seed4,CLOUD_ONLY,4,cloud,2675.000,0.000000
CLOUD_ONLY_seed4,CLOUD_ONLY,4,proxy,2675.000,0.000000
CLOUD_ONLY_seed4,CLOUD_ONLY,4,fog-1,2675.000,0.000000
CLOUD_ONLY_seed4,CLOUD_ONLY,4,fog-2,2675.000,0.000000
CLOUD_ONLY_seed4,CLOUD_ONLY,4,fog-3,2675.000,0.000000
CLOUD_ONLY_seed4,CLOUD_ONLY,4,cloud,2700.000,0.000000
CLOUD_ONLY_seed4,CLOUD_ONLY,4,proxy,2700.000,0.000000
CLOUD_ONLY_seed4,CLOUD_ONLY,4,fog-1,2700.000,0.000000
CLOUD_ONLY_seed4,CLOUD_ONLY,4,fog-2,2700.000,0.000000
CLOUD_ONLY_seed4,CLOUD_ONLY,4,fog-3,2700.000,0.000000
CLOUD_ONLY_seed4,CLOUD_ONLY,4,cloud,2725.000,0.000000
CLOUD_ONLY_seed4,CLOUD_ONLY,4,proxy,2725.000,0.000000
CLOUD_ONLY_seed4,CLOUD_ONLY,4,fog-1,2725.000,0.000000
CLOUD_ONLY_seed4,CLOUD_ONLY,4,fog-2,2725.000,0.000000
CLOUD_ONLY_seed4,CLOUD_ONLY,4,fog-3,2725.000,0.000000
CLOUD_ONLY_seed4,CLOUD_ONLY,4,cloud,2750.000,0.000000
CLOUD_ONLY_seed4,CLOUD_ONLY,4,proxy,2750.000,0.000000
CLOUD_ONLY_seed4,CLOUD_ONLY,4,fog-1,2750.000,0.000000
CLOUD_ONLY_seed4,CLOUD_ONLY,4,fog-2,2750.000,0.000000
CLOUD_ONLY_seed4,CLOUD_ONLY,4,fog-3,2750.000,0.000000
CLOUD_ONLY_seed4,CLOUD_ONLY,4,cloud,2775.000,0.000000
CLOUD_ONLY_seed4,CLOUD_ONLY,4,proxy,2775.000,0.000000
CLOUD_ONLY_seed4,CLOUD_ONLY,4,fog-1,2775.000,0.000000
CLOUD_ONLY_seed4,CLOUD_ONLY,4,fog-2,2775.000,0.000000
CLOUD_ONLY_seed4,CLOUD_ONLY,4,fog-3,2775.000,0.000000
CLOUD_ONLY_seed4,CLOUD_ONLY,4,cloud,2800.000,0.000000
CLOUD_ONLY_seed4,CLOUD_ONLY,4,proxy,2800.000,0.000000
CLOUD_ONLY_seed4,CLOUD_ONLY,4,fog-1,2800.000,0.000000
CLOUD_ONLY_seed4,CLOUD_ONLY,4,fog-2,2800.000,0.000000
CLOUD_ONLY_seed4,CLOUD_ONLY,4,fog-3,2800.000,0.000000
CLOUD_ONLY_seed4,CLOUD_ONLY,4,cloud,2825.000,0.000000
CLOUD_ONLY_seed4,CLOUD_ONLY,4,proxy,2825.000,0.000000
CLOUD_ONLY_seed4,CLOUD_ONLY,4,fog-1,2825.000,0.000000
CLOUD_ONLY_seed4,CLOUD_ONLY,4,fog-2,2825.000,0.000000
CLOUD_ONLY_seed4,CLOUD_ONLY,4,fog-3,2825.000,0.000000
CLOUD_ONLY_seed4,CLOUD_ONLY,4,cloud,2850.000,0.000000
CLOUD_ONLY_seed4,CLOUD_ONLY,4,proxy,2850.000,0.000000
CLOUD_ONLY_seed4,CLOUD_ONLY,4,fog-1,2850.000,0.000000
CLOUD_ONLY_seed4,CLOUD_ONLY,4,fog-2,2850.000,0.000000
CLOUD_ONLY_seed4,CLOUD_ONLY,4,fog-3,2850.000,0.000000
CLOUD_ONLY_seed4,CLOUD_ONLY,4,cloud,2875.000,0.000000
CLOUD_ONLY_seed4,CLOUD_ONLY,4,proxy,2875.000,0.000000
CLOUD_ONLY_seed4,CLOUD_ONLY,4,fog-1,2875.000,0.000000
CLOUD_ONLY_seed4,CLOUD_ONLY,4,fog-2,2875.000,0.000000
CLOUD_ONLY_seed4,CLOUD_ONLY,4,fog-3,2875.000,0.000000
CLOUD_ONLY_seed4,CLOUD_ONLY,4,cloud,2900.000,0.000000
CLOUD_ONLY_seed4,CLOUD_ONLY,4,proxy,2900.000,0.000000
CLOUD_ONLY_seed4,CLOUD_ONLY,4,fog-1,2900.000,0.000000
CLOUD_ONLY_seed4,CLOUD_ONLY,4,fog-2,2900.000,0.000000
CLOUD_ONLY_seed4,CLOUD_ONLY,4,fog-3,2900.000,0.000000
CLOUD_ONLY_seed4,CLOUD_ONLY,4,cloud,2925.000,0.000000
CLOUD_ONLY_seed4,CLOUD_ONLY,4,proxy,2925.000,0.000000
CLOUD_ONLY_seed4,CLOUD_ONLY,4,fog-1,2925.000,0.000000
CLOUD_ONLY_seed4,CLOUD_ONLY,4,fog-2,2925.000,0.000000
CLOUD_ONLY_seed4,CLOUD_ONLY,4,fog-3,2925.000,0.000000
CLOUD_ONLY_seed4,CLOUD_ONLY,4,cloud,2950.000,0.000000
CLOUD_ONLY_seed4,CLOUD_ONLY,4,proxy,2950.000,0.000000
CLOUD_ONLY_seed4,CLOUD_ONLY,4,fog-1,2950.000,0.000000
CLOUD_ONLY_seed4,CLOUD_ONLY,4,fog-2,2950.000,0.000000
CLOUD_ONLY_seed4,CLOUD_ONLY,4,fog-3,2950.000,0.000000
CLOUD_ONLY_seed4,CLOUD_ONLY,4,cloud,2975.000,0.000000
CLOUD_ONLY_seed4,CLOUD_ONLY,4,proxy,2975.000,0.000000
CLOUD_ONLY_seed4,CLOUD_ONLY,4,fog-1,2975.000,0.000000
CLOUD_ONLY_seed4,CLOUD_ONLY,4,fog-2,2975.000,0.000000
CLOUD_ONLY_seed4,CLOUD_ONLY,4,fog-3,2975.000,0.000000
CLOUD_ONLY_seed4,CLOUD_ONLY,4,cloud,3000.000,0.000000
CLOUD_ONLY_seed4,CLOUD_ONLY,4,proxy,3000.000,0.000000
CLOUD_ONLY_seed4,CLOUD_ONLY,4,fog-1,3000.000,0.000000
CLOUD_ONLY_seed4,CLOUD_ONLY,4,fog-2,3000.000,0.000000
CLOUD_ONLY_seed4,CLOUD_ONLY,4,fog-3,3000.000,0.000000
CLOUD_ONLY_seed4,CLOUD_ONLY,4,cloud,3025.000,0.000000
CLOUD_ONLY_seed4,CLOUD_ONLY,4,proxy,3025.000,0.000000
CLOUD_ONLY_seed4,CLOUD_ONLY,4,fog-1,3025.000,0.000000
CLOUD_ONLY_seed4,CLOUD_ONLY,4,fog-2,3025.000,0.000000
CLOUD_ONLY_seed4,CLOUD_ONLY,4,fog-3,3025.000,0.000000
CLOUD_ONLY_seed4,CLOUD_ONLY,4,cloud,3050.000,0.000000
CLOUD_ONLY_seed4,CLOUD_ONLY,4,proxy,3050.000,0.000000
CLOUD_ONLY_seed4,CLOUD_ONLY,4,fog-1,3050.000,0.000000
CLOUD_ONLY_seed4,CLOUD_ONLY,4,fog-2,3050.000,0.000000
CLOUD_ONLY_seed4,CLOUD_ONLY,4,fog-3,3050.000,0.000000
CLOUD_ONLY_seed4,CLOUD_ONLY,4,cloud,3075.000,0.000000
CLOUD_ONLY_seed4,CLOUD_ONLY,4,proxy,3075.000,0.000000
CLOUD_ONLY_seed4,CLOUD_ONLY,4,fog-1,3075.000,0.000000
CLOUD_ONLY_seed4,CLOUD_ONLY,4,fog-2,3075.000,0.000000
CLOUD_ONLY_seed4,CLOUD_ONLY,4,fog-3,3075.000,0.000000
CLOUD_ONLY_seed4,CLOUD_ONLY,4,cloud,3100.000,0.000000
CLOUD_ONLY_seed4,CLOUD_ONLY,4,proxy,3100.000,0.000000
CLOUD_ONLY_seed4,CLOUD_ONLY,4,fog-1,3100.000,0.000000
CLOUD_ONLY_seed4,CLOUD_ONLY,4,fog-2,3100.000,0.000000
CLOUD_ONLY_seed4,CLOUD_ONLY,4,fog-3,3100.000,0.000000
CLOUD_ONLY_seed4,CLOUD_ONLY,4,cloud,3125.000,0.000000
CLOUD_ONLY_seed4,CLOUD_ONLY,4,proxy,3125.000,0.000000
CLOUD_ONLY_seed4,CLOUD_ONLY,4,fog-1,3125.000,0.000000
CLOUD_ONLY_seed4,CLOUD_ONLY,4,fog-2,3125.000,0.000000
CLOUD_ONLY_seed4,CLOUD_ONLY,4,fog-3,3125.000,0.000000
CLOUD_ONLY_seed4,CLOUD_ONLY,4,cloud,3150.000,0.000000
CLOUD_ONLY_seed4,CLOUD_ONLY,4,proxy,3150.000,0.000000
CLOUD_ONLY_seed4,CLOUD_ONLY,4,fog-1,3150.000,0.000000
CLOUD_ONLY_seed4,CLOUD_ONLY,4,fog-2,3150.000,0.000000
CLOUD_ONLY_seed4,CLOUD_ONLY,4,fog-3,3150.000,0.000000
CLOUD_ONLY_seed4,CLOUD_ONLY,4,cloud,3175.000,0.000000
CLOUD_ONLY_seed4,CLOUD_ONLY,4,proxy,3175.000,0.000000
CLOUD_ONLY_seed4,CLOUD_ONLY,4,fog-1,3175.000,0.000000
CLOUD_ONLY_seed4,CLOUD_ONLY,4,fog-2,3175.000,0.000000
CLOUD_ONLY_seed4,CLOUD_ONLY,4,fog-3,3175.000,0.000000
CLOUD_ONLY_seed4,CLOUD_ONLY,4,cloud,3200.000,0.000000
CLOUD_ONLY_seed4,CLOUD_ONLY,4,proxy,3200.000,0.000000
CLOUD_ONLY_seed4,CLOUD_ONLY,4,fog-1,3200.000,0.000000
CLOUD_ONLY_seed4,CLOUD_ONLY,4,fog-2,3200.000,0.000000
CLOUD_ONLY_seed4,CLOUD_ONLY,4,fog-3,3200.000,0.000000
CLOUD_ONLY_seed4,CLOUD_ONLY,4,cloud,3225.000,0.000000
CLOUD_ONLY_seed4,CLOUD_ONLY,4,proxy,3225.000,0.000000
CLOUD_ONLY_seed4,CLOUD_ONLY,4,fog-1,3225.000,0.000000
CLOUD_ONLY_seed4,CLOUD_ONLY,4,fog-2,3225.000,0.000000
CLOUD_ONLY_seed4,CLOUD_ONLY,4,fog-3,3225.000,0.000000
CLOUD_ONLY_seed4,CLOUD_ONLY,4,cloud,3250.000,0.000000
CLOUD_ONLY_seed4,CLOUD_ONLY,4,proxy,3250.000,0.000000
CLOUD_ONLY_seed4,CLOUD_ONLY,4,fog-1,3250.000,0.000000
CLOUD_ONLY_seed4,CLOUD_ONLY,4,fog-2,3250.000,0.000000
CLOUD_ONLY_seed4,CLOUD_ONLY,4,fog-3,3250.000,0.000000
CLOUD_ONLY_seed4,CLOUD_ONLY,4,cloud,3275.000,0.000000
CLOUD_ONLY_seed4,CLOUD_ONLY,4,proxy,3275.000,0.000000
CLOUD_ONLY_seed4,CLOUD_ONLY,4,fog-1,3275.000,0.000000
CLOUD_ONLY_seed4,CLOUD_ONLY,4,fog-2,3275.000,0.000000
CLOUD_ONLY_seed4,CLOUD_ONLY,4,fog-3,3275.000,0.000000
CLOUD_ONLY_seed4,CLOUD_ONLY,4,cloud,3300.000,0.000000
CLOUD_ONLY_seed4,CLOUD_ONLY,4,proxy,3300.000,0.000000
CLOUD_ONLY_seed4,CLOUD_ONLY,4,fog-1,3300.000,0.000000
CLOUD_ONLY_seed4,CLOUD_ONLY,4,fog-2,3300.000,0.000000
CLOUD_ONLY_seed4,CLOUD_ONLY,4,fog-3,3300.000,0.000000
CLOUD_ONLY_seed4,CLOUD_ONLY,4,cloud,3325.000,0.000000
CLOUD_ONLY_seed4,CLOUD_ONLY,4,proxy,3325.000,0.000000
CLOUD_ONLY_seed4,CLOUD_ONLY,4,fog-1,3325.000,0.000000
CLOUD_ONLY_seed4,CLOUD_ONLY,4,fog-2,3325.000,0.000000
CLOUD_ONLY_seed4,CLOUD_ONLY,4,fog-3,3325.000,0.000000
CLOUD_ONLY_seed4,CLOUD_ONLY,4,cloud,3350.000,0.000000
CLOUD_ONLY_seed4,CLOUD_ONLY,4,proxy,3350.000,0.000000
CLOUD_ONLY_seed4,CLOUD_ONLY,4,fog-1,3350.000,0.000000
CLOUD_ONLY_seed4,CLOUD_ONLY,4,fog-2,3350.000,0.000000
CLOUD_ONLY_seed4,CLOUD_ONLY,4,fog-3,3350.000,0.000000
CLOUD_ONLY_seed4,CLOUD_ONLY,4,cloud,3375.000,0.000000
CLOUD_ONLY_seed4,CLOUD_ONLY,4,proxy,3375.000,0.000000
CLOUD_ONLY_seed4,CLOUD_ONLY,4,fog-1,3375.000,0.000000
CLOUD_ONLY_seed4,CLOUD_ONLY,4,fog-2,3375.000,0.000000
CLOUD_ONLY_seed4,CLOUD_ONLY,4,fog-3,3375.000,0.000000
CLOUD_ONLY_seed4,CLOUD_ONLY,4,cloud,3400.000,0.000000
CLOUD_ONLY_seed4,CLOUD_ONLY,4,proxy,3400.000,0.000000
CLOUD_ONLY_seed4,CLOUD_ONLY,4,fog-1,3400.000,0.000000
CLOUD_ONLY_seed4,CLOUD_ONLY,4,fog-2,3400.000,0.000000
CLOUD_ONLY_seed4,CLOUD_ONLY,4,fog-3,3400.000,0.000000
CLOUD_ONLY_seed4,CLOUD_ONLY,4,cloud,3425.000,0.000000
CLOUD_ONLY_seed4,CLOUD_ONLY,4,proxy,3425.000,0.000000
CLOUD_ONLY_seed4,CLOUD_ONLY,4,fog-1,3425.000,0.000000
CLOUD_ONLY_seed4,CLOUD_ONLY,4,fog-2,3425.000,0.000000
CLOUD_ONLY_seed4,CLOUD_ONLY,4,fog-3,3425.000,0.000000
CLOUD_ONLY_seed4,CLOUD_ONLY,4,cloud,3450.000,0.000000
CLOUD_ONLY_seed4,CLOUD_ONLY,4,proxy,3450.000,0.000000
CLOUD_ONLY_seed4,CLOUD_ONLY,4,fog-1,3450.000,0.000000
CLOUD_ONLY_seed4,CLOUD_ONLY,4,fog-2,3450.000,0.000000
CLOUD_ONLY_seed4,CLOUD_ONLY,4,fog-3,3450.000,0.000000
CLOUD_ONLY_seed4,CLOUD_ONLY,4,cloud,3475.000,0.000000
CLOUD_ONLY_seed4,CLOUD_ONLY,4,proxy,3475.000,0.000000
CLOUD_ONLY_seed4,CLOUD_ONLY,4,fog-1,3475.000,0.000000
CLOUD_ONLY_seed4,CLOUD_ONLY,4,fog-2,3475.000,0.000000
CLOUD_ONLY_seed4,CLOUD_ONLY,4,fog-3,3475.000,0.000000
CLOUD_ONLY_seed4,CLOUD_ONLY,4,cloud,3500.000,0.000000
CLOUD_ONLY_seed4,CLOUD_ONLY,4,proxy,3500.000,0.000000
CLOUD_ONLY_seed4,CLOUD_ONLY,4,fog-1,3500.000,0.000000
CLOUD_ONLY_seed4,CLOUD_ONLY,4,fog-2,3500.000,0.000000
CLOUD_ONLY_seed4,CLOUD_ONLY,4,fog-3,3500.000,0.000000
CLOUD_ONLY_seed4,CLOUD_ONLY,4,cloud,3525.000,0.000000
CLOUD_ONLY_seed4,CLOUD_ONLY,4,proxy,3525.000,0.000000
CLOUD_ONLY_seed4,CLOUD_ONLY,4,fog-1,3525.000,0.000000
CLOUD_ONLY_seed4,CLOUD_ONLY,4,fog-2,3525.000,0.000000
CLOUD_ONLY_seed4,CLOUD_ONLY,4,fog-3,3525.000,0.000000
CLOUD_ONLY_seed4,CLOUD_ONLY,4,cloud,3550.000,0.000000
CLOUD_ONLY_seed4,CLOUD_ONLY,4,proxy,3550.000,0.000000
CLOUD_ONLY_seed4,CLOUD_ONLY,4,fog-1,3550.000,0.000000
CLOUD_ONLY_seed4,CLOUD_ONLY,4,fog-2,3550.000,0.000000
CLOUD_ONLY_seed4,CLOUD_ONLY,4,fog-3,3550.000,0.000000
CLOUD_ONLY_seed4,CLOUD_ONLY,4,cloud,3575.000,0.000000
CLOUD_ONLY_seed4,CLOUD_ONLY,4,proxy,3575.000,0.000000
CLOUD_ONLY_seed4,CLOUD_ONLY,4,fog-1,3575.000,0.000000
CLOUD_ONLY_seed4,CLOUD_ONLY,4,fog-2,3575.000,0.000000
CLOUD_ONLY_seed4,CLOUD_ONLY,4,fog-3,3575.000,0.000000
CLOUD_ONLY_seed4,CLOUD_ONLY,4,cloud,3600.000,0.000000
CLOUD_ONLY_seed4,CLOUD_ONLY,4,proxy,3600.000,0.000000
CLOUD_ONLY_seed4,CLOUD_ONLY,4,fog-1,3600.000,0.000000
CLOUD_ONLY_seed4,CLOUD_ONLY,4,fog-2,3600.000,0.000000
CLOUD_ONLY_seed4,CLOUD_ONLY,4,fog-3,3600.000,0.000000
CLOUD_ONLY_seed4,CLOUD_ONLY,4,cloud,3625.000,0.000000
CLOUD_ONLY_seed4,CLOUD_ONLY,4,proxy,3625.000,0.000000
CLOUD_ONLY_seed4,CLOUD_ONLY,4,fog-1,3625.000,0.000000
CLOUD_ONLY_seed4,CLOUD_ONLY,4,fog-2,3625.000,0.000000
CLOUD_ONLY_seed4,CLOUD_ONLY,4,fog-3,3625.000,0.000000
CLOUD_ONLY_seed4,CLOUD_ONLY,4,cloud,3650.000,0.000000
CLOUD_ONLY_seed4,CLOUD_ONLY,4,proxy,3650.000,0.000000
CLOUD_ONLY_seed4,CLOUD_ONLY,4,fog-1,3650.000,0.000000
CLOUD_ONLY_seed4,CLOUD_ONLY,4,fog-2,3650.000,0.000000
CLOUD_ONLY_seed4,CLOUD_ONLY,4,fog-3,3650.000,0.000000
CLOUD_ONLY_seed4,CLOUD_ONLY,4,cloud,3675.000,0.000000
CLOUD_ONLY_seed4,CLOUD_ONLY,4,proxy,3675.000,0.000000
CLOUD_ONLY_seed4,CLOUD_ONLY,4,fog-1,3675.000,0.000000
CLOUD_ONLY_seed4,CLOUD_ONLY,4,fog-2,3675.000,0.000000
CLOUD_ONLY_seed4,CLOUD_ONLY,4,fog-3,3675.000,0.000000
CLOUD_ONLY_seed4,CLOUD_ONLY,4,cloud,3700.000,0.000000
CLOUD_ONLY_seed4,CLOUD_ONLY,4,proxy,3700.000,0.000000
CLOUD_ONLY_seed4,CLOUD_ONLY,4,fog-1,3700.000,0.000000
CLOUD_ONLY_seed4,CLOUD_ONLY,4,fog-2,3700.000,0.000000
CLOUD_ONLY_seed4,CLOUD_ONLY,4,fog-3,3700.000,0.000000
CLOUD_ONLY_seed4,CLOUD_ONLY,4,cloud,3725.000,0.000000
CLOUD_ONLY_seed4,CLOUD_ONLY,4,proxy,3725.000,0.000000
CLOUD_ONLY_seed4,CLOUD_ONLY,4,fog-1,3725.000,0.000000
CLOUD_ONLY_seed4,CLOUD_ONLY,4,fog-2,3725.000,0.000000
CLOUD_ONLY_seed4,CLOUD_ONLY,4,fog-3,3725.000,0.000000
CLOUD_ONLY_seed4,CLOUD_ONLY,4,cloud,3750.000,0.000000
CLOUD_ONLY_seed4,CLOUD_ONLY,4,proxy,3750.000,0.000000
CLOUD_ONLY_seed4,CLOUD_ONLY,4,fog-1,3750.000,0.000000
CLOUD_ONLY_seed4,CLOUD_ONLY,4,fog-2,3750.000,0.000000
CLOUD_ONLY_seed4,CLOUD_ONLY,4,fog-3,3750.000,0.000000
CLOUD_ONLY_seed4,CLOUD_ONLY,4,cloud,3775.000,0.000000
CLOUD_ONLY_seed4,CLOUD_ONLY,4,proxy,3775.000,0.000000
CLOUD_ONLY_seed4,CLOUD_ONLY,4,fog-1,3775.000,0.000000
CLOUD_ONLY_seed4,CLOUD_ONLY,4,fog-2,3775.000,0.000000
CLOUD_ONLY_seed4,CLOUD_ONLY,4,fog-3,3775.000,0.000000
CLOUD_ONLY_seed4,CLOUD_ONLY,4,cloud,3800.000,0.000000
CLOUD_ONLY_seed4,CLOUD_ONLY,4,proxy,3800.000,0.000000
CLOUD_ONLY_seed4,CLOUD_ONLY,4,fog-1,3800.000,0.000000
CLOUD_ONLY_seed4,CLOUD_ONLY,4,fog-2,3800.000,0.000000
CLOUD_ONLY_seed4,CLOUD_ONLY,4,fog-3,3800.000,0.000000
CLOUD_ONLY_seed4,CLOUD_ONLY,4,cloud,3825.000,0.000000
CLOUD_ONLY_seed4,CLOUD_ONLY,4,proxy,3825.000,0.000000
CLOUD_ONLY_seed4,CLOUD_ONLY,4,fog-1,3825.000,0.000000
CLOUD_ONLY_seed4,CLOUD_ONLY,4,fog-2,3825.000,0.000000
CLOUD_ONLY_seed4,CLOUD_ONLY,4,fog-3,3825.000,0.000000
CLOUD_ONLY_seed4,CLOUD_ONLY,4,cloud,3850.000,0.000000
CLOUD_ONLY_seed4,CLOUD_ONLY,4,proxy,3850.000,0.000000
CLOUD_ONLY_seed4,CLOUD_ONLY,4,fog-1,3850.000,0.000000
CLOUD_ONLY_seed4,CLOUD_ONLY,4,fog-2,3850.000,0.000000
CLOUD_ONLY_seed4,CLOUD_ONLY,4,fog-3,3850.000,0.000000
CLOUD_ONLY_seed4,CLOUD_ONLY,4,cloud,3875.000,0.000000
CLOUD_ONLY_seed4,CLOUD_ONLY,4,proxy,3875.000,0.000000
CLOUD_ONLY_seed4,CLOUD_ONLY,4,fog-1,3875.000,0.000000
CLOUD_ONLY_seed4,CLOUD_ONLY,4,fog-2,3875.000,0.000000
CLOUD_ONLY_seed4,CLOUD_ONLY,4,fog-3,3875.000,0.000000
CLOUD_ONLY_seed4,CLOUD_ONLY,4,cloud,3900.000,0.000000
CLOUD_ONLY_seed4,CLOUD_ONLY,4,proxy,3900.000,0.000000
CLOUD_ONLY_seed4,CLOUD_ONLY,4,fog-1,3900.000,0.000000
CLOUD_ONLY_seed4,CLOUD_ONLY,4,fog-2,3900.000,0.000000
CLOUD_ONLY_seed4,CLOUD_ONLY,4,fog-3,3900.000,0.000000
CLOUD_ONLY_seed4,CLOUD_ONLY,4,cloud,3925.000,0.000000
CLOUD_ONLY_seed4,CLOUD_ONLY,4,proxy,3925.000,0.000000
CLOUD_ONLY_seed4,CLOUD_ONLY,4,fog-1,3925.000,0.000000
CLOUD_ONLY_seed4,CLOUD_ONLY,4,fog-2,3925.000,0.000000
CLOUD_ONLY_seed4,CLOUD_ONLY,4,fog-3,3925.000,0.000000
CLOUD_ONLY_seed4,CLOUD_ONLY,4,cloud,3950.000,0.000000
CLOUD_ONLY_seed4,CLOUD_ONLY,4,proxy,3950.000,0.000000
CLOUD_ONLY_seed4,CLOUD_ONLY,4,fog-1,3950.000,0.000000
CLOUD_ONLY_seed4,CLOUD_ONLY,4,fog-2,3950.000,0.000000
CLOUD_ONLY_seed4,CLOUD_ONLY,4,fog-3,3950.000,0.000000
CLOUD_ONLY_seed4,CLOUD_ONLY,4,cloud,3975.000,0.000000
CLOUD_ONLY_seed4,CLOUD_ONLY,4,proxy,3975.000,0.000000
CLOUD_ONLY_seed4,CLOUD_ONLY,4,fog-1,3975.000,0.000000
CLOUD_ONLY_seed4,CLOUD_ONLY,4,fog-2,3975.000,0.000000
CLOUD_ONLY_seed4,CLOUD_ONLY,4,fog-3,3975.000,0.000000
CLOUD_ONLY_seed4,CLOUD_ONLY,4,cloud,4000.000,0.000000
CLOUD_ONLY_seed4,CLOUD_ONLY,4,proxy,4000.000,0.000000
CLOUD_ONLY_seed4,CLOUD_ONLY,4,fog-1,4000.000,0.000000
CLOUD_ONLY_seed4,CLOUD_ONLY,4,fog-2,4000.000,0.000000
CLOUD_ONLY_seed4,CLOUD_ONLY,4,fog-3,4000.000,0.000000
CLOUD_ONLY_seed4,CLOUD_ONLY,4,cloud,4025.000,0.000000
CLOUD_ONLY_seed4,CLOUD_ONLY,4,proxy,4025.000,0.000000
CLOUD_ONLY_seed4,CLOUD_ONLY,4,fog-1,4025.000,0.000000
CLOUD_ONLY_seed4,CLOUD_ONLY,4,fog-2,4025.000,0.000000
CLOUD_ONLY_seed4,CLOUD_ONLY,4,fog-3,4025.000,0.000000
CLOUD_ONLY_seed4,CLOUD_ONLY,4,cloud,4050.000,0.000000
CLOUD_ONLY_seed4,CLOUD_ONLY,4,proxy,4050.000,0.000000
CLOUD_ONLY_seed4,CLOUD_ONLY,4,fog-1,4050.000,0.000000
CLOUD_ONLY_seed4,CLOUD_ONLY,4,fog-2,4050.000,0.000000
CLOUD_ONLY_seed4,CLOUD_ONLY,4,fog-3,4050.000,0.000000
CLOUD_ONLY_seed4,CLOUD_ONLY,4,cloud,4075.000,0.000000
CLOUD_ONLY_seed4,CLOUD_ONLY,4,proxy,4075.000,0.000000
CLOUD_ONLY_seed4,CLOUD_ONLY,4,fog-1,4075.000,0.000000
CLOUD_ONLY_seed4,CLOUD_ONLY,4,fog-2,4075.000,0.000000
CLOUD_ONLY_seed4,CLOUD_ONLY,4,fog-3,4075.000,0.000000
CLOUD_ONLY_seed4,CLOUD_ONLY,4,cloud,4100.000,0.000000
CLOUD_ONLY_seed4,CLOUD_ONLY,4,proxy,4100.000,0.000000
CLOUD_ONLY_seed4,CLOUD_ONLY,4,fog-1,4100.000,0.000000
CLOUD_ONLY_seed4,CLOUD_ONLY,4,fog-2,4100.000,0.000000
CLOUD_ONLY_seed4,CLOUD_ONLY,4,fog-3,4100.000,0.000000
CLOUD_ONLY_seed4,CLOUD_ONLY,4,cloud,4125.000,0.000000
CLOUD_ONLY_seed4,CLOUD_ONLY,4,proxy,4125.000,0.000000
CLOUD_ONLY_seed4,CLOUD_ONLY,4,fog-1,4125.000,0.000000
CLOUD_ONLY_seed4,CLOUD_ONLY,4,fog-2,4125.000,0.000000
CLOUD_ONLY_seed4,CLOUD_ONLY,4,fog-3,4125.000,0.000000
CLOUD_ONLY_seed4,CLOUD_ONLY,4,cloud,4150.000,0.000000
CLOUD_ONLY_seed4,CLOUD_ONLY,4,proxy,4150.000,0.000000
CLOUD_ONLY_seed4,CLOUD_ONLY,4,fog-1,4150.000,0.000000
CLOUD_ONLY_seed4,CLOUD_ONLY,4,fog-2,4150.000,0.000000
CLOUD_ONLY_seed4,CLOUD_ONLY,4,fog-3,4150.000,0.000000
CLOUD_ONLY_seed4,CLOUD_ONLY,4,cloud,4175.000,0.000000
CLOUD_ONLY_seed4,CLOUD_ONLY,4,proxy,4175.000,0.000000
CLOUD_ONLY_seed4,CLOUD_ONLY,4,fog-1,4175.000,0.000000
CLOUD_ONLY_seed4,CLOUD_ONLY,4,fog-2,4175.000,0.000000
CLOUD_ONLY_seed4,CLOUD_ONLY,4,fog-3,4175.000,0.000000
CLOUD_ONLY_seed4,CLOUD_ONLY,4,cloud,4200.000,0.000000
CLOUD_ONLY_seed4,CLOUD_ONLY,4,proxy,4200.000,0.000000
CLOUD_ONLY_seed4,CLOUD_ONLY,4,fog-1,4200.000,0.000000
CLOUD_ONLY_seed4,CLOUD_ONLY,4,fog-2,4200.000,0.000000
CLOUD_ONLY_seed4,CLOUD_ONLY,4,fog-3,4200.000,0.000000
CLOUD_ONLY_seed4,CLOUD_ONLY,4,cloud,4225.000,0.000000
CLOUD_ONLY_seed4,CLOUD_ONLY,4,proxy,4225.000,0.000000
CLOUD_ONLY_seed4,CLOUD_ONLY,4,fog-1,4225.000,0.000000
CLOUD_ONLY_seed4,CLOUD_ONLY,4,fog-2,4225.000,0.000000
CLOUD_ONLY_seed4,CLOUD_ONLY,4,fog-3,4225.000,0.000000
CLOUD_ONLY_seed4,CLOUD_ONLY,4,cloud,4250.000,0.000000
CLOUD_ONLY_seed4,CLOUD_ONLY,4,proxy,4250.000,0.000000
CLOUD_ONLY_seed4,CLOUD_ONLY,4,fog-1,4250.000,0.000000
CLOUD_ONLY_seed4,CLOUD_ONLY,4,fog-2,4250.000,0.000000
CLOUD_ONLY_seed4,CLOUD_ONLY,4,fog-3,4250.000,0.000000
CLOUD_ONLY_seed4,CLOUD_ONLY,4,cloud,4275.000,0.000000
CLOUD_ONLY_seed4,CLOUD_ONLY,4,proxy,4275.000,0.000000
CLOUD_ONLY_seed4,CLOUD_ONLY,4,fog-1,4275.000,0.000000
CLOUD_ONLY_seed4,CLOUD_ONLY,4,fog-2,4275.000,0.000000
CLOUD_ONLY_seed4,CLOUD_ONLY,4,fog-3,4275.000,0.000000
CLOUD_ONLY_seed4,CLOUD_ONLY,4,cloud,4300.000,0.000000
CLOUD_ONLY_seed4,CLOUD_ONLY,4,proxy,4300.000,0.000000
CLOUD_ONLY_seed4,CLOUD_ONLY,4,fog-1,4300.000,0.000000
CLOUD_ONLY_seed4,CLOUD_ONLY,4,fog-2,4300.000,0.000000
CLOUD_ONLY_seed4,CLOUD_ONLY,4,fog-3,4300.000,0.000000
CLOUD_ONLY_seed4,CLOUD_ONLY,4,cloud,4325.000,0.000000
CLOUD_ONLY_seed4,CLOUD_ONLY,4,proxy,4325.000,0.000000
CLOUD_ONLY_seed4,CLOUD_ONLY,4,fog-1,4325.000,0.000000
CLOUD_ONLY_seed4,CLOUD_ONLY,4,fog-2,4325.000,0.000000
CLOUD_ONLY_seed4,CLOUD_ONLY,4,fog-3,4325.000,0.000000
CLOUD_ONLY_seed4,CLOUD_ONLY,4,cloud,4350.000,0.000000
CLOUD_ONLY_seed4,CLOUD_ONLY,4,proxy,4350.000,0.000000
CLOUD_ONLY_seed4,CLOUD_ONLY,4,fog-1,4350.000,0.000000
CLOUD_ONLY_seed4,CLOUD_ONLY,4,fog-2,4350.000,0.000000
CLOUD_ONLY_seed4,CLOUD_ONLY,4,fog-3,4350.000,0.000000
CLOUD_ONLY_seed4,CLOUD_ONLY,4,cloud,4375.000,0.000000
CLOUD_ONLY_seed4,CLOUD_ONLY,4,proxy,4375.000,0.000000
CLOUD_ONLY_seed4,CLOUD_ONLY,4,fog-1,4375.000,0.000000
CLOUD_ONLY_seed4,CLOUD_ONLY,4,fog-2,4375.000,0.000000
CLOUD_ONLY_seed4,CLOUD_ONLY,4,fog-3,4375.000,0.000000
CLOUD_ONLY_seed4,CLOUD_ONLY,4,cloud,4400.000,0.000000
CLOUD_ONLY_seed4,CLOUD_ONLY,4,proxy,4400.000,0.000000
CLOUD_ONLY_seed4,CLOUD_ONLY,4,fog-1,4400.000,0.000000
CLOUD_ONLY_seed4,CLOUD_ONLY,4,fog-2,4400.000,0.000000
CLOUD_ONLY_seed4,CLOUD_ONLY,4,fog-3,4400.000,0.000000
CLOUD_ONLY_seed4,CLOUD_ONLY,4,cloud,4425.000,0.000000
CLOUD_ONLY_seed4,CLOUD_ONLY,4,proxy,4425.000,0.000000
CLOUD_ONLY_seed4,CLOUD_ONLY,4,fog-1,4425.000,0.000000
CLOUD_ONLY_seed4,CLOUD_ONLY,4,fog-2,4425.000,0.000000
CLOUD_ONLY_seed4,CLOUD_ONLY,4,fog-3,4425.000,0.000000
CLOUD_ONLY_seed4,CLOUD_ONLY,4,cloud,4450.000,0.000000
CLOUD_ONLY_seed4,CLOUD_ONLY,4,proxy,4450.000,0.000000
CLOUD_ONLY_seed4,CLOUD_ONLY,4,fog-1,4450.000,0.000000
CLOUD_ONLY_seed4,CLOUD_ONLY,4,fog-2,4450.000,0.000000
CLOUD_ONLY_seed4,CLOUD_ONLY,4,fog-3,4450.000,0.000000
CLOUD_ONLY_seed4,CLOUD_ONLY,4,cloud,4475.000,0.000000
CLOUD_ONLY_seed4,CLOUD_ONLY,4,proxy,4475.000,0.000000
CLOUD_ONLY_seed4,CLOUD_ONLY,4,fog-1,4475.000,0.000000
CLOUD_ONLY_seed4,CLOUD_ONLY,4,fog-2,4475.000,0.000000
CLOUD_ONLY_seed4,CLOUD_ONLY,4,fog-3,4475.000,0.000000
CLOUD_ONLY_seed4,CLOUD_ONLY,4,cloud,4500.000,0.000000
CLOUD_ONLY_seed4,CLOUD_ONLY,4,proxy,4500.000,0.000000
CLOUD_ONLY_seed4,CLOUD_ONLY,4,fog-1,4500.000,0.000000
CLOUD_ONLY_seed4,CLOUD_ONLY,4,fog-2,4500.000,0.000000
CLOUD_ONLY_seed4,CLOUD_ONLY,4,fog-3,4500.000,0.000000
CLOUD_ONLY_seed4,CLOUD_ONLY,4,cloud,4525.000,0.000000
CLOUD_ONLY_seed4,CLOUD_ONLY,4,proxy,4525.000,0.000000
CLOUD_ONLY_seed4,CLOUD_ONLY,4,fog-1,4525.000,0.000000
CLOUD_ONLY_seed4,CLOUD_ONLY,4,fog-2,4525.000,0.000000
CLOUD_ONLY_seed4,CLOUD_ONLY,4,fog-3,4525.000,0.000000
CLOUD_ONLY_seed4,CLOUD_ONLY,4,cloud,4550.000,0.000000
CLOUD_ONLY_seed4,CLOUD_ONLY,4,proxy,4550.000,0.000000
CLOUD_ONLY_seed4,CLOUD_ONLY,4,fog-1,4550.000,0.000000
CLOUD_ONLY_seed4,CLOUD_ONLY,4,fog-2,4550.000,0.000000
CLOUD_ONLY_seed4,CLOUD_ONLY,4,fog-3,4550.000,0.000000
CLOUD_ONLY_seed4,CLOUD_ONLY,4,cloud,4575.000,0.000000
CLOUD_ONLY_seed4,CLOUD_ONLY,4,proxy,4575.000,0.000000
CLOUD_ONLY_seed4,CLOUD_ONLY,4,fog-1,4575.000,0.000000
CLOUD_ONLY_seed4,CLOUD_ONLY,4,fog-2,4575.000,0.000000
CLOUD_ONLY_seed4,CLOUD_ONLY,4,fog-3,4575.000,0.000000
CLOUD_ONLY_seed4,CLOUD_ONLY,4,cloud,4600.000,0.000000
CLOUD_ONLY_seed4,CLOUD_ONLY,4,proxy,4600.000,0.000000
CLOUD_ONLY_seed4,CLOUD_ONLY,4,fog-1,4600.000,0.000000
CLOUD_ONLY_seed4,CLOUD_ONLY,4,fog-2,4600.000,0.000000
CLOUD_ONLY_seed4,CLOUD_ONLY,4,fog-3,4600.000,0.000000
CLOUD_ONLY_seed4,CLOUD_ONLY,4,cloud,4625.000,0.000000
CLOUD_ONLY_seed4,CLOUD_ONLY,4,proxy,4625.000,0.000000
CLOUD_ONLY_seed4,CLOUD_ONLY,4,fog-1,4625.000,0.000000
CLOUD_ONLY_seed4,CLOUD_ONLY,4,fog-2,4625.000,0.000000
CLOUD_ONLY_seed4,CLOUD_ONLY,4,fog-3,4625.000,0.000000
CLOUD_ONLY_seed4,CLOUD_ONLY,4,cloud,4650.000,0.000000
CLOUD_ONLY_seed4,CLOUD_ONLY,4,proxy,4650.000,0.000000
CLOUD_ONLY_seed4,CLOUD_ONLY,4,fog-1,4650.000,0.000000
CLOUD_ONLY_seed4,CLOUD_ONLY,4,fog-2,4650.000,0.000000
CLOUD_ONLY_seed4,CLOUD_ONLY,4,fog-3,4650.000,0.000000
CLOUD_ONLY_seed4,CLOUD_ONLY,4,cloud,4675.000,0.000000
CLOUD_ONLY_seed4,CLOUD_ONLY,4,proxy,4675.000,0.000000
CLOUD_ONLY_seed4,CLOUD_ONLY,4,fog-1,4675.000,0.000000
CLOUD_ONLY_seed4,CLOUD_ONLY,4,fog-2,4675.000,0.000000
CLOUD_ONLY_seed4,CLOUD_ONLY,4,fog-3,4675.000,0.000000
CLOUD_ONLY_seed4,CLOUD_ONLY,4,cloud,4700.000,0.000000
CLOUD_ONLY_seed4,CLOUD_ONLY,4,proxy,4700.000,0.000000
CLOUD_ONLY_seed4,CLOUD_ONLY,4,fog-1,4700.000,0.000000
CLOUD_ONLY_seed4,CLOUD_ONLY,4,fog-2,4700.000,0.000000
CLOUD_ONLY_seed4,CLOUD_ONLY,4,fog-3,4700.000,0.000000
CLOUD_ONLY_seed4,CLOUD_ONLY,4,cloud,4725.000,0.000000
CLOUD_ONLY_seed4,CLOUD_ONLY,4,proxy,4725.000,0.000000
CLOUD_ONLY_seed4,CLOUD_ONLY,4,fog-1,4725.000,0.000000
CLOUD_ONLY_seed4,CLOUD_ONLY,4,fog-2,4725.000,0.000000
CLOUD_ONLY_seed4,CLOUD_ONLY,4,fog-3,4725.000,0.000000
CLOUD_ONLY_seed4,CLOUD_ONLY,4,cloud,4750.000,0.000000
CLOUD_ONLY_seed4,CLOUD_ONLY,4,proxy,4750.000,0.000000
CLOUD_ONLY_seed4,CLOUD_ONLY,4,fog-1,4750.000,0.000000
CLOUD_ONLY_seed4,CLOUD_ONLY,4,fog-2,4750.000,0.000000
CLOUD_ONLY_seed4,CLOUD_ONLY,4,fog-3,4750.000,0.000000
CLOUD_ONLY_seed4,CLOUD_ONLY,4,cloud,4775.000,0.000000
CLOUD_ONLY_seed4,CLOUD_ONLY,4,proxy,4775.000,0.000000
CLOUD_ONLY_seed4,CLOUD_ONLY,4,fog-1,4775.000,0.000000
CLOUD_ONLY_seed4,CLOUD_ONLY,4,fog-2,4775.000,0.000000
CLOUD_ONLY_seed4,CLOUD_ONLY,4,fog-3,4775.000,0.000000
CLOUD_ONLY_seed4,CLOUD_ONLY,4,cloud,4800.000,0.000000
CLOUD_ONLY_seed4,CLOUD_ONLY,4,proxy,4800.000,0.000000
CLOUD_ONLY_seed4,CLOUD_ONLY,4,fog-1,4800.000,0.000000
CLOUD_ONLY_seed4,CLOUD_ONLY,4,fog-2,4800.000,0.000000
CLOUD_ONLY_seed4,CLOUD_ONLY,4,fog-3,4800.000,0.000000
CLOUD_ONLY_seed4,CLOUD_ONLY,4,cloud,4825.000,0.000000
CLOUD_ONLY_seed4,CLOUD_ONLY,4,proxy,4825.000,0.000000
CLOUD_ONLY_seed4,CLOUD_ONLY,4,fog-1,4825.000,0.000000
CLOUD_ONLY_seed4,CLOUD_ONLY,4,fog-2,4825.000,0.000000
CLOUD_ONLY_seed4,CLOUD_ONLY,4,fog-3,4825.000,0.000000
CLOUD_ONLY_seed4,CLOUD_ONLY,4,cloud,4850.000,0.000000
CLOUD_ONLY_seed4,CLOUD_ONLY,4,proxy,4850.000,0.000000
CLOUD_ONLY_seed4,CLOUD_ONLY,4,fog-1,4850.000,0.000000
CLOUD_ONLY_seed4,CLOUD_ONLY,4,fog-2,4850.000,0.000000
CLOUD_ONLY_seed4,CLOUD_ONLY,4,fog-3,4850.000,0.000000
CLOUD_ONLY_seed4,CLOUD_ONLY,4,cloud,4875.000,0.000000
CLOUD_ONLY_seed4,CLOUD_ONLY,4,proxy,4875.000,0.000000
CLOUD_ONLY_seed4,CLOUD_ONLY,4,fog-1,4875.000,0.000000
CLOUD_ONLY_seed4,CLOUD_ONLY,4,fog-2,4875.000,0.000000
CLOUD_ONLY_seed4,CLOUD_ONLY,4,fog-3,4875.000,0.000000
CLOUD_ONLY_seed4,CLOUD_ONLY,4,cloud,4900.000,0.000000
CLOUD_ONLY_seed4,CLOUD_ONLY,4,proxy,4900.000,0.000000
CLOUD_ONLY_seed4,CLOUD_ONLY,4,fog-1,4900.000,0.000000
CLOUD_ONLY_seed4,CLOUD_ONLY,4,fog-2,4900.000,0.000000
CLOUD_ONLY_seed4,CLOUD_ONLY,4,fog-3,4900.000,0.000000
CLOUD_ONLY_seed4,CLOUD_ONLY,4,cloud,4925.000,0.000000
CLOUD_ONLY_seed4,CLOUD_ONLY,4,proxy,4925.000,0.000000
CLOUD_ONLY_seed4,CLOUD_ONLY,4,fog-1,4925.000,0.000000
CLOUD_ONLY_seed4,CLOUD_ONLY,4,fog-2,4925.000,0.000000
CLOUD_ONLY_seed4,CLOUD_ONLY,4,fog-3,4925.000,0.000000
CLOUD_ONLY_seed4,CLOUD_ONLY,4,cloud,4950.000,0.000000
CLOUD_ONLY_seed4,CLOUD_ONLY,4,proxy,4950.000,0.000000
CLOUD_ONLY_seed4,CLOUD_ONLY,4,fog-1,4950.000,0.000000
CLOUD_ONLY_seed4,CLOUD_ONLY,4,fog-2,4950.000,0.000000
CLOUD_ONLY_seed4,CLOUD_ONLY,4,fog-3,4950.000,0.000000
CLOUD_ONLY_seed4,CLOUD_ONLY,4,cloud,4975.000,0.000000
CLOUD_ONLY_seed4,CLOUD_ONLY,4,proxy,4975.000,0.000000
CLOUD_ONLY_seed4,CLOUD_ONLY,4,fog-1,4975.000,0.000000
CLOUD_ONLY_seed4,CLOUD_ONLY,4,fog-2,4975.000,0.000000
CLOUD_ONLY_seed4,CLOUD_ONLY,4,fog-3,4975.000,0.000000
CLOUD_ONLY_seed4,CLOUD_ONLY,4,cloud,5000.000,0.000000
CLOUD_ONLY_seed4,CLOUD_ONLY,4,proxy,5000.000,0.000000
CLOUD_ONLY_seed4,CLOUD_ONLY,4,fog-1,5000.000,0.000000
CLOUD_ONLY_seed4,CLOUD_ONLY,4,fog-2,5000.000,0.000000
CLOUD_ONLY_seed4,CLOUD_ONLY,4,fog-3,5000.000,0.000000
CLOUD_ONLY_seed5,CLOUD_ONLY,5,cloud,25.000,0.000402
CLOUD_ONLY_seed5,CLOUD_ONLY,5,proxy,25.000,0.000000
CLOUD_ONLY_seed5,CLOUD_ONLY,5,fog-1,25.000,0.000000
CLOUD_ONLY_seed5,CLOUD_ONLY,5,fog-2,25.000,0.000000
CLOUD_ONLY_seed5,CLOUD_ONLY,5,fog-3,25.000,0.000000
CLOUD_ONLY_seed5,CLOUD_ONLY,5,cloud,50.000,0.000402
CLOUD_ONLY_seed5,CLOUD_ONLY,5,proxy,50.000,0.000000
CLOUD_ONLY_seed5,CLOUD_ONLY,5,fog-1,50.000,0.000000
CLOUD_ONLY_seed5,CLOUD_ONLY,5,fog-2,50.000,0.000000
CLOUD_ONLY_seed5,CLOUD_ONLY,5,fog-3,50.000,0.000000
CLOUD_ONLY_seed5,CLOUD_ONLY,5,cloud,75.000,0.000402
CLOUD_ONLY_seed5,CLOUD_ONLY,5,proxy,75.000,0.000000
CLOUD_ONLY_seed5,CLOUD_ONLY,5,fog-1,75.000,0.000000
CLOUD_ONLY_seed5,CLOUD_ONLY,5,fog-2,75.000,0.000000
CLOUD_ONLY_seed5,CLOUD_ONLY,5,fog-3,75.000,0.000000
CLOUD_ONLY_seed5,CLOUD_ONLY,5,cloud,100.000,0.000402
CLOUD_ONLY_seed5,CLOUD_ONLY,5,proxy,100.000,0.000000
CLOUD_ONLY_seed5,CLOUD_ONLY,5,fog-1,100.000,0.000000
CLOUD_ONLY_seed5,CLOUD_ONLY,5,fog-2,100.000,0.000000
CLOUD_ONLY_seed5,CLOUD_ONLY,5,fog-3,100.000,0.000000
CLOUD_ONLY_seed5,CLOUD_ONLY,5,cloud,125.000,0.000402
CLOUD_ONLY_seed5,CLOUD_ONLY,5,proxy,125.000,0.000000
CLOUD_ONLY_seed5,CLOUD_ONLY,5,fog-1,125.000,0.000000
CLOUD_ONLY_seed5,CLOUD_ONLY,5,fog-2,125.000,0.000000
CLOUD_ONLY_seed5,CLOUD_ONLY,5,fog-3,125.000,0.000000
CLOUD_ONLY_seed5,CLOUD_ONLY,5,cloud,150.000,0.000402
CLOUD_ONLY_seed5,CLOUD_ONLY,5,proxy,150.000,0.000000
CLOUD_ONLY_seed5,CLOUD_ONLY,5,fog-1,150.000,0.000000
CLOUD_ONLY_seed5,CLOUD_ONLY,5,fog-2,150.000,0.000000
CLOUD_ONLY_seed5,CLOUD_ONLY,5,fog-3,150.000,0.000000
CLOUD_ONLY_seed5,CLOUD_ONLY,5,cloud,175.000,0.040161
CLOUD_ONLY_seed5,CLOUD_ONLY,5,proxy,175.000,0.000000
CLOUD_ONLY_seed5,CLOUD_ONLY,5,fog-1,175.000,0.000000
CLOUD_ONLY_seed5,CLOUD_ONLY,5,fog-2,175.000,0.000000
CLOUD_ONLY_seed5,CLOUD_ONLY,5,fog-3,175.000,0.000000
CLOUD_ONLY_seed5,CLOUD_ONLY,5,cloud,200.000,0.000000
CLOUD_ONLY_seed5,CLOUD_ONLY,5,proxy,200.000,0.000000
CLOUD_ONLY_seed5,CLOUD_ONLY,5,fog-1,200.000,0.000000
CLOUD_ONLY_seed5,CLOUD_ONLY,5,fog-2,200.000,0.000000
CLOUD_ONLY_seed5,CLOUD_ONLY,5,fog-3,200.000,0.000000
CLOUD_ONLY_seed5,CLOUD_ONLY,5,cloud,225.000,0.000000
CLOUD_ONLY_seed5,CLOUD_ONLY,5,proxy,225.000,0.000000
CLOUD_ONLY_seed5,CLOUD_ONLY,5,fog-1,225.000,0.000000
CLOUD_ONLY_seed5,CLOUD_ONLY,5,fog-2,225.000,0.000000
CLOUD_ONLY_seed5,CLOUD_ONLY,5,fog-3,225.000,0.000000
CLOUD_ONLY_seed5,CLOUD_ONLY,5,cloud,250.000,0.000000
CLOUD_ONLY_seed5,CLOUD_ONLY,5,proxy,250.000,0.000000
CLOUD_ONLY_seed5,CLOUD_ONLY,5,fog-1,250.000,0.000000
CLOUD_ONLY_seed5,CLOUD_ONLY,5,fog-2,250.000,0.000000
CLOUD_ONLY_seed5,CLOUD_ONLY,5,fog-3,250.000,0.000000
CLOUD_ONLY_seed5,CLOUD_ONLY,5,cloud,275.000,0.000000
CLOUD_ONLY_seed5,CLOUD_ONLY,5,proxy,275.000,0.000000
CLOUD_ONLY_seed5,CLOUD_ONLY,5,fog-1,275.000,0.000000
CLOUD_ONLY_seed5,CLOUD_ONLY,5,fog-2,275.000,0.000000
CLOUD_ONLY_seed5,CLOUD_ONLY,5,fog-3,275.000,0.000000
CLOUD_ONLY_seed5,CLOUD_ONLY,5,cloud,300.000,0.000000
CLOUD_ONLY_seed5,CLOUD_ONLY,5,proxy,300.000,0.000000
CLOUD_ONLY_seed5,CLOUD_ONLY,5,fog-1,300.000,0.000000
CLOUD_ONLY_seed5,CLOUD_ONLY,5,fog-2,300.000,0.000000
CLOUD_ONLY_seed5,CLOUD_ONLY,5,fog-3,300.000,0.000000
CLOUD_ONLY_seed5,CLOUD_ONLY,5,cloud,325.000,0.000000
CLOUD_ONLY_seed5,CLOUD_ONLY,5,proxy,325.000,0.000000
CLOUD_ONLY_seed5,CLOUD_ONLY,5,fog-1,325.000,0.000000
CLOUD_ONLY_seed5,CLOUD_ONLY,5,fog-2,325.000,0.000000
CLOUD_ONLY_seed5,CLOUD_ONLY,5,fog-3,325.000,0.000000
CLOUD_ONLY_seed5,CLOUD_ONLY,5,cloud,350.000,0.000000
CLOUD_ONLY_seed5,CLOUD_ONLY,5,proxy,350.000,0.000000
CLOUD_ONLY_seed5,CLOUD_ONLY,5,fog-1,350.000,0.000000
CLOUD_ONLY_seed5,CLOUD_ONLY,5,fog-2,350.000,0.000000
CLOUD_ONLY_seed5,CLOUD_ONLY,5,fog-3,350.000,0.000000
CLOUD_ONLY_seed5,CLOUD_ONLY,5,cloud,375.000,0.000000
CLOUD_ONLY_seed5,CLOUD_ONLY,5,proxy,375.000,0.000000
CLOUD_ONLY_seed5,CLOUD_ONLY,5,fog-1,375.000,0.000000
CLOUD_ONLY_seed5,CLOUD_ONLY,5,fog-2,375.000,0.000000
CLOUD_ONLY_seed5,CLOUD_ONLY,5,fog-3,375.000,0.000000
CLOUD_ONLY_seed5,CLOUD_ONLY,5,cloud,400.000,0.000000
CLOUD_ONLY_seed5,CLOUD_ONLY,5,proxy,400.000,0.000000
CLOUD_ONLY_seed5,CLOUD_ONLY,5,fog-1,400.000,0.000000
CLOUD_ONLY_seed5,CLOUD_ONLY,5,fog-2,400.000,0.000000
CLOUD_ONLY_seed5,CLOUD_ONLY,5,fog-3,400.000,0.000000
CLOUD_ONLY_seed5,CLOUD_ONLY,5,cloud,425.000,0.000000
CLOUD_ONLY_seed5,CLOUD_ONLY,5,proxy,425.000,0.000000
CLOUD_ONLY_seed5,CLOUD_ONLY,5,fog-1,425.000,0.000000
CLOUD_ONLY_seed5,CLOUD_ONLY,5,fog-2,425.000,0.000000
CLOUD_ONLY_seed5,CLOUD_ONLY,5,fog-3,425.000,0.000000
CLOUD_ONLY_seed5,CLOUD_ONLY,5,cloud,450.000,0.000000
CLOUD_ONLY_seed5,CLOUD_ONLY,5,proxy,450.000,0.000000
CLOUD_ONLY_seed5,CLOUD_ONLY,5,fog-1,450.000,0.000000
CLOUD_ONLY_seed5,CLOUD_ONLY,5,fog-2,450.000,0.000000
CLOUD_ONLY_seed5,CLOUD_ONLY,5,fog-3,450.000,0.000000
CLOUD_ONLY_seed5,CLOUD_ONLY,5,cloud,475.000,0.000000
CLOUD_ONLY_seed5,CLOUD_ONLY,5,proxy,475.000,0.000000
CLOUD_ONLY_seed5,CLOUD_ONLY,5,fog-1,475.000,0.000000
CLOUD_ONLY_seed5,CLOUD_ONLY,5,fog-2,475.000,0.000000
CLOUD_ONLY_seed5,CLOUD_ONLY,5,fog-3,475.000,0.000000
CLOUD_ONLY_seed5,CLOUD_ONLY,5,cloud,500.000,0.000000
CLOUD_ONLY_seed5,CLOUD_ONLY,5,proxy,500.000,0.000000
CLOUD_ONLY_seed5,CLOUD_ONLY,5,fog-1,500.000,0.000000
CLOUD_ONLY_seed5,CLOUD_ONLY,5,fog-2,500.000,0.000000
CLOUD_ONLY_seed5,CLOUD_ONLY,5,fog-3,500.000,0.000000
CLOUD_ONLY_seed5,CLOUD_ONLY,5,cloud,525.000,0.000000
CLOUD_ONLY_seed5,CLOUD_ONLY,5,proxy,525.000,0.000000
CLOUD_ONLY_seed5,CLOUD_ONLY,5,fog-1,525.000,0.000000
CLOUD_ONLY_seed5,CLOUD_ONLY,5,fog-2,525.000,0.000000
CLOUD_ONLY_seed5,CLOUD_ONLY,5,fog-3,525.000,0.000000
CLOUD_ONLY_seed5,CLOUD_ONLY,5,cloud,550.000,0.000000
CLOUD_ONLY_seed5,CLOUD_ONLY,5,proxy,550.000,0.000000
CLOUD_ONLY_seed5,CLOUD_ONLY,5,fog-1,550.000,0.000000
CLOUD_ONLY_seed5,CLOUD_ONLY,5,fog-2,550.000,0.000000
CLOUD_ONLY_seed5,CLOUD_ONLY,5,fog-3,550.000,0.000000
CLOUD_ONLY_seed5,CLOUD_ONLY,5,cloud,575.000,0.000000
CLOUD_ONLY_seed5,CLOUD_ONLY,5,proxy,575.000,0.000000
CLOUD_ONLY_seed5,CLOUD_ONLY,5,fog-1,575.000,0.000000
CLOUD_ONLY_seed5,CLOUD_ONLY,5,fog-2,575.000,0.000000
CLOUD_ONLY_seed5,CLOUD_ONLY,5,fog-3,575.000,0.000000
CLOUD_ONLY_seed5,CLOUD_ONLY,5,cloud,600.000,0.000000
CLOUD_ONLY_seed5,CLOUD_ONLY,5,proxy,600.000,0.000000
CLOUD_ONLY_seed5,CLOUD_ONLY,5,fog-1,600.000,0.000000
CLOUD_ONLY_seed5,CLOUD_ONLY,5,fog-2,600.000,0.000000
CLOUD_ONLY_seed5,CLOUD_ONLY,5,fog-3,600.000,0.000000
CLOUD_ONLY_seed5,CLOUD_ONLY,5,cloud,625.000,0.040000
CLOUD_ONLY_seed5,CLOUD_ONLY,5,proxy,625.000,0.000000
CLOUD_ONLY_seed5,CLOUD_ONLY,5,fog-1,625.000,0.000000
CLOUD_ONLY_seed5,CLOUD_ONLY,5,fog-2,625.000,0.000000
CLOUD_ONLY_seed5,CLOUD_ONLY,5,fog-3,625.000,0.000000
CLOUD_ONLY_seed5,CLOUD_ONLY,5,cloud,650.000,0.000000
CLOUD_ONLY_seed5,CLOUD_ONLY,5,proxy,650.000,0.000000
CLOUD_ONLY_seed5,CLOUD_ONLY,5,fog-1,650.000,0.000000
CLOUD_ONLY_seed5,CLOUD_ONLY,5,fog-2,650.000,0.000000
CLOUD_ONLY_seed5,CLOUD_ONLY,5,fog-3,650.000,0.000000
CLOUD_ONLY_seed5,CLOUD_ONLY,5,cloud,675.000,0.040000
CLOUD_ONLY_seed5,CLOUD_ONLY,5,proxy,675.000,0.000000
CLOUD_ONLY_seed5,CLOUD_ONLY,5,fog-1,675.000,0.000000
CLOUD_ONLY_seed5,CLOUD_ONLY,5,fog-2,675.000,0.000000
CLOUD_ONLY_seed5,CLOUD_ONLY,5,fog-3,675.000,0.000000
CLOUD_ONLY_seed5,CLOUD_ONLY,5,cloud,700.000,0.000000
CLOUD_ONLY_seed5,CLOUD_ONLY,5,proxy,700.000,0.000000
CLOUD_ONLY_seed5,CLOUD_ONLY,5,fog-1,700.000,0.000000
CLOUD_ONLY_seed5,CLOUD_ONLY,5,fog-2,700.000,0.000000
CLOUD_ONLY_seed5,CLOUD_ONLY,5,fog-3,700.000,0.000000
CLOUD_ONLY_seed5,CLOUD_ONLY,5,cloud,725.000,0.040000
CLOUD_ONLY_seed5,CLOUD_ONLY,5,proxy,725.000,0.000000
CLOUD_ONLY_seed5,CLOUD_ONLY,5,fog-1,725.000,0.000000
CLOUD_ONLY_seed5,CLOUD_ONLY,5,fog-2,725.000,0.000000
CLOUD_ONLY_seed5,CLOUD_ONLY,5,fog-3,725.000,0.000000
CLOUD_ONLY_seed5,CLOUD_ONLY,5,cloud,750.000,0.000000
CLOUD_ONLY_seed5,CLOUD_ONLY,5,proxy,750.000,0.000000
CLOUD_ONLY_seed5,CLOUD_ONLY,5,fog-1,750.000,0.000000
CLOUD_ONLY_seed5,CLOUD_ONLY,5,fog-2,750.000,0.000000
CLOUD_ONLY_seed5,CLOUD_ONLY,5,fog-3,750.000,0.000000
CLOUD_ONLY_seed5,CLOUD_ONLY,5,cloud,775.000,0.040000
CLOUD_ONLY_seed5,CLOUD_ONLY,5,proxy,775.000,0.000000
CLOUD_ONLY_seed5,CLOUD_ONLY,5,fog-1,775.000,0.000000
CLOUD_ONLY_seed5,CLOUD_ONLY,5,fog-2,775.000,0.000000
CLOUD_ONLY_seed5,CLOUD_ONLY,5,fog-3,775.000,0.000000
CLOUD_ONLY_seed5,CLOUD_ONLY,5,cloud,800.000,0.000000
CLOUD_ONLY_seed5,CLOUD_ONLY,5,proxy,800.000,0.000000
CLOUD_ONLY_seed5,CLOUD_ONLY,5,fog-1,800.000,0.000000
CLOUD_ONLY_seed5,CLOUD_ONLY,5,fog-2,800.000,0.000000
CLOUD_ONLY_seed5,CLOUD_ONLY,5,fog-3,800.000,0.000000
CLOUD_ONLY_seed5,CLOUD_ONLY,5,cloud,825.000,0.040000
CLOUD_ONLY_seed5,CLOUD_ONLY,5,proxy,825.000,0.000000
CLOUD_ONLY_seed5,CLOUD_ONLY,5,fog-1,825.000,0.000000
CLOUD_ONLY_seed5,CLOUD_ONLY,5,fog-2,825.000,0.000000
CLOUD_ONLY_seed5,CLOUD_ONLY,5,fog-3,825.000,0.000000
CLOUD_ONLY_seed5,CLOUD_ONLY,5,cloud,850.000,0.000000
CLOUD_ONLY_seed5,CLOUD_ONLY,5,proxy,850.000,0.000000
CLOUD_ONLY_seed5,CLOUD_ONLY,5,fog-1,850.000,0.000000
CLOUD_ONLY_seed5,CLOUD_ONLY,5,fog-2,850.000,0.000000
CLOUD_ONLY_seed5,CLOUD_ONLY,5,fog-3,850.000,0.000000
CLOUD_ONLY_seed5,CLOUD_ONLY,5,cloud,875.000,0.040000
CLOUD_ONLY_seed5,CLOUD_ONLY,5,proxy,875.000,0.000000
CLOUD_ONLY_seed5,CLOUD_ONLY,5,fog-1,875.000,0.000000
CLOUD_ONLY_seed5,CLOUD_ONLY,5,fog-2,875.000,0.000000
CLOUD_ONLY_seed5,CLOUD_ONLY,5,fog-3,875.000,0.000000
CLOUD_ONLY_seed5,CLOUD_ONLY,5,cloud,900.000,0.000000
CLOUD_ONLY_seed5,CLOUD_ONLY,5,proxy,900.000,0.000000
CLOUD_ONLY_seed5,CLOUD_ONLY,5,fog-1,900.000,0.000000
CLOUD_ONLY_seed5,CLOUD_ONLY,5,fog-2,900.000,0.000000
CLOUD_ONLY_seed5,CLOUD_ONLY,5,fog-3,900.000,0.000000
CLOUD_ONLY_seed5,CLOUD_ONLY,5,cloud,925.000,0.040000
CLOUD_ONLY_seed5,CLOUD_ONLY,5,proxy,925.000,0.000000
CLOUD_ONLY_seed5,CLOUD_ONLY,5,fog-1,925.000,0.000000
CLOUD_ONLY_seed5,CLOUD_ONLY,5,fog-2,925.000,0.000000
CLOUD_ONLY_seed5,CLOUD_ONLY,5,fog-3,925.000,0.000000
CLOUD_ONLY_seed5,CLOUD_ONLY,5,cloud,950.000,0.000000
CLOUD_ONLY_seed5,CLOUD_ONLY,5,proxy,950.000,0.000000
CLOUD_ONLY_seed5,CLOUD_ONLY,5,fog-1,950.000,0.000000
CLOUD_ONLY_seed5,CLOUD_ONLY,5,fog-2,950.000,0.000000
CLOUD_ONLY_seed5,CLOUD_ONLY,5,fog-3,950.000,0.000000
CLOUD_ONLY_seed5,CLOUD_ONLY,5,cloud,975.000,0.040000
CLOUD_ONLY_seed5,CLOUD_ONLY,5,proxy,975.000,0.000000
CLOUD_ONLY_seed5,CLOUD_ONLY,5,fog-1,975.000,0.000000
CLOUD_ONLY_seed5,CLOUD_ONLY,5,fog-2,975.000,0.000000
CLOUD_ONLY_seed5,CLOUD_ONLY,5,fog-3,975.000,0.000000
CLOUD_ONLY_seed5,CLOUD_ONLY,5,cloud,1000.000,0.000000
CLOUD_ONLY_seed5,CLOUD_ONLY,5,proxy,1000.000,0.000000
CLOUD_ONLY_seed5,CLOUD_ONLY,5,fog-1,1000.000,0.000000
CLOUD_ONLY_seed5,CLOUD_ONLY,5,fog-2,1000.000,0.000000
CLOUD_ONLY_seed5,CLOUD_ONLY,5,fog-3,1000.000,0.000000
CLOUD_ONLY_seed5,CLOUD_ONLY,5,cloud,1025.000,0.040000
CLOUD_ONLY_seed5,CLOUD_ONLY,5,proxy,1025.000,0.000000
CLOUD_ONLY_seed5,CLOUD_ONLY,5,fog-1,1025.000,0.000000
CLOUD_ONLY_seed5,CLOUD_ONLY,5,fog-2,1025.000,0.000000
CLOUD_ONLY_seed5,CLOUD_ONLY,5,fog-3,1025.000,0.000000
CLOUD_ONLY_seed5,CLOUD_ONLY,5,cloud,1050.000,0.000000
CLOUD_ONLY_seed5,CLOUD_ONLY,5,proxy,1050.000,0.000000
CLOUD_ONLY_seed5,CLOUD_ONLY,5,fog-1,1050.000,0.000000
CLOUD_ONLY_seed5,CLOUD_ONLY,5,fog-2,1050.000,0.000000
CLOUD_ONLY_seed5,CLOUD_ONLY,5,fog-3,1050.000,0.000000
CLOUD_ONLY_seed5,CLOUD_ONLY,5,cloud,1075.000,0.040000
CLOUD_ONLY_seed5,CLOUD_ONLY,5,proxy,1075.000,0.000000
CLOUD_ONLY_seed5,CLOUD_ONLY,5,fog-1,1075.000,0.000000
CLOUD_ONLY_seed5,CLOUD_ONLY,5,fog-2,1075.000,0.000000
CLOUD_ONLY_seed5,CLOUD_ONLY,5,fog-3,1075.000,0.000000
CLOUD_ONLY_seed5,CLOUD_ONLY,5,cloud,1100.000,0.000000
CLOUD_ONLY_seed5,CLOUD_ONLY,5,proxy,1100.000,0.000000
CLOUD_ONLY_seed5,CLOUD_ONLY,5,fog-1,1100.000,0.000000
CLOUD_ONLY_seed5,CLOUD_ONLY,5,fog-2,1100.000,0.000000
CLOUD_ONLY_seed5,CLOUD_ONLY,5,fog-3,1100.000,0.000000
CLOUD_ONLY_seed5,CLOUD_ONLY,5,cloud,1125.000,0.040000
CLOUD_ONLY_seed5,CLOUD_ONLY,5,proxy,1125.000,0.000000
CLOUD_ONLY_seed5,CLOUD_ONLY,5,fog-1,1125.000,0.000000
CLOUD_ONLY_seed5,CLOUD_ONLY,5,fog-2,1125.000,0.000000
CLOUD_ONLY_seed5,CLOUD_ONLY,5,fog-3,1125.000,0.000000
CLOUD_ONLY_seed5,CLOUD_ONLY,5,cloud,1150.000,0.000000
CLOUD_ONLY_seed5,CLOUD_ONLY,5,proxy,1150.000,0.000000
CLOUD_ONLY_seed5,CLOUD_ONLY,5,fog-1,1150.000,0.000000
CLOUD_ONLY_seed5,CLOUD_ONLY,5,fog-2,1150.000,0.000000
CLOUD_ONLY_seed5,CLOUD_ONLY,5,fog-3,1150.000,0.000000
CLOUD_ONLY_seed5,CLOUD_ONLY,5,cloud,1175.000,0.040000
CLOUD_ONLY_seed5,CLOUD_ONLY,5,proxy,1175.000,0.000000
CLOUD_ONLY_seed5,CLOUD_ONLY,5,fog-1,1175.000,0.000000
CLOUD_ONLY_seed5,CLOUD_ONLY,5,fog-2,1175.000,0.000000
CLOUD_ONLY_seed5,CLOUD_ONLY,5,fog-3,1175.000,0.000000
CLOUD_ONLY_seed5,CLOUD_ONLY,5,cloud,1200.000,0.000000
CLOUD_ONLY_seed5,CLOUD_ONLY,5,proxy,1200.000,0.000000
CLOUD_ONLY_seed5,CLOUD_ONLY,5,fog-1,1200.000,0.000000
CLOUD_ONLY_seed5,CLOUD_ONLY,5,fog-2,1200.000,0.000000
CLOUD_ONLY_seed5,CLOUD_ONLY,5,fog-3,1200.000,0.000000
CLOUD_ONLY_seed5,CLOUD_ONLY,5,cloud,1225.000,0.040000
CLOUD_ONLY_seed5,CLOUD_ONLY,5,proxy,1225.000,0.000000
CLOUD_ONLY_seed5,CLOUD_ONLY,5,fog-1,1225.000,0.000000
CLOUD_ONLY_seed5,CLOUD_ONLY,5,fog-2,1225.000,0.000000
CLOUD_ONLY_seed5,CLOUD_ONLY,5,fog-3,1225.000,0.000000
CLOUD_ONLY_seed5,CLOUD_ONLY,5,cloud,1250.000,0.000000
CLOUD_ONLY_seed5,CLOUD_ONLY,5,proxy,1250.000,0.000000
CLOUD_ONLY_seed5,CLOUD_ONLY,5,fog-1,1250.000,0.000000
CLOUD_ONLY_seed5,CLOUD_ONLY,5,fog-2,1250.000,0.000000
CLOUD_ONLY_seed5,CLOUD_ONLY,5,fog-3,1250.000,0.000000
CLOUD_ONLY_seed5,CLOUD_ONLY,5,cloud,1275.000,0.040000
CLOUD_ONLY_seed5,CLOUD_ONLY,5,proxy,1275.000,0.000000
CLOUD_ONLY_seed5,CLOUD_ONLY,5,fog-1,1275.000,0.000000
CLOUD_ONLY_seed5,CLOUD_ONLY,5,fog-2,1275.000,0.000000
CLOUD_ONLY_seed5,CLOUD_ONLY,5,fog-3,1275.000,0.000000
CLOUD_ONLY_seed5,CLOUD_ONLY,5,cloud,1300.000,0.000000
CLOUD_ONLY_seed5,CLOUD_ONLY,5,proxy,1300.000,0.000000
CLOUD_ONLY_seed5,CLOUD_ONLY,5,fog-1,1300.000,0.000000
CLOUD_ONLY_seed5,CLOUD_ONLY,5,fog-2,1300.000,0.000000
CLOUD_ONLY_seed5,CLOUD_ONLY,5,fog-3,1300.000,0.000000
CLOUD_ONLY_seed5,CLOUD_ONLY,5,cloud,1325.000,0.040000
CLOUD_ONLY_seed5,CLOUD_ONLY,5,proxy,1325.000,0.000000
CLOUD_ONLY_seed5,CLOUD_ONLY,5,fog-1,1325.000,0.000000
CLOUD_ONLY_seed5,CLOUD_ONLY,5,fog-2,1325.000,0.000000
CLOUD_ONLY_seed5,CLOUD_ONLY,5,fog-3,1325.000,0.000000
CLOUD_ONLY_seed5,CLOUD_ONLY,5,cloud,1350.000,0.000000
CLOUD_ONLY_seed5,CLOUD_ONLY,5,proxy,1350.000,0.000000
CLOUD_ONLY_seed5,CLOUD_ONLY,5,fog-1,1350.000,0.000000
CLOUD_ONLY_seed5,CLOUD_ONLY,5,fog-2,1350.000,0.000000
CLOUD_ONLY_seed5,CLOUD_ONLY,5,fog-3,1350.000,0.000000
CLOUD_ONLY_seed5,CLOUD_ONLY,5,cloud,1375.000,0.040000
CLOUD_ONLY_seed5,CLOUD_ONLY,5,proxy,1375.000,0.000000
CLOUD_ONLY_seed5,CLOUD_ONLY,5,fog-1,1375.000,0.000000
CLOUD_ONLY_seed5,CLOUD_ONLY,5,fog-2,1375.000,0.000000
CLOUD_ONLY_seed5,CLOUD_ONLY,5,fog-3,1375.000,0.000000
CLOUD_ONLY_seed5,CLOUD_ONLY,5,cloud,1400.000,0.000000
CLOUD_ONLY_seed5,CLOUD_ONLY,5,proxy,1400.000,0.000000
CLOUD_ONLY_seed5,CLOUD_ONLY,5,fog-1,1400.000,0.000000
CLOUD_ONLY_seed5,CLOUD_ONLY,5,fog-2,1400.000,0.000000
CLOUD_ONLY_seed5,CLOUD_ONLY,5,fog-3,1400.000,0.000000
CLOUD_ONLY_seed5,CLOUD_ONLY,5,cloud,1425.000,0.040000
CLOUD_ONLY_seed5,CLOUD_ONLY,5,proxy,1425.000,0.000000
CLOUD_ONLY_seed5,CLOUD_ONLY,5,fog-1,1425.000,0.000000
CLOUD_ONLY_seed5,CLOUD_ONLY,5,fog-2,1425.000,0.000000
CLOUD_ONLY_seed5,CLOUD_ONLY,5,fog-3,1425.000,0.000000
CLOUD_ONLY_seed5,CLOUD_ONLY,5,cloud,1450.000,0.000000
CLOUD_ONLY_seed5,CLOUD_ONLY,5,proxy,1450.000,0.000000
CLOUD_ONLY_seed5,CLOUD_ONLY,5,fog-1,1450.000,0.000000
CLOUD_ONLY_seed5,CLOUD_ONLY,5,fog-2,1450.000,0.000000
CLOUD_ONLY_seed5,CLOUD_ONLY,5,fog-3,1450.000,0.000000
CLOUD_ONLY_seed5,CLOUD_ONLY,5,cloud,1475.000,0.040000
CLOUD_ONLY_seed5,CLOUD_ONLY,5,proxy,1475.000,0.000000
CLOUD_ONLY_seed5,CLOUD_ONLY,5,fog-1,1475.000,0.000000
CLOUD_ONLY_seed5,CLOUD_ONLY,5,fog-2,1475.000,0.000000
CLOUD_ONLY_seed5,CLOUD_ONLY,5,fog-3,1475.000,0.000000
CLOUD_ONLY_seed5,CLOUD_ONLY,5,cloud,1500.000,0.000000
CLOUD_ONLY_seed5,CLOUD_ONLY,5,proxy,1500.000,0.000000
CLOUD_ONLY_seed5,CLOUD_ONLY,5,fog-1,1500.000,0.000000
CLOUD_ONLY_seed5,CLOUD_ONLY,5,fog-2,1500.000,0.000000
CLOUD_ONLY_seed5,CLOUD_ONLY,5,fog-3,1500.000,0.000000
CLOUD_ONLY_seed5,CLOUD_ONLY,5,cloud,1525.000,0.040000
CLOUD_ONLY_seed5,CLOUD_ONLY,5,proxy,1525.000,0.000000
CLOUD_ONLY_seed5,CLOUD_ONLY,5,fog-1,1525.000,0.000000
CLOUD_ONLY_seed5,CLOUD_ONLY,5,fog-2,1525.000,0.000000
CLOUD_ONLY_seed5,CLOUD_ONLY,5,fog-3,1525.000,0.000000
CLOUD_ONLY_seed5,CLOUD_ONLY,5,cloud,1550.000,0.000000
CLOUD_ONLY_seed5,CLOUD_ONLY,5,proxy,1550.000,0.000000
CLOUD_ONLY_seed5,CLOUD_ONLY,5,fog-1,1550.000,0.000000
CLOUD_ONLY_seed5,CLOUD_ONLY,5,fog-2,1550.000,0.000000
CLOUD_ONLY_seed5,CLOUD_ONLY,5,fog-3,1550.000,0.000000
CLOUD_ONLY_seed5,CLOUD_ONLY,5,cloud,1575.000,0.040000
CLOUD_ONLY_seed5,CLOUD_ONLY,5,proxy,1575.000,0.000000
CLOUD_ONLY_seed5,CLOUD_ONLY,5,fog-1,1575.000,0.000000
CLOUD_ONLY_seed5,CLOUD_ONLY,5,fog-2,1575.000,0.000000
CLOUD_ONLY_seed5,CLOUD_ONLY,5,fog-3,1575.000,0.000000
CLOUD_ONLY_seed5,CLOUD_ONLY,5,cloud,1600.000,0.000000
CLOUD_ONLY_seed5,CLOUD_ONLY,5,proxy,1600.000,0.000000
CLOUD_ONLY_seed5,CLOUD_ONLY,5,fog-1,1600.000,0.000000
CLOUD_ONLY_seed5,CLOUD_ONLY,5,fog-2,1600.000,0.000000
CLOUD_ONLY_seed5,CLOUD_ONLY,5,fog-3,1600.000,0.000000
CLOUD_ONLY_seed5,CLOUD_ONLY,5,cloud,1625.000,0.040000
CLOUD_ONLY_seed5,CLOUD_ONLY,5,proxy,1625.000,0.000000
CLOUD_ONLY_seed5,CLOUD_ONLY,5,fog-1,1625.000,0.000000
CLOUD_ONLY_seed5,CLOUD_ONLY,5,fog-2,1625.000,0.000000
CLOUD_ONLY_seed5,CLOUD_ONLY,5,fog-3,1625.000,0.000000
CLOUD_ONLY_seed5,CLOUD_ONLY,5,cloud,1650.000,0.000000
CLOUD_ONLY_seed5,CLOUD_ONLY,5,proxy,1650.000,0.000000
CLOUD_ONLY_seed5,CLOUD_ONLY,5,fog-1,1650.000,0.000000
CLOUD_ONLY_seed5,CLOUD_ONLY,5,fog-2,1650.000,0.000000
CLOUD_ONLY_seed5,CLOUD_ONLY,5,fog-3,1650.000,0.000000
CLOUD_ONLY_seed5,CLOUD_ONLY,5,cloud,1675.000,0.040000
CLOUD_ONLY_seed5,CLOUD_ONLY,5,proxy,1675.000,0.000000
CLOUD_ONLY_seed5,CLOUD_ONLY,5,fog-1,1675.000,0.000000
CLOUD_ONLY_seed5,CLOUD_ONLY,5,fog-2,1675.000,0.000000
CLOUD_ONLY_seed5,CLOUD_ONLY,5,fog-3,1675.000,0.000000
CLOUD_ONLY_seed5,CLOUD_ONLY,5,cloud,1700.000,0.000000
CLOUD_ONLY_seed5,CLOUD_ONLY,5,proxy,1700.000,0.000000
CLOUD_ONLY_seed5,CLOUD_ONLY,5,fog-1,1700.000,0.000000
CLOUD_ONLY_seed5,CLOUD_ONLY,5,fog-2,1700.000,0.000000
CLOUD_ONLY_seed5,CLOUD_ONLY,5,fog-3,1700.000,0.000000
CLOUD_ONLY_seed5,CLOUD_ONLY,5,cloud,1725.000,0.040000
CLOUD_ONLY_seed5,CLOUD_ONLY,5,proxy,1725.000,0.000000
CLOUD_ONLY_seed5,CLOUD_ONLY,5,fog-1,1725.000,0.000000
CLOUD_ONLY_seed5,CLOUD_ONLY,5,fog-2,1725.000,0.000000
CLOUD_ONLY_seed5,CLOUD_ONLY,5,fog-3,1725.000,0.000000
CLOUD_ONLY_seed5,CLOUD_ONLY,5,cloud,1750.000,0.000000
CLOUD_ONLY_seed5,CLOUD_ONLY,5,proxy,1750.000,0.000000
CLOUD_ONLY_seed5,CLOUD_ONLY,5,fog-1,1750.000,0.000000
CLOUD_ONLY_seed5,CLOUD_ONLY,5,fog-2,1750.000,0.000000
CLOUD_ONLY_seed5,CLOUD_ONLY,5,fog-3,1750.000,0.000000
CLOUD_ONLY_seed5,CLOUD_ONLY,5,cloud,1775.000,0.040000
CLOUD_ONLY_seed5,CLOUD_ONLY,5,proxy,1775.000,0.000000
CLOUD_ONLY_seed5,CLOUD_ONLY,5,fog-1,1775.000,0.000000
CLOUD_ONLY_seed5,CLOUD_ONLY,5,fog-2,1775.000,0.000000
CLOUD_ONLY_seed5,CLOUD_ONLY,5,fog-3,1775.000,0.000000
CLOUD_ONLY_seed5,CLOUD_ONLY,5,cloud,1800.000,0.000000
CLOUD_ONLY_seed5,CLOUD_ONLY,5,proxy,1800.000,0.000000
CLOUD_ONLY_seed5,CLOUD_ONLY,5,fog-1,1800.000,0.000000
CLOUD_ONLY_seed5,CLOUD_ONLY,5,fog-2,1800.000,0.000000
CLOUD_ONLY_seed5,CLOUD_ONLY,5,fog-3,1800.000,0.000000
CLOUD_ONLY_seed5,CLOUD_ONLY,5,cloud,1825.000,0.040000
CLOUD_ONLY_seed5,CLOUD_ONLY,5,proxy,1825.000,0.000000
CLOUD_ONLY_seed5,CLOUD_ONLY,5,fog-1,1825.000,0.000000
CLOUD_ONLY_seed5,CLOUD_ONLY,5,fog-2,1825.000,0.000000
CLOUD_ONLY_seed5,CLOUD_ONLY,5,fog-3,1825.000,0.000000
CLOUD_ONLY_seed5,CLOUD_ONLY,5,cloud,1850.000,0.000000
CLOUD_ONLY_seed5,CLOUD_ONLY,5,proxy,1850.000,0.000000
CLOUD_ONLY_seed5,CLOUD_ONLY,5,fog-1,1850.000,0.000000
CLOUD_ONLY_seed5,CLOUD_ONLY,5,fog-2,1850.000,0.000000
CLOUD_ONLY_seed5,CLOUD_ONLY,5,fog-3,1850.000,0.000000
CLOUD_ONLY_seed5,CLOUD_ONLY,5,cloud,1875.000,0.040000
CLOUD_ONLY_seed5,CLOUD_ONLY,5,proxy,1875.000,0.000000
CLOUD_ONLY_seed5,CLOUD_ONLY,5,fog-1,1875.000,0.000000
CLOUD_ONLY_seed5,CLOUD_ONLY,5,fog-2,1875.000,0.000000
CLOUD_ONLY_seed5,CLOUD_ONLY,5,fog-3,1875.000,0.000000
CLOUD_ONLY_seed5,CLOUD_ONLY,5,cloud,1900.000,0.000000
CLOUD_ONLY_seed5,CLOUD_ONLY,5,proxy,1900.000,0.000000
CLOUD_ONLY_seed5,CLOUD_ONLY,5,fog-1,1900.000,0.000000
CLOUD_ONLY_seed5,CLOUD_ONLY,5,fog-2,1900.000,0.000000
CLOUD_ONLY_seed5,CLOUD_ONLY,5,fog-3,1900.000,0.000000
CLOUD_ONLY_seed5,CLOUD_ONLY,5,cloud,1925.000,0.040000
CLOUD_ONLY_seed5,CLOUD_ONLY,5,proxy,1925.000,0.000000
CLOUD_ONLY_seed5,CLOUD_ONLY,5,fog-1,1925.000,0.000000
CLOUD_ONLY_seed5,CLOUD_ONLY,5,fog-2,1925.000,0.000000
CLOUD_ONLY_seed5,CLOUD_ONLY,5,fog-3,1925.000,0.000000
CLOUD_ONLY_seed5,CLOUD_ONLY,5,cloud,1950.000,0.000000
CLOUD_ONLY_seed5,CLOUD_ONLY,5,proxy,1950.000,0.000000
CLOUD_ONLY_seed5,CLOUD_ONLY,5,fog-1,1950.000,0.000000
CLOUD_ONLY_seed5,CLOUD_ONLY,5,fog-2,1950.000,0.000000
CLOUD_ONLY_seed5,CLOUD_ONLY,5,fog-3,1950.000,0.000000
CLOUD_ONLY_seed5,CLOUD_ONLY,5,cloud,1975.000,0.040000
CLOUD_ONLY_seed5,CLOUD_ONLY,5,proxy,1975.000,0.000000
CLOUD_ONLY_seed5,CLOUD_ONLY,5,fog-1,1975.000,0.000000
CLOUD_ONLY_seed5,CLOUD_ONLY,5,fog-2,1975.000,0.000000
CLOUD_ONLY_seed5,CLOUD_ONLY,5,fog-3,1975.000,0.000000
CLOUD_ONLY_seed5,CLOUD_ONLY,5,cloud,2000.000,0.000000
CLOUD_ONLY_seed5,CLOUD_ONLY,5,proxy,2000.000,0.000000
CLOUD_ONLY_seed5,CLOUD_ONLY,5,fog-1,2000.000,0.000000
CLOUD_ONLY_seed5,CLOUD_ONLY,5,fog-2,2000.000,0.000000
CLOUD_ONLY_seed5,CLOUD_ONLY,5,fog-3,2000.000,0.000000
CLOUD_ONLY_seed5,CLOUD_ONLY,5,cloud,2025.000,0.040000
CLOUD_ONLY_seed5,CLOUD_ONLY,5,proxy,2025.000,0.000000
CLOUD_ONLY_seed5,CLOUD_ONLY,5,fog-1,2025.000,0.000000
CLOUD_ONLY_seed5,CLOUD_ONLY,5,fog-2,2025.000,0.000000
CLOUD_ONLY_seed5,CLOUD_ONLY,5,fog-3,2025.000,0.000000
CLOUD_ONLY_seed5,CLOUD_ONLY,5,cloud,2050.000,0.000000
CLOUD_ONLY_seed5,CLOUD_ONLY,5,proxy,2050.000,0.000000
CLOUD_ONLY_seed5,CLOUD_ONLY,5,fog-1,2050.000,0.000000
CLOUD_ONLY_seed5,CLOUD_ONLY,5,fog-2,2050.000,0.000000
CLOUD_ONLY_seed5,CLOUD_ONLY,5,fog-3,2050.000,0.000000
CLOUD_ONLY_seed5,CLOUD_ONLY,5,cloud,2075.000,0.040000
CLOUD_ONLY_seed5,CLOUD_ONLY,5,proxy,2075.000,0.000000
CLOUD_ONLY_seed5,CLOUD_ONLY,5,fog-1,2075.000,0.000000
CLOUD_ONLY_seed5,CLOUD_ONLY,5,fog-2,2075.000,0.000000
CLOUD_ONLY_seed5,CLOUD_ONLY,5,fog-3,2075.000,0.000000
CLOUD_ONLY_seed5,CLOUD_ONLY,5,cloud,2100.000,0.000000
CLOUD_ONLY_seed5,CLOUD_ONLY,5,proxy,2100.000,0.000000
CLOUD_ONLY_seed5,CLOUD_ONLY,5,fog-1,2100.000,0.000000
CLOUD_ONLY_seed5,CLOUD_ONLY,5,fog-2,2100.000,0.000000
CLOUD_ONLY_seed5,CLOUD_ONLY,5,fog-3,2100.000,0.000000
CLOUD_ONLY_seed5,CLOUD_ONLY,5,cloud,2125.000,0.000000
CLOUD_ONLY_seed5,CLOUD_ONLY,5,proxy,2125.000,0.000000
CLOUD_ONLY_seed5,CLOUD_ONLY,5,fog-1,2125.000,0.000000
CLOUD_ONLY_seed5,CLOUD_ONLY,5,fog-2,2125.000,0.000000
CLOUD_ONLY_seed5,CLOUD_ONLY,5,fog-3,2125.000,0.000000
CLOUD_ONLY_seed5,CLOUD_ONLY,5,cloud,2150.000,0.000000
CLOUD_ONLY_seed5,CLOUD_ONLY,5,proxy,2150.000,0.000000
CLOUD_ONLY_seed5,CLOUD_ONLY,5,fog-1,2150.000,0.000000
CLOUD_ONLY_seed5,CLOUD_ONLY,5,fog-2,2150.000,0.000000
CLOUD_ONLY_seed5,CLOUD_ONLY,5,fog-3,2150.000,0.000000
CLOUD_ONLY_seed5,CLOUD_ONLY,5,cloud,2175.000,0.000000
CLOUD_ONLY_seed5,CLOUD_ONLY,5,proxy,2175.000,0.000000
CLOUD_ONLY_seed5,CLOUD_ONLY,5,fog-1,2175.000,0.000000
CLOUD_ONLY_seed5,CLOUD_ONLY,5,fog-2,2175.000,0.000000
CLOUD_ONLY_seed5,CLOUD_ONLY,5,fog-3,2175.000,0.000000
CLOUD_ONLY_seed5,CLOUD_ONLY,5,cloud,2200.000,0.000000
CLOUD_ONLY_seed5,CLOUD_ONLY,5,proxy,2200.000,0.000000
CLOUD_ONLY_seed5,CLOUD_ONLY,5,fog-1,2200.000,0.000000
CLOUD_ONLY_seed5,CLOUD_ONLY,5,fog-2,2200.000,0.000000
CLOUD_ONLY_seed5,CLOUD_ONLY,5,fog-3,2200.000,0.000000
CLOUD_ONLY_seed5,CLOUD_ONLY,5,cloud,2225.000,0.000000
CLOUD_ONLY_seed5,CLOUD_ONLY,5,proxy,2225.000,0.000000
CLOUD_ONLY_seed5,CLOUD_ONLY,5,fog-1,2225.000,0.000000
CLOUD_ONLY_seed5,CLOUD_ONLY,5,fog-2,2225.000,0.000000
CLOUD_ONLY_seed5,CLOUD_ONLY,5,fog-3,2225.000,0.000000
CLOUD_ONLY_seed5,CLOUD_ONLY,5,cloud,2250.000,0.000000
CLOUD_ONLY_seed5,CLOUD_ONLY,5,proxy,2250.000,0.000000
CLOUD_ONLY_seed5,CLOUD_ONLY,5,fog-1,2250.000,0.000000
CLOUD_ONLY_seed5,CLOUD_ONLY,5,fog-2,2250.000,0.000000
CLOUD_ONLY_seed5,CLOUD_ONLY,5,fog-3,2250.000,0.000000
CLOUD_ONLY_seed5,CLOUD_ONLY,5,cloud,2275.000,0.000000
CLOUD_ONLY_seed5,CLOUD_ONLY,5,proxy,2275.000,0.000000
CLOUD_ONLY_seed5,CLOUD_ONLY,5,fog-1,2275.000,0.000000
CLOUD_ONLY_seed5,CLOUD_ONLY,5,fog-2,2275.000,0.000000
CLOUD_ONLY_seed5,CLOUD_ONLY,5,fog-3,2275.000,0.000000
CLOUD_ONLY_seed5,CLOUD_ONLY,5,cloud,2300.000,0.000000
CLOUD_ONLY_seed5,CLOUD_ONLY,5,proxy,2300.000,0.000000
CLOUD_ONLY_seed5,CLOUD_ONLY,5,fog-1,2300.000,0.000000
CLOUD_ONLY_seed5,CLOUD_ONLY,5,fog-2,2300.000,0.000000
CLOUD_ONLY_seed5,CLOUD_ONLY,5,fog-3,2300.000,0.000000
CLOUD_ONLY_seed5,CLOUD_ONLY,5,cloud,2325.000,0.000000
CLOUD_ONLY_seed5,CLOUD_ONLY,5,proxy,2325.000,0.000000
CLOUD_ONLY_seed5,CLOUD_ONLY,5,fog-1,2325.000,0.000000
CLOUD_ONLY_seed5,CLOUD_ONLY,5,fog-2,2325.000,0.000000
CLOUD_ONLY_seed5,CLOUD_ONLY,5,fog-3,2325.000,0.000000
CLOUD_ONLY_seed5,CLOUD_ONLY,5,cloud,2350.000,0.000000
CLOUD_ONLY_seed5,CLOUD_ONLY,5,proxy,2350.000,0.000000
CLOUD_ONLY_seed5,CLOUD_ONLY,5,fog-1,2350.000,0.000000
CLOUD_ONLY_seed5,CLOUD_ONLY,5,fog-2,2350.000,0.000000
CLOUD_ONLY_seed5,CLOUD_ONLY,5,fog-3,2350.000,0.000000
CLOUD_ONLY_seed5,CLOUD_ONLY,5,cloud,2375.000,0.000000
CLOUD_ONLY_seed5,CLOUD_ONLY,5,proxy,2375.000,0.000000
CLOUD_ONLY_seed5,CLOUD_ONLY,5,fog-1,2375.000,0.000000
CLOUD_ONLY_seed5,CLOUD_ONLY,5,fog-2,2375.000,0.000000
CLOUD_ONLY_seed5,CLOUD_ONLY,5,fog-3,2375.000,0.000000
CLOUD_ONLY_seed5,CLOUD_ONLY,5,cloud,2400.000,0.000000
CLOUD_ONLY_seed5,CLOUD_ONLY,5,proxy,2400.000,0.000000
CLOUD_ONLY_seed5,CLOUD_ONLY,5,fog-1,2400.000,0.000000
CLOUD_ONLY_seed5,CLOUD_ONLY,5,fog-2,2400.000,0.000000
CLOUD_ONLY_seed5,CLOUD_ONLY,5,fog-3,2400.000,0.000000
CLOUD_ONLY_seed5,CLOUD_ONLY,5,cloud,2425.000,0.000000
CLOUD_ONLY_seed5,CLOUD_ONLY,5,proxy,2425.000,0.000000
CLOUD_ONLY_seed5,CLOUD_ONLY,5,fog-1,2425.000,0.000000
CLOUD_ONLY_seed5,CLOUD_ONLY,5,fog-2,2425.000,0.000000
CLOUD_ONLY_seed5,CLOUD_ONLY,5,fog-3,2425.000,0.000000
CLOUD_ONLY_seed5,CLOUD_ONLY,5,cloud,2450.000,0.000000
CLOUD_ONLY_seed5,CLOUD_ONLY,5,proxy,2450.000,0.000000
CLOUD_ONLY_seed5,CLOUD_ONLY,5,fog-1,2450.000,0.000000
CLOUD_ONLY_seed5,CLOUD_ONLY,5,fog-2,2450.000,0.000000
CLOUD_ONLY_seed5,CLOUD_ONLY,5,fog-3,2450.000,0.000000
CLOUD_ONLY_seed5,CLOUD_ONLY,5,cloud,2475.000,0.000000
CLOUD_ONLY_seed5,CLOUD_ONLY,5,proxy,2475.000,0.000000
CLOUD_ONLY_seed5,CLOUD_ONLY,5,fog-1,2475.000,0.000000
CLOUD_ONLY_seed5,CLOUD_ONLY,5,fog-2,2475.000,0.000000
CLOUD_ONLY_seed5,CLOUD_ONLY,5,fog-3,2475.000,0.000000
CLOUD_ONLY_seed5,CLOUD_ONLY,5,cloud,2500.000,0.000000
CLOUD_ONLY_seed5,CLOUD_ONLY,5,proxy,2500.000,0.000000
CLOUD_ONLY_seed5,CLOUD_ONLY,5,fog-1,2500.000,0.000000
CLOUD_ONLY_seed5,CLOUD_ONLY,5,fog-2,2500.000,0.000000
CLOUD_ONLY_seed5,CLOUD_ONLY,5,fog-3,2500.000,0.000000
CLOUD_ONLY_seed5,CLOUD_ONLY,5,cloud,2525.000,0.000000
CLOUD_ONLY_seed5,CLOUD_ONLY,5,proxy,2525.000,0.000000
CLOUD_ONLY_seed5,CLOUD_ONLY,5,fog-1,2525.000,0.000000
CLOUD_ONLY_seed5,CLOUD_ONLY,5,fog-2,2525.000,0.000000
CLOUD_ONLY_seed5,CLOUD_ONLY,5,fog-3,2525.000,0.000000
CLOUD_ONLY_seed5,CLOUD_ONLY,5,cloud,2550.000,0.000000
CLOUD_ONLY_seed5,CLOUD_ONLY,5,proxy,2550.000,0.000000
CLOUD_ONLY_seed5,CLOUD_ONLY,5,fog-1,2550.000,0.000000
CLOUD_ONLY_seed5,CLOUD_ONLY,5,fog-2,2550.000,0.000000
CLOUD_ONLY_seed5,CLOUD_ONLY,5,fog-3,2550.000,0.000000
CLOUD_ONLY_seed5,CLOUD_ONLY,5,cloud,2575.000,0.000000
CLOUD_ONLY_seed5,CLOUD_ONLY,5,proxy,2575.000,0.000000
CLOUD_ONLY_seed5,CLOUD_ONLY,5,fog-1,2575.000,0.000000
CLOUD_ONLY_seed5,CLOUD_ONLY,5,fog-2,2575.000,0.000000
CLOUD_ONLY_seed5,CLOUD_ONLY,5,fog-3,2575.000,0.000000
CLOUD_ONLY_seed5,CLOUD_ONLY,5,cloud,2600.000,0.000000
CLOUD_ONLY_seed5,CLOUD_ONLY,5,proxy,2600.000,0.000000
CLOUD_ONLY_seed5,CLOUD_ONLY,5,fog-1,2600.000,0.000000
CLOUD_ONLY_seed5,CLOUD_ONLY,5,fog-2,2600.000,0.000000
CLOUD_ONLY_seed5,CLOUD_ONLY,5,fog-3,2600.000,0.000000
CLOUD_ONLY_seed5,CLOUD_ONLY,5,cloud,2625.000,0.000000
CLOUD_ONLY_seed5,CLOUD_ONLY,5,proxy,2625.000,0.000000
CLOUD_ONLY_seed5,CLOUD_ONLY,5,fog-1,2625.000,0.000000
CLOUD_ONLY_seed5,CLOUD_ONLY,5,fog-2,2625.000,0.000000
CLOUD_ONLY_seed5,CLOUD_ONLY,5,fog-3,2625.000,0.000000
CLOUD_ONLY_seed5,CLOUD_ONLY,5,cloud,2650.000,0.000000
CLOUD_ONLY_seed5,CLOUD_ONLY,5,proxy,2650.000,0.000000
CLOUD_ONLY_seed5,CLOUD_ONLY,5,fog-1,2650.000,0.000000
CLOUD_ONLY_seed5,CLOUD_ONLY,5,fog-2,2650.000,0.000000
CLOUD_ONLY_seed5,CLOUD_ONLY,5,fog-3,2650.000,0.000000
CLOUD_ONLY_seed5,CLOUD_ONLY,5,cloud,2675.000,0.000000
CLOUD_ONLY_seed5,CLOUD_ONLY,5,proxy,2675.000,0.000000
CLOUD_ONLY_seed5,CLOUD_ONLY,5,fog-1,2675.000,0.000000
CLOUD_ONLY_seed5,CLOUD_ONLY,5,fog-2,2675.000,0.000000
CLOUD_ONLY_seed5,CLOUD_ONLY,5,fog-3,2675.000,0.000000
CLOUD_ONLY_seed5,CLOUD_ONLY,5,cloud,2700.000,0.000000
CLOUD_ONLY_seed5,CLOUD_ONLY,5,proxy,2700.000,0.000000
CLOUD_ONLY_seed5,CLOUD_ONLY,5,fog-1,2700.000,0.000000
CLOUD_ONLY_seed5,CLOUD_ONLY,5,fog-2,2700.000,0.000000
CLOUD_ONLY_seed5,CLOUD_ONLY,5,fog-3,2700.000,0.000000
CLOUD_ONLY_seed5,CLOUD_ONLY,5,cloud,2725.000,0.000000
CLOUD_ONLY_seed5,CLOUD_ONLY,5,proxy,2725.000,0.000000
CLOUD_ONLY_seed5,CLOUD_ONLY,5,fog-1,2725.000,0.000000
CLOUD_ONLY_seed5,CLOUD_ONLY,5,fog-2,2725.000,0.000000
CLOUD_ONLY_seed5,CLOUD_ONLY,5,fog-3,2725.000,0.000000
CLOUD_ONLY_seed5,CLOUD_ONLY,5,cloud,2750.000,0.000000
CLOUD_ONLY_seed5,CLOUD_ONLY,5,proxy,2750.000,0.000000
CLOUD_ONLY_seed5,CLOUD_ONLY,5,fog-1,2750.000,0.000000
CLOUD_ONLY_seed5,CLOUD_ONLY,5,fog-2,2750.000,0.000000
CLOUD_ONLY_seed5,CLOUD_ONLY,5,fog-3,2750.000,0.000000
CLOUD_ONLY_seed5,CLOUD_ONLY,5,cloud,2775.000,0.000000
CLOUD_ONLY_seed5,CLOUD_ONLY,5,proxy,2775.000,0.000000
CLOUD_ONLY_seed5,CLOUD_ONLY,5,fog-1,2775.000,0.000000
CLOUD_ONLY_seed5,CLOUD_ONLY,5,fog-2,2775.000,0.000000
CLOUD_ONLY_seed5,CLOUD_ONLY,5,fog-3,2775.000,0.000000
CLOUD_ONLY_seed5,CLOUD_ONLY,5,cloud,2800.000,0.000000
CLOUD_ONLY_seed5,CLOUD_ONLY,5,proxy,2800.000,0.000000
CLOUD_ONLY_seed5,CLOUD_ONLY,5,fog-1,2800.000,0.000000
CLOUD_ONLY_seed5,CLOUD_ONLY,5,fog-2,2800.000,0.000000
CLOUD_ONLY_seed5,CLOUD_ONLY,5,fog-3,2800.000,0.000000
CLOUD_ONLY_seed5,CLOUD_ONLY,5,cloud,2825.000,0.000000
CLOUD_ONLY_seed5,CLOUD_ONLY,5,proxy,2825.000,0.000000
CLOUD_ONLY_seed5,CLOUD_ONLY,5,fog-1,2825.000,0.000000
CLOUD_ONLY_seed5,CLOUD_ONLY,5,fog-2,2825.000,0.000000
CLOUD_ONLY_seed5,CLOUD_ONLY,5,fog-3,2825.000,0.000000
CLOUD_ONLY_seed5,CLOUD_ONLY,5,cloud,2850.000,0.000000
CLOUD_ONLY_seed5,CLOUD_ONLY,5,proxy,2850.000,0.000000
CLOUD_ONLY_seed5,CLOUD_ONLY,5,fog-1,2850.000,0.000000
CLOUD_ONLY_seed5,CLOUD_ONLY,5,fog-2,2850.000,0.000000
CLOUD_ONLY_seed5,CLOUD_ONLY,5,fog-3,2850.000,0.000000
CLOUD_ONLY_seed5,CLOUD_ONLY,5,cloud,2875.000,0.000000
CLOUD_ONLY_seed5,CLOUD_ONLY,5,proxy,2875.000,0.000000
CLOUD_ONLY_seed5,CLOUD_ONLY,5,fog-1,2875.000,0.000000
CLOUD_ONLY_seed5,CLOUD_ONLY,5,fog-2,2875.000,0.000000
CLOUD_ONLY_seed5,CLOUD_ONLY,5,fog-3,2875.000,0.000000
CLOUD_ONLY_seed5,CLOUD_ONLY,5,cloud,2900.000,0.000000
CLOUD_ONLY_seed5,CLOUD_ONLY,5,proxy,2900.000,0.000000
CLOUD_ONLY_seed5,CLOUD_ONLY,5,fog-1,2900.000,0.000000
CLOUD_ONLY_seed5,CLOUD_ONLY,5,fog-2,2900.000,0.000000
CLOUD_ONLY_seed5,CLOUD_ONLY,5,fog-3,2900.000,0.000000
CLOUD_ONLY_seed5,CLOUD_ONLY,5,cloud,2925.000,0.000000
CLOUD_ONLY_seed5,CLOUD_ONLY,5,proxy,2925.000,0.000000
CLOUD_ONLY_seed5,CLOUD_ONLY,5,fog-1,2925.000,0.000000
CLOUD_ONLY_seed5,CLOUD_ONLY,5,fog-2,2925.000,0.000000
CLOUD_ONLY_seed5,CLOUD_ONLY,5,fog-3,2925.000,0.000000
CLOUD_ONLY_seed5,CLOUD_ONLY,5,cloud,2950.000,0.000000
CLOUD_ONLY_seed5,CLOUD_ONLY,5,proxy,2950.000,0.000000
CLOUD_ONLY_seed5,CLOUD_ONLY,5,fog-1,2950.000,0.000000
CLOUD_ONLY_seed5,CLOUD_ONLY,5,fog-2,2950.000,0.000000
CLOUD_ONLY_seed5,CLOUD_ONLY,5,fog-3,2950.000,0.000000
CLOUD_ONLY_seed5,CLOUD_ONLY,5,cloud,2975.000,0.000000
CLOUD_ONLY_seed5,CLOUD_ONLY,5,proxy,2975.000,0.000000
CLOUD_ONLY_seed5,CLOUD_ONLY,5,fog-1,2975.000,0.000000
CLOUD_ONLY_seed5,CLOUD_ONLY,5,fog-2,2975.000,0.000000
CLOUD_ONLY_seed5,CLOUD_ONLY,5,fog-3,2975.000,0.000000
CLOUD_ONLY_seed5,CLOUD_ONLY,5,cloud,3000.000,0.000000
CLOUD_ONLY_seed5,CLOUD_ONLY,5,proxy,3000.000,0.000000
CLOUD_ONLY_seed5,CLOUD_ONLY,5,fog-1,3000.000,0.000000
CLOUD_ONLY_seed5,CLOUD_ONLY,5,fog-2,3000.000,0.000000
CLOUD_ONLY_seed5,CLOUD_ONLY,5,fog-3,3000.000,0.000000
CLOUD_ONLY_seed5,CLOUD_ONLY,5,cloud,3025.000,0.000000
CLOUD_ONLY_seed5,CLOUD_ONLY,5,proxy,3025.000,0.000000
CLOUD_ONLY_seed5,CLOUD_ONLY,5,fog-1,3025.000,0.000000
CLOUD_ONLY_seed5,CLOUD_ONLY,5,fog-2,3025.000,0.000000
CLOUD_ONLY_seed5,CLOUD_ONLY,5,fog-3,3025.000,0.000000
CLOUD_ONLY_seed5,CLOUD_ONLY,5,cloud,3050.000,0.000000
CLOUD_ONLY_seed5,CLOUD_ONLY,5,proxy,3050.000,0.000000
CLOUD_ONLY_seed5,CLOUD_ONLY,5,fog-1,3050.000,0.000000
CLOUD_ONLY_seed5,CLOUD_ONLY,5,fog-2,3050.000,0.000000
CLOUD_ONLY_seed5,CLOUD_ONLY,5,fog-3,3050.000,0.000000
CLOUD_ONLY_seed5,CLOUD_ONLY,5,cloud,3075.000,0.000000
CLOUD_ONLY_seed5,CLOUD_ONLY,5,proxy,3075.000,0.000000
CLOUD_ONLY_seed5,CLOUD_ONLY,5,fog-1,3075.000,0.000000
CLOUD_ONLY_seed5,CLOUD_ONLY,5,fog-2,3075.000,0.000000
CLOUD_ONLY_seed5,CLOUD_ONLY,5,fog-3,3075.000,0.000000
CLOUD_ONLY_seed5,CLOUD_ONLY,5,cloud,3100.000,0.000000
CLOUD_ONLY_seed5,CLOUD_ONLY,5,proxy,3100.000,0.000000
CLOUD_ONLY_seed5,CLOUD_ONLY,5,fog-1,3100.000,0.000000
CLOUD_ONLY_seed5,CLOUD_ONLY,5,fog-2,3100.000,0.000000
CLOUD_ONLY_seed5,CLOUD_ONLY,5,fog-3,3100.000,0.000000
CLOUD_ONLY_seed5,CLOUD_ONLY,5,cloud,3125.000,0.000000
CLOUD_ONLY_seed5,CLOUD_ONLY,5,proxy,3125.000,0.000000
CLOUD_ONLY_seed5,CLOUD_ONLY,5,fog-1,3125.000,0.000000
CLOUD_ONLY_seed5,CLOUD_ONLY,5,fog-2,3125.000,0.000000
CLOUD_ONLY_seed5,CLOUD_ONLY,5,fog-3,3125.000,0.000000
CLOUD_ONLY_seed5,CLOUD_ONLY,5,cloud,3150.000,0.000000
CLOUD_ONLY_seed5,CLOUD_ONLY,5,proxy,3150.000,0.000000
CLOUD_ONLY_seed5,CLOUD_ONLY,5,fog-1,3150.000,0.000000
CLOUD_ONLY_seed5,CLOUD_ONLY,5,fog-2,3150.000,0.000000
CLOUD_ONLY_seed5,CLOUD_ONLY,5,fog-3,3150.000,0.000000
CLOUD_ONLY_seed5,CLOUD_ONLY,5,cloud,3175.000,0.000000
CLOUD_ONLY_seed5,CLOUD_ONLY,5,proxy,3175.000,0.000000
CLOUD_ONLY_seed5,CLOUD_ONLY,5,fog-1,3175.000,0.000000
CLOUD_ONLY_seed5,CLOUD_ONLY,5,fog-2,3175.000,0.000000
CLOUD_ONLY_seed5,CLOUD_ONLY,5,fog-3,3175.000,0.000000
CLOUD_ONLY_seed5,CLOUD_ONLY,5,cloud,3200.000,0.000000
CLOUD_ONLY_seed5,CLOUD_ONLY,5,proxy,3200.000,0.000000
CLOUD_ONLY_seed5,CLOUD_ONLY,5,fog-1,3200.000,0.000000
CLOUD_ONLY_seed5,CLOUD_ONLY,5,fog-2,3200.000,0.000000
CLOUD_ONLY_seed5,CLOUD_ONLY,5,fog-3,3200.000,0.000000
CLOUD_ONLY_seed5,CLOUD_ONLY,5,cloud,3225.000,0.000000
CLOUD_ONLY_seed5,CLOUD_ONLY,5,proxy,3225.000,0.000000
CLOUD_ONLY_seed5,CLOUD_ONLY,5,fog-1,3225.000,0.000000
CLOUD_ONLY_seed5,CLOUD_ONLY,5,fog-2,3225.000,0.000000
CLOUD_ONLY_seed5,CLOUD_ONLY,5,fog-3,3225.000,0.000000
CLOUD_ONLY_seed5,CLOUD_ONLY,5,cloud,3250.000,0.000000
CLOUD_ONLY_seed5,CLOUD_ONLY,5,proxy,3250.000,0.000000
CLOUD_ONLY_seed5,CLOUD_ONLY,5,fog-1,3250.000,0.000000
CLOUD_ONLY_seed5,CLOUD_ONLY,5,fog-2,3250.000,0.000000
CLOUD_ONLY_seed5,CLOUD_ONLY,5,fog-3,3250.000,0.000000
CLOUD_ONLY_seed5,CLOUD_ONLY,5,cloud,3275.000,0.000000
CLOUD_ONLY_seed5,CLOUD_ONLY,5,proxy,3275.000,0.000000
CLOUD_ONLY_seed5,CLOUD_ONLY,5,fog-1,3275.000,0.000000
CLOUD_ONLY_seed5,CLOUD_ONLY,5,fog-2,3275.000,0.000000
CLOUD_ONLY_seed5,CLOUD_ONLY,5,fog-3,3275.000,0.000000
CLOUD_ONLY_seed5,CLOUD_ONLY,5,cloud,3300.000,0.000000
CLOUD_ONLY_seed5,CLOUD_ONLY,5,proxy,3300.000,0.000000
CLOUD_ONLY_seed5,CLOUD_ONLY,5,fog-1,3300.000,0.000000
CLOUD_ONLY_seed5,CLOUD_ONLY,5,fog-2,3300.000,0.000000
CLOUD_ONLY_seed5,CLOUD_ONLY,5,fog-3,3300.000,0.000000
CLOUD_ONLY_seed5,CLOUD_ONLY,5,cloud,3325.000,0.000000
CLOUD_ONLY_seed5,CLOUD_ONLY,5,proxy,3325.000,0.000000
CLOUD_ONLY_seed5,CLOUD_ONLY,5,fog-1,3325.000,0.000000
CLOUD_ONLY_seed5,CLOUD_ONLY,5,fog-2,3325.000,0.000000
CLOUD_ONLY_seed5,CLOUD_ONLY,5,fog-3,3325.000,0.000000
CLOUD_ONLY_seed5,CLOUD_ONLY,5,cloud,3350.000,0.000000
CLOUD_ONLY_seed5,CLOUD_ONLY,5,proxy,3350.000,0.000000
CLOUD_ONLY_seed5,CLOUD_ONLY,5,fog-1,3350.000,0.000000
CLOUD_ONLY_seed5,CLOUD_ONLY,5,fog-2,3350.000,0.000000
CLOUD_ONLY_seed5,CLOUD_ONLY,5,fog-3,3350.000,0.000000
CLOUD_ONLY_seed5,CLOUD_ONLY,5,cloud,3375.000,0.000000
CLOUD_ONLY_seed5,CLOUD_ONLY,5,proxy,3375.000,0.000000
CLOUD_ONLY_seed5,CLOUD_ONLY,5,fog-1,3375.000,0.000000
CLOUD_ONLY_seed5,CLOUD_ONLY,5,fog-2,3375.000,0.000000
CLOUD_ONLY_seed5,CLOUD_ONLY,5,fog-3,3375.000,0.000000
CLOUD_ONLY_seed5,CLOUD_ONLY,5,cloud,3400.000,0.000000
CLOUD_ONLY_seed5,CLOUD_ONLY,5,proxy,3400.000,0.000000
CLOUD_ONLY_seed5,CLOUD_ONLY,5,fog-1,3400.000,0.000000
CLOUD_ONLY_seed5,CLOUD_ONLY,5,fog-2,3400.000,0.000000
CLOUD_ONLY_seed5,CLOUD_ONLY,5,fog-3,3400.000,0.000000
CLOUD_ONLY_seed5,CLOUD_ONLY,5,cloud,3425.000,0.000000
CLOUD_ONLY_seed5,CLOUD_ONLY,5,proxy,3425.000,0.000000
CLOUD_ONLY_seed5,CLOUD_ONLY,5,fog-1,3425.000,0.000000
CLOUD_ONLY_seed5,CLOUD_ONLY,5,fog-2,3425.000,0.000000
CLOUD_ONLY_seed5,CLOUD_ONLY,5,fog-3,3425.000,0.000000
CLOUD_ONLY_seed5,CLOUD_ONLY,5,cloud,3450.000,0.000000
CLOUD_ONLY_seed5,CLOUD_ONLY,5,proxy,3450.000,0.000000
CLOUD_ONLY_seed5,CLOUD_ONLY,5,fog-1,3450.000,0.000000
CLOUD_ONLY_seed5,CLOUD_ONLY,5,fog-2,3450.000,0.000000
CLOUD_ONLY_seed5,CLOUD_ONLY,5,fog-3,3450.000,0.000000
CLOUD_ONLY_seed5,CLOUD_ONLY,5,cloud,3475.000,0.000000
CLOUD_ONLY_seed5,CLOUD_ONLY,5,proxy,3475.000,0.000000
CLOUD_ONLY_seed5,CLOUD_ONLY,5,fog-1,3475.000,0.000000
CLOUD_ONLY_seed5,CLOUD_ONLY,5,fog-2,3475.000,0.000000
CLOUD_ONLY_seed5,CLOUD_ONLY,5,fog-3,3475.000,0.000000
CLOUD_ONLY_seed5,CLOUD_ONLY,5,cloud,3500.000,0.000000
CLOUD_ONLY_seed5,CLOUD_ONLY,5,proxy,3500.000,0.000000
CLOUD_ONLY_seed5,CLOUD_ONLY,5,fog-1,3500.000,0.000000
CLOUD_ONLY_seed5,CLOUD_ONLY,5,fog-2,3500.000,0.000000
CLOUD_ONLY_seed5,CLOUD_ONLY,5,fog-3,3500.000,0.000000
CLOUD_ONLY_seed5,CLOUD_ONLY,5,cloud,3525.000,0.000000
CLOUD_ONLY_seed5,CLOUD_ONLY,5,proxy,3525.000,0.000000
CLOUD_ONLY_seed5,CLOUD_ONLY,5,fog-1,3525.000,0.000000
CLOUD_ONLY_seed5,CLOUD_ONLY,5,fog-2,3525.000,0.000000
CLOUD_ONLY_seed5,CLOUD_ONLY,5,fog-3,3525.000,0.000000
CLOUD_ONLY_seed5,CLOUD_ONLY,5,cloud,3550.000,0.000000
CLOUD_ONLY_seed5,CLOUD_ONLY,5,proxy,3550.000,0.000000
CLOUD_ONLY_seed5,CLOUD_ONLY,5,fog-1,3550.000,0.000000
CLOUD_ONLY_seed5,CLOUD_ONLY,5,fog-2,3550.000,0.000000
CLOUD_ONLY_seed5,CLOUD_ONLY,5,fog-3,3550.000,0.000000
CLOUD_ONLY_seed5,CLOUD_ONLY,5,cloud,3575.000,0.000000
CLOUD_ONLY_seed5,CLOUD_ONLY,5,proxy,3575.000,0.000000
CLOUD_ONLY_seed5,CLOUD_ONLY,5,fog-1,3575.000,0.000000
CLOUD_ONLY_seed5,CLOUD_ONLY,5,fog-2,3575.000,0.000000
CLOUD_ONLY_seed5,CLOUD_ONLY,5,fog-3,3575.000,0.000000
CLOUD_ONLY_seed5,CLOUD_ONLY,5,cloud,3600.000,0.000000
CLOUD_ONLY_seed5,CLOUD_ONLY,5,proxy,3600.000,0.000000
CLOUD_ONLY_seed5,CLOUD_ONLY,5,fog-1,3600.000,0.000000
CLOUD_ONLY_seed5,CLOUD_ONLY,5,fog-2,3600.000,0.000000
CLOUD_ONLY_seed5,CLOUD_ONLY,5,fog-3,3600.000,0.000000
CLOUD_ONLY_seed5,CLOUD_ONLY,5,cloud,3625.000,0.000000
CLOUD_ONLY_seed5,CLOUD_ONLY,5,proxy,3625.000,0.000000
CLOUD_ONLY_seed5,CLOUD_ONLY,5,fog-1,3625.000,0.000000
CLOUD_ONLY_seed5,CLOUD_ONLY,5,fog-2,3625.000,0.000000
CLOUD_ONLY_seed5,CLOUD_ONLY,5,fog-3,3625.000,0.000000
CLOUD_ONLY_seed5,CLOUD_ONLY,5,cloud,3650.000,0.000000
CLOUD_ONLY_seed5,CLOUD_ONLY,5,proxy,3650.000,0.000000
CLOUD_ONLY_seed5,CLOUD_ONLY,5,fog-1,3650.000,0.000000
CLOUD_ONLY_seed5,CLOUD_ONLY,5,fog-2,3650.000,0.000000
CLOUD_ONLY_seed5,CLOUD_ONLY,5,fog-3,3650.000,0.000000
CLOUD_ONLY_seed5,CLOUD_ONLY,5,cloud,3675.000,0.000000
CLOUD_ONLY_seed5,CLOUD_ONLY,5,proxy,3675.000,0.000000
CLOUD_ONLY_seed5,CLOUD_ONLY,5,fog-1,3675.000,0.000000
CLOUD_ONLY_seed5,CLOUD_ONLY,5,fog-2,3675.000,0.000000
CLOUD_ONLY_seed5,CLOUD_ONLY,5,fog-3,3675.000,0.000000
CLOUD_ONLY_seed5,CLOUD_ONLY,5,cloud,3700.000,0.000000
CLOUD_ONLY_seed5,CLOUD_ONLY,5,proxy,3700.000,0.000000
CLOUD_ONLY_seed5,CLOUD_ONLY,5,fog-1,3700.000,0.000000
CLOUD_ONLY_seed5,CLOUD_ONLY,5,fog-2,3700.000,0.000000
CLOUD_ONLY_seed5,CLOUD_ONLY,5,fog-3,3700.000,0.000000
CLOUD_ONLY_seed5,CLOUD_ONLY,5,cloud,3725.000,0.000000
CLOUD_ONLY_seed5,CLOUD_ONLY,5,proxy,3725.000,0.000000
CLOUD_ONLY_seed5,CLOUD_ONLY,5,fog-1,3725.000,0.000000
CLOUD_ONLY_seed5,CLOUD_ONLY,5,fog-2,3725.000,0.000000
CLOUD_ONLY_seed5,CLOUD_ONLY,5,fog-3,3725.000,0.000000
CLOUD_ONLY_seed5,CLOUD_ONLY,5,cloud,3750.000,0.000000
CLOUD_ONLY_seed5,CLOUD_ONLY,5,proxy,3750.000,0.000000
CLOUD_ONLY_seed5,CLOUD_ONLY,5,fog-1,3750.000,0.000000
CLOUD_ONLY_seed5,CLOUD_ONLY,5,fog-2,3750.000,0.000000
CLOUD_ONLY_seed5,CLOUD_ONLY,5,fog-3,3750.000,0.000000
CLOUD_ONLY_seed5,CLOUD_ONLY,5,cloud,3775.000,0.000000
CLOUD_ONLY_seed5,CLOUD_ONLY,5,proxy,3775.000,0.000000
CLOUD_ONLY_seed5,CLOUD_ONLY,5,fog-1,3775.000,0.000000
CLOUD_ONLY_seed5,CLOUD_ONLY,5,fog-2,3775.000,0.000000
CLOUD_ONLY_seed5,CLOUD_ONLY,5,fog-3,3775.000,0.000000
CLOUD_ONLY_seed5,CLOUD_ONLY,5,cloud,3800.000,0.000000
CLOUD_ONLY_seed5,CLOUD_ONLY,5,proxy,3800.000,0.000000
CLOUD_ONLY_seed5,CLOUD_ONLY,5,fog-1,3800.000,0.000000
CLOUD_ONLY_seed5,CLOUD_ONLY,5,fog-2,3800.000,0.000000
CLOUD_ONLY_seed5,CLOUD_ONLY,5,fog-3,3800.000,0.000000
CLOUD_ONLY_seed5,CLOUD_ONLY,5,cloud,3825.000,0.000000
CLOUD_ONLY_seed5,CLOUD_ONLY,5,proxy,3825.000,0.000000
CLOUD_ONLY_seed5,CLOUD_ONLY,5,fog-1,3825.000,0.000000
CLOUD_ONLY_seed5,CLOUD_ONLY,5,fog-2,3825.000,0.000000
CLOUD_ONLY_seed5,CLOUD_ONLY,5,fog-3,3825.000,0.000000
CLOUD_ONLY_seed5,CLOUD_ONLY,5,cloud,3850.000,0.000000
CLOUD_ONLY_seed5,CLOUD_ONLY,5,proxy,3850.000,0.000000
CLOUD_ONLY_seed5,CLOUD_ONLY,5,fog-1,3850.000,0.000000
CLOUD_ONLY_seed5,CLOUD_ONLY,5,fog-2,3850.000,0.000000
CLOUD_ONLY_seed5,CLOUD_ONLY,5,fog-3,3850.000,0.000000
CLOUD_ONLY_seed5,CLOUD_ONLY,5,cloud,3875.000,0.000000
CLOUD_ONLY_seed5,CLOUD_ONLY,5,proxy,3875.000,0.000000
CLOUD_ONLY_seed5,CLOUD_ONLY,5,fog-1,3875.000,0.000000
CLOUD_ONLY_seed5,CLOUD_ONLY,5,fog-2,3875.000,0.000000
CLOUD_ONLY_seed5,CLOUD_ONLY,5,fog-3,3875.000,0.000000
CLOUD_ONLY_seed5,CLOUD_ONLY,5,cloud,3900.000,0.000000
CLOUD_ONLY_seed5,CLOUD_ONLY,5,proxy,3900.000,0.000000
CLOUD_ONLY_seed5,CLOUD_ONLY,5,fog-1,3900.000,0.000000
CLOUD_ONLY_seed5,CLOUD_ONLY,5,fog-2,3900.000,0.000000
CLOUD_ONLY_seed5,CLOUD_ONLY,5,fog-3,3900.000,0.000000
CLOUD_ONLY_seed5,CLOUD_ONLY,5,cloud,3925.000,0.000000
CLOUD_ONLY_seed5,CLOUD_ONLY,5,proxy,3925.000,0.000000
CLOUD_ONLY_seed5,CLOUD_ONLY,5,fog-1,3925.000,0.000000
CLOUD_ONLY_seed5,CLOUD_ONLY,5,fog-2,3925.000,0.000000
CLOUD_ONLY_seed5,CLOUD_ONLY,5,fog-3,3925.000,0.000000
CLOUD_ONLY_seed5,CLOUD_ONLY,5,cloud,3950.000,0.000000
CLOUD_ONLY_seed5,CLOUD_ONLY,5,proxy,3950.000,0.000000
CLOUD_ONLY_seed5,CLOUD_ONLY,5,fog-1,3950.000,0.000000
CLOUD_ONLY_seed5,CLOUD_ONLY,5,fog-2,3950.000,0.000000
CLOUD_ONLY_seed5,CLOUD_ONLY,5,fog-3,3950.000,0.000000
CLOUD_ONLY_seed5,CLOUD_ONLY,5,cloud,3975.000,0.000000
CLOUD_ONLY_seed5,CLOUD_ONLY,5,proxy,3975.000,0.000000
CLOUD_ONLY_seed5,CLOUD_ONLY,5,fog-1,3975.000,0.000000
CLOUD_ONLY_seed5,CLOUD_ONLY,5,fog-2,3975.000,0.000000
CLOUD_ONLY_seed5,CLOUD_ONLY,5,fog-3,3975.000,0.000000
CLOUD_ONLY_seed5,CLOUD_ONLY,5,cloud,4000.000,0.000000
CLOUD_ONLY_seed5,CLOUD_ONLY,5,proxy,4000.000,0.000000
CLOUD_ONLY_seed5,CLOUD_ONLY,5,fog-1,4000.000,0.000000
CLOUD_ONLY_seed5,CLOUD_ONLY,5,fog-2,4000.000,0.000000
CLOUD_ONLY_seed5,CLOUD_ONLY,5,fog-3,4000.000,0.000000
CLOUD_ONLY_seed5,CLOUD_ONLY,5,cloud,4025.000,0.000000
CLOUD_ONLY_seed5,CLOUD_ONLY,5,proxy,4025.000,0.000000
CLOUD_ONLY_seed5,CLOUD_ONLY,5,fog-1,4025.000,0.000000
CLOUD_ONLY_seed5,CLOUD_ONLY,5,fog-2,4025.000,0.000000
CLOUD_ONLY_seed5,CLOUD_ONLY,5,fog-3,4025.000,0.000000
CLOUD_ONLY_seed5,CLOUD_ONLY,5,cloud,4050.000,0.000000
CLOUD_ONLY_seed5,CLOUD_ONLY,5,proxy,4050.000,0.000000
CLOUD_ONLY_seed5,CLOUD_ONLY,5,fog-1,4050.000,0.000000
CLOUD_ONLY_seed5,CLOUD_ONLY,5,fog-2,4050.000,0.000000
CLOUD_ONLY_seed5,CLOUD_ONLY,5,fog-3,4050.000,0.000000
CLOUD_ONLY_seed5,CLOUD_ONLY,5,cloud,4075.000,0.000000
CLOUD_ONLY_seed5,CLOUD_ONLY,5,proxy,4075.000,0.000000
CLOUD_ONLY_seed5,CLOUD_ONLY,5,fog-1,4075.000,0.000000
CLOUD_ONLY_seed5,CLOUD_ONLY,5,fog-2,4075.000,0.000000
CLOUD_ONLY_seed5,CLOUD_ONLY,5,fog-3,4075.000,0.000000
CLOUD_ONLY_seed5,CLOUD_ONLY,5,cloud,4100.000,0.000000
CLOUD_ONLY_seed5,CLOUD_ONLY,5,proxy,4100.000,0.000000
CLOUD_ONLY_seed5,CLOUD_ONLY,5,fog-1,4100.000,0.000000
CLOUD_ONLY_seed5,CLOUD_ONLY,5,fog-2,4100.000,0.000000
CLOUD_ONLY_seed5,CLOUD_ONLY,5,fog-3,4100.000,0.000000
CLOUD_ONLY_seed5,CLOUD_ONLY,5,cloud,4125.000,0.000000
CLOUD_ONLY_seed5,CLOUD_ONLY,5,proxy,4125.000,0.000000
CLOUD_ONLY_seed5,CLOUD_ONLY,5,fog-1,4125.000,0.000000
CLOUD_ONLY_seed5,CLOUD_ONLY,5,fog-2,4125.000,0.000000
CLOUD_ONLY_seed5,CLOUD_ONLY,5,fog-3,4125.000,0.000000
CLOUD_ONLY_seed5,CLOUD_ONLY,5,cloud,4150.000,0.000000
CLOUD_ONLY_seed5,CLOUD_ONLY,5,proxy,4150.000,0.000000
CLOUD_ONLY_seed5,CLOUD_ONLY,5,fog-1,4150.000,0.000000
CLOUD_ONLY_seed5,CLOUD_ONLY,5,fog-2,4150.000,0.000000
CLOUD_ONLY_seed5,CLOUD_ONLY,5,fog-3,4150.000,0.000000
CLOUD_ONLY_seed5,CLOUD_ONLY,5,cloud,4175.000,0.000000
CLOUD_ONLY_seed5,CLOUD_ONLY,5,proxy,4175.000,0.000000
CLOUD_ONLY_seed5,CLOUD_ONLY,5,fog-1,4175.000,0.000000
CLOUD_ONLY_seed5,CLOUD_ONLY,5,fog-2,4175.000,0.000000
CLOUD_ONLY_seed5,CLOUD_ONLY,5,fog-3,4175.000,0.000000
CLOUD_ONLY_seed5,CLOUD_ONLY,5,cloud,4200.000,0.000000
CLOUD_ONLY_seed5,CLOUD_ONLY,5,proxy,4200.000,0.000000
CLOUD_ONLY_seed5,CLOUD_ONLY,5,fog-1,4200.000,0.000000
CLOUD_ONLY_seed5,CLOUD_ONLY,5,fog-2,4200.000,0.000000
CLOUD_ONLY_seed5,CLOUD_ONLY,5,fog-3,4200.000,0.000000
CLOUD_ONLY_seed5,CLOUD_ONLY,5,cloud,4225.000,0.000000
CLOUD_ONLY_seed5,CLOUD_ONLY,5,proxy,4225.000,0.000000
CLOUD_ONLY_seed5,CLOUD_ONLY,5,fog-1,4225.000,0.000000
CLOUD_ONLY_seed5,CLOUD_ONLY,5,fog-2,4225.000,0.000000
CLOUD_ONLY_seed5,CLOUD_ONLY,5,fog-3,4225.000,0.000000
CLOUD_ONLY_seed5,CLOUD_ONLY,5,cloud,4250.000,0.000000
CLOUD_ONLY_seed5,CLOUD_ONLY,5,proxy,4250.000,0.000000
CLOUD_ONLY_seed5,CLOUD_ONLY,5,fog-1,4250.000,0.000000
CLOUD_ONLY_seed5,CLOUD_ONLY,5,fog-2,4250.000,0.000000
CLOUD_ONLY_seed5,CLOUD_ONLY,5,fog-3,4250.000,0.000000
CLOUD_ONLY_seed5,CLOUD_ONLY,5,cloud,4275.000,0.000000
CLOUD_ONLY_seed5,CLOUD_ONLY,5,proxy,4275.000,0.000000
CLOUD_ONLY_seed5,CLOUD_ONLY,5,fog-1,4275.000,0.000000
CLOUD_ONLY_seed5,CLOUD_ONLY,5,fog-2,4275.000,0.000000
CLOUD_ONLY_seed5,CLOUD_ONLY,5,fog-3,4275.000,0.000000
CLOUD_ONLY_seed5,CLOUD_ONLY,5,cloud,4300.000,0.000000
CLOUD_ONLY_seed5,CLOUD_ONLY,5,proxy,4300.000,0.000000
CLOUD_ONLY_seed5,CLOUD_ONLY,5,fog-1,4300.000,0.000000
CLOUD_ONLY_seed5,CLOUD_ONLY,5,fog-2,4300.000,0.000000
CLOUD_ONLY_seed5,CLOUD_ONLY,5,fog-3,4300.000,0.000000
CLOUD_ONLY_seed5,CLOUD_ONLY,5,cloud,4325.000,0.000000
CLOUD_ONLY_seed5,CLOUD_ONLY,5,proxy,4325.000,0.000000
CLOUD_ONLY_seed5,CLOUD_ONLY,5,fog-1,4325.000,0.000000
CLOUD_ONLY_seed5,CLOUD_ONLY,5,fog-2,4325.000,0.000000
CLOUD_ONLY_seed5,CLOUD_ONLY,5,fog-3,4325.000,0.000000
CLOUD_ONLY_seed5,CLOUD_ONLY,5,cloud,4350.000,0.000000
CLOUD_ONLY_seed5,CLOUD_ONLY,5,proxy,4350.000,0.000000
CLOUD_ONLY_seed5,CLOUD_ONLY,5,fog-1,4350.000,0.000000
CLOUD_ONLY_seed5,CLOUD_ONLY,5,fog-2,4350.000,0.000000
CLOUD_ONLY_seed5,CLOUD_ONLY,5,fog-3,4350.000,0.000000
CLOUD_ONLY_seed5,CLOUD_ONLY,5,cloud,4375.000,0.000000
CLOUD_ONLY_seed5,CLOUD_ONLY,5,proxy,4375.000,0.000000
CLOUD_ONLY_seed5,CLOUD_ONLY,5,fog-1,4375.000,0.000000
CLOUD_ONLY_seed5,CLOUD_ONLY,5,fog-2,4375.000,0.000000
CLOUD_ONLY_seed5,CLOUD_ONLY,5,fog-3,4375.000,0.000000
CLOUD_ONLY_seed5,CLOUD_ONLY,5,cloud,4400.000,0.000000
CLOUD_ONLY_seed5,CLOUD_ONLY,5,proxy,4400.000,0.000000
CLOUD_ONLY_seed5,CLOUD_ONLY,5,fog-1,4400.000,0.000000
CLOUD_ONLY_seed5,CLOUD_ONLY,5,fog-2,4400.000,0.000000
CLOUD_ONLY_seed5,CLOUD_ONLY,5,fog-3,4400.000,0.000000
CLOUD_ONLY_seed5,CLOUD_ONLY,5,cloud,4425.000,0.000000
CLOUD_ONLY_seed5,CLOUD_ONLY,5,proxy,4425.000,0.000000
CLOUD_ONLY_seed5,CLOUD_ONLY,5,fog-1,4425.000,0.000000
CLOUD_ONLY_seed5,CLOUD_ONLY,5,fog-2,4425.000,0.000000
CLOUD_ONLY_seed5,CLOUD_ONLY,5,fog-3,4425.000,0.000000
CLOUD_ONLY_seed5,CLOUD_ONLY,5,cloud,4450.000,0.000000
CLOUD_ONLY_seed5,CLOUD_ONLY,5,proxy,4450.000,0.000000
CLOUD_ONLY_seed5,CLOUD_ONLY,5,fog-1,4450.000,0.000000
CLOUD_ONLY_seed5,CLOUD_ONLY,5,fog-2,4450.000,0.000000
CLOUD_ONLY_seed5,CLOUD_ONLY,5,fog-3,4450.000,0.000000
CLOUD_ONLY_seed5,CLOUD_ONLY,5,cloud,4475.000,0.000000
CLOUD_ONLY_seed5,CLOUD_ONLY,5,proxy,4475.000,0.000000
CLOUD_ONLY_seed5,CLOUD_ONLY,5,fog-1,4475.000,0.000000
CLOUD_ONLY_seed5,CLOUD_ONLY,5,fog-2,4475.000,0.000000
CLOUD_ONLY_seed5,CLOUD_ONLY,5,fog-3,4475.000,0.000000
CLOUD_ONLY_seed5,CLOUD_ONLY,5,cloud,4500.000,0.000000
CLOUD_ONLY_seed5,CLOUD_ONLY,5,proxy,4500.000,0.000000
CLOUD_ONLY_seed5,CLOUD_ONLY,5,fog-1,4500.000,0.000000
CLOUD_ONLY_seed5,CLOUD_ONLY,5,fog-2,4500.000,0.000000
CLOUD_ONLY_seed5,CLOUD_ONLY,5,fog-3,4500.000,0.000000
CLOUD_ONLY_seed5,CLOUD_ONLY,5,cloud,4525.000,0.000000
CLOUD_ONLY_seed5,CLOUD_ONLY,5,proxy,4525.000,0.000000
CLOUD_ONLY_seed5,CLOUD_ONLY,5,fog-1,4525.000,0.000000
CLOUD_ONLY_seed5,CLOUD_ONLY,5,fog-2,4525.000,0.000000
CLOUD_ONLY_seed5,CLOUD_ONLY,5,fog-3,4525.000,0.000000
CLOUD_ONLY_seed5,CLOUD_ONLY,5,cloud,4550.000,0.000000
CLOUD_ONLY_seed5,CLOUD_ONLY,5,proxy,4550.000,0.000000
CLOUD_ONLY_seed5,CLOUD_ONLY,5,fog-1,4550.000,0.000000
CLOUD_ONLY_seed5,CLOUD_ONLY,5,fog-2,4550.000,0.000000
CLOUD_ONLY_seed5,CLOUD_ONLY,5,fog-3,4550.000,0.000000
CLOUD_ONLY_seed5,CLOUD_ONLY,5,cloud,4575.000,0.000000
CLOUD_ONLY_seed5,CLOUD_ONLY,5,proxy,4575.000,0.000000
CLOUD_ONLY_seed5,CLOUD_ONLY,5,fog-1,4575.000,0.000000
CLOUD_ONLY_seed5,CLOUD_ONLY,5,fog-2,4575.000,0.000000
CLOUD_ONLY_seed5,CLOUD_ONLY,5,fog-3,4575.000,0.000000
CLOUD_ONLY_seed5,CLOUD_ONLY,5,cloud,4600.000,0.000000
CLOUD_ONLY_seed5,CLOUD_ONLY,5,proxy,4600.000,0.000000
CLOUD_ONLY_seed5,CLOUD_ONLY,5,fog-1,4600.000,0.000000
CLOUD_ONLY_seed5,CLOUD_ONLY,5,fog-2,4600.000,0.000000
CLOUD_ONLY_seed5,CLOUD_ONLY,5,fog-3,4600.000,0.000000
CLOUD_ONLY_seed5,CLOUD_ONLY,5,cloud,4625.000,0.000000
CLOUD_ONLY_seed5,CLOUD_ONLY,5,proxy,4625.000,0.000000
CLOUD_ONLY_seed5,CLOUD_ONLY,5,fog-1,4625.000,0.000000
CLOUD_ONLY_seed5,CLOUD_ONLY,5,fog-2,4625.000,0.000000
CLOUD_ONLY_seed5,CLOUD_ONLY,5,fog-3,4625.000,0.000000
CLOUD_ONLY_seed5,CLOUD_ONLY,5,cloud,4650.000,0.000000
CLOUD_ONLY_seed5,CLOUD_ONLY,5,proxy,4650.000,0.000000
CLOUD_ONLY_seed5,CLOUD_ONLY,5,fog-1,4650.000,0.000000
CLOUD_ONLY_seed5,CLOUD_ONLY,5,fog-2,4650.000,0.000000
CLOUD_ONLY_seed5,CLOUD_ONLY,5,fog-3,4650.000,0.000000
CLOUD_ONLY_seed5,CLOUD_ONLY,5,cloud,4675.000,0.000000
CLOUD_ONLY_seed5,CLOUD_ONLY,5,proxy,4675.000,0.000000
CLOUD_ONLY_seed5,CLOUD_ONLY,5,fog-1,4675.000,0.000000
CLOUD_ONLY_seed5,CLOUD_ONLY,5,fog-2,4675.000,0.000000
CLOUD_ONLY_seed5,CLOUD_ONLY,5,fog-3,4675.000,0.000000
CLOUD_ONLY_seed5,CLOUD_ONLY,5,cloud,4700.000,0.000000
CLOUD_ONLY_seed5,CLOUD_ONLY,5,proxy,4700.000,0.000000
CLOUD_ONLY_seed5,CLOUD_ONLY,5,fog-1,4700.000,0.000000
CLOUD_ONLY_seed5,CLOUD_ONLY,5,fog-2,4700.000,0.000000
CLOUD_ONLY_seed5,CLOUD_ONLY,5,fog-3,4700.000,0.000000
CLOUD_ONLY_seed5,CLOUD_ONLY,5,cloud,4725.000,0.000000
CLOUD_ONLY_seed5,CLOUD_ONLY,5,proxy,4725.000,0.000000
CLOUD_ONLY_seed5,CLOUD_ONLY,5,fog-1,4725.000,0.000000
CLOUD_ONLY_seed5,CLOUD_ONLY,5,fog-2,4725.000,0.000000
CLOUD_ONLY_seed5,CLOUD_ONLY,5,fog-3,4725.000,0.000000
CLOUD_ONLY_seed5,CLOUD_ONLY,5,cloud,4750.000,0.000000
CLOUD_ONLY_seed5,CLOUD_ONLY,5,proxy,4750.000,0.000000
CLOUD_ONLY_seed5,CLOUD_ONLY,5,fog-1,4750.000,0.000000
CLOUD_ONLY_seed5,CLOUD_ONLY,5,fog-2,4750.000,0.000000
CLOUD_ONLY_seed5,CLOUD_ONLY,5,fog-3,4750.000,0.000000
CLOUD_ONLY_seed5,CLOUD_ONLY,5,cloud,4775.000,0.000000
CLOUD_ONLY_seed5,CLOUD_ONLY,5,proxy,4775.000,0.000000
CLOUD_ONLY_seed5,CLOUD_ONLY,5,fog-1,4775.000,0.000000
CLOUD_ONLY_seed5,CLOUD_ONLY,5,fog-2,4775.000,0.000000
CLOUD_ONLY_seed5,CLOUD_ONLY,5,fog-3,4775.000,0.000000
CLOUD_ONLY_seed5,CLOUD_ONLY,5,cloud,4800.000,0.000000
CLOUD_ONLY_seed5,CLOUD_ONLY,5,proxy,4800.000,0.000000
CLOUD_ONLY_seed5,CLOUD_ONLY,5,fog-1,4800.000,0.000000
CLOUD_ONLY_seed5,CLOUD_ONLY,5,fog-2,4800.000,0.000000
CLOUD_ONLY_seed5,CLOUD_ONLY,5,fog-3,4800.000,0.000000
CLOUD_ONLY_seed5,CLOUD_ONLY,5,cloud,4825.000,0.000000
CLOUD_ONLY_seed5,CLOUD_ONLY,5,proxy,4825.000,0.000000
CLOUD_ONLY_seed5,CLOUD_ONLY,5,fog-1,4825.000,0.000000
CLOUD_ONLY_seed5,CLOUD_ONLY,5,fog-2,4825.000,0.000000
CLOUD_ONLY_seed5,CLOUD_ONLY,5,fog-3,4825.000,0.000000
CLOUD_ONLY_seed5,CLOUD_ONLY,5,cloud,4850.000,0.000000
CLOUD_ONLY_seed5,CLOUD_ONLY,5,proxy,4850.000,0.000000
CLOUD_ONLY_seed5,CLOUD_ONLY,5,fog-1,4850.000,0.000000
CLOUD_ONLY_seed5,CLOUD_ONLY,5,fog-2,4850.000,0.000000
CLOUD_ONLY_seed5,CLOUD_ONLY,5,fog-3,4850.000,0.000000
CLOUD_ONLY_seed5,CLOUD_ONLY,5,cloud,4875.000,0.000000
CLOUD_ONLY_seed5,CLOUD_ONLY,5,proxy,4875.000,0.000000
CLOUD_ONLY_seed5,CLOUD_ONLY,5,fog-1,4875.000,0.000000
CLOUD_ONLY_seed5,CLOUD_ONLY,5,fog-2,4875.000,0.000000
CLOUD_ONLY_seed5,CLOUD_ONLY,5,fog-3,4875.000,0.000000
CLOUD_ONLY_seed5,CLOUD_ONLY,5,cloud,4900.000,0.000000
CLOUD_ONLY_seed5,CLOUD_ONLY,5,proxy,4900.000,0.000000
CLOUD_ONLY_seed5,CLOUD_ONLY,5,fog-1,4900.000,0.000000
CLOUD_ONLY_seed5,CLOUD_ONLY,5,fog-2,4900.000,0.000000
CLOUD_ONLY_seed5,CLOUD_ONLY,5,fog-3,4900.000,0.000000
CLOUD_ONLY_seed5,CLOUD_ONLY,5,cloud,4925.000,0.000000
CLOUD_ONLY_seed5,CLOUD_ONLY,5,proxy,4925.000,0.000000
CLOUD_ONLY_seed5,CLOUD_ONLY,5,fog-1,4925.000,0.000000
CLOUD_ONLY_seed5,CLOUD_ONLY,5,fog-2,4925.000,0.000000
CLOUD_ONLY_seed5,CLOUD_ONLY,5,fog-3,4925.000,0.000000
CLOUD_ONLY_seed5,CLOUD_ONLY,5,cloud,4950.000,0.000000
CLOUD_ONLY_seed5,CLOUD_ONLY,5,proxy,4950.000,0.000000
CLOUD_ONLY_seed5,CLOUD_ONLY,5,fog-1,4950.000,0.000000
CLOUD_ONLY_seed5,CLOUD_ONLY,5,fog-2,4950.000,0.000000
CLOUD_ONLY_seed5,CLOUD_ONLY,5,fog-3,4950.000,0.000000
CLOUD_ONLY_seed5,CLOUD_ONLY,5,cloud,4975.000,0.000000
CLOUD_ONLY_seed5,CLOUD_ONLY,5,proxy,4975.000,0.000000
CLOUD_ONLY_seed5,CLOUD_ONLY,5,fog-1,4975.000,0.000000
CLOUD_ONLY_seed5,CLOUD_ONLY,5,fog-2,4975.000,0.000000
CLOUD_ONLY_seed5,CLOUD_ONLY,5,fog-3,4975.000,0.000000
CLOUD_ONLY_seed5,CLOUD_ONLY,5,cloud,5000.000,0.000000
CLOUD_ONLY_seed5,CLOUD_ONLY,5,proxy,5000.000,0.000000
CLOUD_ONLY_seed5,CLOUD_ONLY,5,fog-1,5000.000,0.000000
CLOUD_ONLY_seed5,CLOUD_ONLY,5,fog-2,5000.000,0.000000
CLOUD_ONLY_seed5,CLOUD_ONLY,5,fog-3,5000.000,0.000000
FOG_NO_IDS_seed1,FOG_NO_IDS,1,cloud,25.000,0.000179
FOG_NO_IDS_seed1,FOG_NO_IDS,1,proxy,25.000,0.000000
FOG_NO_IDS_seed1,FOG_NO_IDS,1,fog-1,25.000,0.002500
FOG_NO_IDS_seed1,FOG_NO_IDS,1,fog-2,25.000,0.002500
FOG_NO_IDS_seed1,FOG_NO_IDS,1,fog-3,25.000,0.002500
FOG_NO_IDS_seed1,FOG_NO_IDS,1,cloud,50.000,0.000179
FOG_NO_IDS_seed1,FOG_NO_IDS,1,proxy,50.000,0.000000
FOG_NO_IDS_seed1,FOG_NO_IDS,1,fog-1,50.000,0.002500
FOG_NO_IDS_seed1,FOG_NO_IDS,1,fog-2,50.000,0.002500
FOG_NO_IDS_seed1,FOG_NO_IDS,1,fog-3,50.000,0.002500
FOG_NO_IDS_seed1,FOG_NO_IDS,1,cloud,75.000,0.000179
FOG_NO_IDS_seed1,FOG_NO_IDS,1,proxy,75.000,0.000000
FOG_NO_IDS_seed1,FOG_NO_IDS,1,fog-1,75.000,0.002500
FOG_NO_IDS_seed1,FOG_NO_IDS,1,fog-2,75.000,0.002500
FOG_NO_IDS_seed1,FOG_NO_IDS,1,fog-3,75.000,0.002500
FOG_NO_IDS_seed1,FOG_NO_IDS,1,cloud,100.000,0.000179
FOG_NO_IDS_seed1,FOG_NO_IDS,1,proxy,100.000,0.000000
FOG_NO_IDS_seed1,FOG_NO_IDS,1,fog-1,100.000,0.002500
FOG_NO_IDS_seed1,FOG_NO_IDS,1,fog-2,100.000,0.002500
FOG_NO_IDS_seed1,FOG_NO_IDS,1,fog-3,100.000,0.002500
FOG_NO_IDS_seed1,FOG_NO_IDS,1,cloud,125.000,0.000179
FOG_NO_IDS_seed1,FOG_NO_IDS,1,proxy,125.000,0.000000
FOG_NO_IDS_seed1,FOG_NO_IDS,1,fog-1,125.000,0.040100
FOG_NO_IDS_seed1,FOG_NO_IDS,1,fog-2,125.000,0.040100
FOG_NO_IDS_seed1,FOG_NO_IDS,1,fog-3,125.000,0.040100
FOG_NO_IDS_seed1,FOG_NO_IDS,1,cloud,150.000,0.000179
FOG_NO_IDS_seed1,FOG_NO_IDS,1,proxy,150.000,0.000000
FOG_NO_IDS_seed1,FOG_NO_IDS,1,fog-1,150.000,0.000000
FOG_NO_IDS_seed1,FOG_NO_IDS,1,fog-2,150.000,0.000000
FOG_NO_IDS_seed1,FOG_NO_IDS,1,fog-3,150.000,0.000000
FOG_NO_IDS_seed1,FOG_NO_IDS,1,cloud,175.000,0.000071
FOG_NO_IDS_seed1,FOG_NO_IDS,1,proxy,175.000,0.000000
FOG_NO_IDS_seed1,FOG_NO_IDS,1,fog-1,175.000,0.040000
FOG_NO_IDS_seed1,FOG_NO_IDS,1,fog-2,175.000,0.040000
FOG_NO_IDS_seed1,FOG_NO_IDS,1,fog-3,175.000,0.040000
FOG_NO_IDS_seed1,FOG_NO_IDS,1,cloud,200.000,0.000000
FOG_NO_IDS_seed1,FOG_NO_IDS,1,proxy,200.000,0.000000
FOG_NO_IDS_seed1,FOG_NO_IDS,1,fog-1,200.000,0.000000
FOG_NO_IDS_seed1,FOG_NO_IDS,1,fog-2,200.000,0.040000
FOG_NO_IDS_seed1,FOG_NO_IDS,1,fog-3,200.000,0.000000
FOG_NO_IDS_seed1,FOG_NO_IDS,1,cloud,225.000,0.000000
FOG_NO_IDS_seed1,FOG_NO_IDS,1,proxy,225.000,0.000000
FOG_NO_IDS_seed1,FOG_NO_IDS,1,fog-1,225.000,0.040000
FOG_NO_IDS_seed1,FOG_NO_IDS,1,fog-2,225.000,0.080000
FOG_NO_IDS_seed1,FOG_NO_IDS,1,fog-3,225.000,0.040000
FOG_NO_IDS_seed1,FOG_NO_IDS,1,cloud,250.000,0.000000
FOG_NO_IDS_seed1,FOG_NO_IDS,1,proxy,250.000,0.000000
FOG_NO_IDS_seed1,FOG_NO_IDS,1,fog-1,250.000,0.000000
FOG_NO_IDS_seed1,FOG_NO_IDS,1,fog-2,250.000,0.000000
FOG_NO_IDS_seed1,FOG_NO_IDS,1,fog-3,250.000,0.000000
FOG_NO_IDS_seed1,FOG_NO_IDS,1,cloud,275.000,0.000000
FOG_NO_IDS_seed1,FOG_NO_IDS,1,proxy,275.000,0.000000
FOG_NO_IDS_seed1,FOG_NO_IDS,1,fog-1,275.000,0.040000
FOG_NO_IDS_seed1,FOG_NO_IDS,1,fog-2,275.000,0.040000
FOG_NO_IDS_seed1,FOG_NO_IDS,1,fog-3,275.000,0.040000
FOG_NO_IDS_seed1,FOG_NO_IDS,1,cloud,300.000,0.000000
FOG_NO_IDS_seed1,FOG_NO_IDS,1,proxy,300.000,0.000000
FOG_NO_IDS_seed1,FOG_NO_IDS,1,fog-1,300.000,0.000000
FOG_NO_IDS_seed1,FOG_NO_IDS,1,fog-2,300.000,0.040000
FOG_NO_IDS_seed1,FOG_NO_IDS,1,fog-3,300.000,0.040000
FOG_NO_IDS_seed1,FOG_NO_IDS,1,cloud,325.000,0.000000
FOG_NO_IDS_seed1,FOG_NO_IDS,1,proxy,325.000,0.000000
FOG_NO_IDS_seed1,FOG_NO_IDS,1,fog-1,325.000,0.040000
FOG_NO_IDS_seed1,FOG_NO_IDS,1,fog-2,325.000,0.080000
FOG_NO_IDS_seed1,FOG_NO_IDS,1,fog-3,325.000,0.080000
FOG_NO_IDS_seed1,FOG_NO_IDS,1,cloud,350.000,0.000000
FOG_NO_IDS_seed1,FOG_NO_IDS,1,proxy,350.000,0.000000
FOG_NO_IDS_seed1,FOG_NO_IDS,1,fog-1,350.000,0.000000
FOG_NO_IDS_seed1,FOG_NO_IDS,1,fog-2,350.000,0.000000
FOG_NO_IDS_seed1,FOG_NO_IDS,1,fog-3,350.000,0.000000
FOG_NO_IDS_seed1,FOG_NO_IDS,1,cloud,375.000,0.000000
FOG_NO_IDS_seed1,FOG_NO_IDS,1,proxy,375.000,0.000000
FOG_NO_IDS_seed1,FOG_NO_IDS,1,fog-1,375.000,0.040000
FOG_NO_IDS_seed1,FOG_NO_IDS,1,fog-2,375.000,0.040000
FOG_NO_IDS_seed1,FOG_NO_IDS,1,fog-3,375.000,0.040000
FOG_NO_IDS_seed1,FOG_NO_IDS,1,cloud,400.000,0.000000
FOG_NO_IDS_seed1,FOG_NO_IDS,1,proxy,400.000,0.000000
FOG_NO_IDS_seed1,FOG_NO_IDS,1,fog-1,400.000,0.000000
FOG_NO_IDS_seed1,FOG_NO_IDS,1,fog-2,400.000,0.040000
FOG_NO_IDS_seed1,FOG_NO_IDS,1,fog-3,400.000,0.040000
FOG_NO_IDS_seed1,FOG_NO_IDS,1,cloud,425.000,0.000000
FOG_NO_IDS_seed1,FOG_NO_IDS,1,proxy,425.000,0.000000
FOG_NO_IDS_seed1,FOG_NO_IDS,1,fog-1,425.000,0.040000
FOG_NO_IDS_seed1,FOG_NO_IDS,1,fog-2,425.000,0.080000
FOG_NO_IDS_seed1,FOG_NO_IDS,1,fog-3,425.000,0.080000
FOG_NO_IDS_seed1,FOG_NO_IDS,1,cloud,450.000,0.000000
FOG_NO_IDS_seed1,FOG_NO_IDS,1,proxy,450.000,0.000000
FOG_NO_IDS_seed1,FOG_NO_IDS,1,fog-1,450.000,0.000000
FOG_NO_IDS_seed1,FOG_NO_IDS,1,fog-2,450.000,0.000000
FOG_NO_IDS_seed1,FOG_NO_IDS,1,fog-3,450.000,0.000000
FOG_NO_IDS_seed1,FOG_NO_IDS,1,cloud,475.000,0.000000
FOG_NO_IDS_seed1,FOG_NO_IDS,1,proxy,475.000,0.000000
FOG_NO_IDS_seed1,FOG_NO_IDS,1,fog-1,475.000,0.040000
FOG_NO_IDS_seed1,FOG_NO_IDS,1,fog-2,475.000,0.040000
FOG_NO_IDS_seed1,FOG_NO_IDS,1,fog-3,475.000,0.040000
FOG_NO_IDS_seed1,FOG_NO_IDS,1,cloud,500.000,0.000000
FOG_NO_IDS_seed1,FOG_NO_IDS,1,proxy,500.000,0.000000
FOG_NO_IDS_seed1,FOG_NO_IDS,1,fog-1,500.000,0.040000
FOG_NO_IDS_seed1,FOG_NO_IDS,1,fog-2,500.000,0.040000
FOG_NO_IDS_seed1,FOG_NO_IDS,1,fog-3,500.000,0.040000
FOG_NO_IDS_seed1,FOG_NO_IDS,1,cloud,525.000,0.000000
FOG_NO_IDS_seed1,FOG_NO_IDS,1,proxy,525.000,0.000000
FOG_NO_IDS_seed1,FOG_NO_IDS,1,fog-1,525.000,0.080000
FOG_NO_IDS_seed1,FOG_NO_IDS,1,fog-2,525.000,0.080000
FOG_NO_IDS_seed1,FOG_NO_IDS,1,fog-3,525.000,0.080000
FOG_NO_IDS_seed1,FOG_NO_IDS,1,cloud,550.000,0.000000
FOG_NO_IDS_seed1,FOG_NO_IDS,1,proxy,550.000,0.000000
FOG_NO_IDS_seed1,FOG_NO_IDS,1,fog-1,550.000,0.000000
FOG_NO_IDS_seed1,FOG_NO_IDS,1,fog-2,550.000,0.000000
FOG_NO_IDS_seed1,FOG_NO_IDS,1,fog-3,550.000,0.000000
FOG_NO_IDS_seed1,FOG_NO_IDS,1,cloud,575.000,0.000000
FOG_NO_IDS_seed1,FOG_NO_IDS,1,proxy,575.000,0.000000
FOG_NO_IDS_seed1,FOG_NO_IDS,1,fog-1,575.000,0.040000
FOG_NO_IDS_seed1,FOG_NO_IDS,1,fog-2,575.000,0.040000
FOG_NO_IDS_seed1,FOG_NO_IDS,1,fog-3,575.000,0.040000
FOG_NO_IDS_seed1,FOG_NO_IDS,1,cloud,600.000,0.000000
FOG_NO_IDS_seed1,FOG_NO_IDS,1,proxy,600.000,0.000000
FOG_NO_IDS_seed1,FOG_NO_IDS,1,fog-1,600.000,0.000000
FOG_NO_IDS_seed1,FOG_NO_IDS,1,fog-2,600.000,0.040000
FOG_NO_IDS_seed1,FOG_NO_IDS,1,fog-3,600.000,0.000000
FOG_NO_IDS_seed1,FOG_NO_IDS,1,cloud,625.000,0.000000
FOG_NO_IDS_seed1,FOG_NO_IDS,1,proxy,625.000,0.000000
FOG_NO_IDS_seed1,FOG_NO_IDS,1,fog-1,625.000,0.040000
FOG_NO_IDS_seed1,FOG_NO_IDS,1,fog-2,625.000,0.080000
FOG_NO_IDS_seed1,FOG_NO_IDS,1,fog-3,625.000,0.040000
FOG_NO_IDS_seed1,FOG_NO_IDS,1,cloud,650.000,0.000000
FOG_NO_IDS_seed1,FOG_NO_IDS,1,proxy,650.000,0.000000
FOG_NO_IDS_seed1,FOG_NO_IDS,1,fog-1,650.000,0.000000
FOG_NO_IDS_seed1,FOG_NO_IDS,1,fog-2,650.000,0.000000
FOG_NO_IDS_seed1,FOG_NO_IDS,1,fog-3,650.000,0.000000
FOG_NO_IDS_seed1,FOG_NO_IDS,1,cloud,675.000,0.000000
FOG_NO_IDS_seed1,FOG_NO_IDS,1,proxy,675.000,0.000000
FOG_NO_IDS_seed1,FOG_NO_IDS,1,fog-1,675.000,0.040000
FOG_NO_IDS_seed1,FOG_NO_IDS,1,fog-2,675.000,0.040000
FOG_NO_IDS_seed1,FOG_NO_IDS,1,fog-3,675.000,0.040000
FOG_NO_IDS_seed1,FOG_NO_IDS,1,cloud,700.000,0.000000
FOG_NO_IDS_seed1,FOG_NO_IDS,1,proxy,700.000,0.000000
FOG_NO_IDS_seed1,FOG_NO_IDS,1,fog-1,700.000,0.040000
FOG_NO_IDS_seed1,FOG_NO_IDS,1,fog-2,700.000,0.040000
FOG_NO_IDS_seed1,FOG_NO_IDS,1,fog-3,700.000,0.040000
FOG_NO_IDS_seed1,FOG_NO_IDS,1,cloud,725.000,0.000000
FOG_NO_IDS_seed1,FOG_NO_IDS,1,proxy,725.000,0.000000
FOG_NO_IDS_seed1,FOG_NO_IDS,1,fog-1,725.000,0.080000
FOG_NO_IDS_seed1,FOG_NO_IDS,1,fog-2,725.000,0.080000
FOG_NO_IDS_seed1,FOG_NO_IDS,1,fog-3,725.000,0.080000
FOG_NO_IDS_seed1,FOG_NO_IDS,1,cloud,750.000,0.000000
FOG_NO_IDS_seed1,FOG_NO_IDS,1,proxy,750.000,0.000000
FOG_NO_IDS_seed1,FOG_NO_IDS,1,fog-1,750.000,0.000000
FOG_NO_IDS_seed1,FOG_NO_IDS,1,fog-2,750.000,0.000000
FOG_NO_IDS_seed1,FOG_NO_IDS,1,fog-3,750.000,0.000000
FOG_NO_IDS_seed1,FOG_NO_IDS,1,cloud,775.000,0.000000
FOG_NO_IDS_seed1,FOG_NO_IDS,1,proxy,775.000,0.000000
FOG_NO_IDS_seed1,FOG_NO_IDS,1,fog-1,775.000,0.040000
FOG_NO_IDS_seed1,FOG_NO_IDS,1,fog-2,775.000,0.040000
FOG_NO_IDS_seed1,FOG_NO_IDS,1,fog-3,775.000,0.040000
FOG_NO_IDS_seed1,FOG_NO_IDS,1,cloud,800.000,0.000000
FOG_NO_IDS_seed1,FOG_NO_IDS,1,proxy,800.000,0.000000
FOG_NO_IDS_seed1,FOG_NO_IDS,1,fog-1,800.000,0.040000
FOG_NO_IDS_seed1,FOG_NO_IDS,1,fog-2,800.000,0.040000
FOG_NO_IDS_seed1,FOG_NO_IDS,1,fog-3,800.000,0.000000
FOG_NO_IDS_seed1,FOG_NO_IDS,1,cloud,825.000,0.000000
FOG_NO_IDS_seed1,FOG_NO_IDS,1,proxy,825.000,0.000000
FOG_NO_IDS_seed1,FOG_NO_IDS,1,fog-1,825.000,0.080000
FOG_NO_IDS_seed1,FOG_NO_IDS,1,fog-2,825.000,0.080000
FOG_NO_IDS_seed1,FOG_NO_IDS,1,fog-3,825.000,0.040000
FOG_NO_IDS_seed1,FOG_NO_IDS,1,cloud,850.000,0.000000
FOG_NO_IDS_seed1,FOG_NO_IDS,1,proxy,850.000,0.000000
FOG_NO_IDS_seed1,FOG_NO_IDS,1,fog-1,850.000,0.000000
FOG_NO_IDS_seed1,FOG_NO_IDS,1,fog-2,850.000,0.000000
FOG_NO_IDS_seed1,FOG_NO_IDS,1,fog-3,850.000,0.000000
FOG_NO_IDS_seed1,FOG_NO_IDS,1,cloud,875.000,0.000000
FOG_NO_IDS_seed1,FOG_NO_IDS,1,proxy,875.000,0.000000
FOG_NO_IDS_seed1,FOG_NO_IDS,1,fog-1,875.000,0.040000
FOG_NO_IDS_seed1,FOG_NO_IDS,1,fog-2,875.000,0.040000
FOG_NO_IDS_seed1,FOG_NO_IDS,1,fog-3,875.000,0.040000
FOG_NO_IDS_seed1,FOG_NO_IDS,1,cloud,900.000,0.000000
FOG_NO_IDS_seed1,FOG_NO_IDS,1,proxy,900.000,0.000000
FOG_NO_IDS_seed1,FOG_NO_IDS,1,fog-1,900.000,0.040000
FOG_NO_IDS_seed1,FOG_NO_IDS,1,fog-2,900.000,0.040000
FOG_NO_IDS_seed1,FOG_NO_IDS,1,fog-3,900.000,0.000000
FOG_NO_IDS_seed1,FOG_NO_IDS,1,cloud,925.000,0.000000
FOG_NO_IDS_seed1,FOG_NO_IDS,1,proxy,925.000,0.000000
FOG_NO_IDS_seed1,FOG_NO_IDS,1,fog-1,925.000,0.080000
FOG_NO_IDS_seed1,FOG_NO_IDS,1,fog-2,925.000,0.080000
FOG_NO_IDS_seed1,FOG_NO_IDS,1,fog-3,925.000,0.040000
FOG_NO_IDS_seed1,FOG_NO_IDS,1,cloud,950.000,0.000000
FOG_NO_IDS_seed1,FOG_NO_IDS,1,proxy,950.000,0.000000
FOG_NO_IDS_seed1,FOG_NO_IDS,1,fog-1,950.000,0.000000
FOG_NO_IDS_seed1,FOG_NO_IDS,1,fog-2,950.000,0.000000
FOG_NO_IDS_seed1,FOG_NO_IDS,1,fog-3,950.000,0.000000
FOG_NO_IDS_seed1,FOG_NO_IDS,1,cloud,975.000,0.000000
FOG_NO_IDS_seed1,FOG_NO_IDS,1,proxy,975.000,0.000000
FOG_NO_IDS_seed1,FOG_NO_IDS,1,fog-1,975.000,0.040000
FOG_NO_IDS_seed1,FOG_NO_IDS,1,fog-2,975.000,0.040000
FOG_NO_IDS_seed1,FOG_NO_IDS,1,fog-3,975.000,0.040000
FOG_NO_IDS_seed1,FOG_NO_IDS,1,cloud,1000.000,0.000000
FOG_NO_IDS_seed1,FOG_NO_IDS,1,proxy,1000.000,0.000000
FOG_NO_IDS_seed1,FOG_NO_IDS,1,fog-1,1000.000,0.040000
FOG_NO_IDS_seed1,FOG_NO_IDS,1,fog-2,1000.000,0.040000
FOG_NO_IDS_seed1,FOG_NO_IDS,1,fog-3,1000.000,0.040000
FOG_NO_IDS_seed1,FOG_NO_IDS,1,cloud,1025.000,0.000000
FOG_NO_IDS_seed1,FOG_NO_IDS,1,proxy,1025.000,0.000000
FOG_NO_IDS_seed1,FOG_NO_IDS,1,fog-1,1025.000,0.080000
FOG_NO_IDS_seed1,FOG_NO_IDS,1,fog-2,1025.000,0.080000
FOG_NO_IDS_seed1,FOG_NO_IDS,1,fog-3,1025.000,0.080000
FOG_NO_IDS_seed1,FOG_NO_IDS,1,cloud,1050.000,0.000000
FOG_NO_IDS_seed1,FOG_NO_IDS,1,proxy,1050.000,0.000000
FOG_NO_IDS_seed1,FOG_NO_IDS,1,fog-1,1050.000,0.000000
FOG_NO_IDS_seed1,FOG_NO_IDS,1,fog-2,1050.000,0.000000
FOG_NO_IDS_seed1,FOG_NO_IDS,1,fog-3,1050.000,0.000000
FOG_NO_IDS_seed1,FOG_NO_IDS,1,cloud,1075.000,0.000000
FOG_NO_IDS_seed1,FOG_NO_IDS,1,proxy,1075.000,0.000000
FOG_NO_IDS_seed1,FOG_NO_IDS,1,fog-1,1075.000,0.040000
FOG_NO_IDS_seed1,FOG_NO_IDS,1,fog-2,1075.000,0.040000
FOG_NO_IDS_seed1,FOG_NO_IDS,1,fog-3,1075.000,0.040000
FOG_NO_IDS_seed1,FOG_NO_IDS,1,cloud,1100.000,0.000000
FOG_NO_IDS_seed1,FOG_NO_IDS,1,proxy,1100.000,0.000000
FOG_NO_IDS_seed1,FOG_NO_IDS,1,fog-1,1100.000,0.040000
FOG_NO_IDS_seed1,FOG_NO_IDS,1,fog-2,1100.000,0.040000
FOG_NO_IDS_seed1,FOG_NO_IDS,1,fog-3,1100.000,0.000000
FOG_NO_IDS_seed1,FOG_NO_IDS,1,cloud,1125.000,0.000000
FOG_NO_IDS_seed1,FOG_NO_IDS,1,proxy,1125.000,0.000000
FOG_NO_IDS_seed1,FOG_NO_IDS,1,fog-1,1125.000,0.080000
FOG_NO_IDS_seed1,FOG_NO_IDS,1,fog-2,1125.000,0.080000
FOG_NO_IDS_seed1,FOG_NO_IDS,1,fog-3,1125.000,0.040000
FOG_NO_IDS_seed1,FOG_NO_IDS,1,cloud,1150.000,0.000000
FOG_NO_IDS_seed1,FOG_NO_IDS,1,proxy,1150.000,0.000000
FOG_NO_IDS_seed1,FOG_NO_IDS,1,fog-1,1150.000,0.000000
FOG_NO_IDS_seed1,FOG_NO_IDS,1,fog-2,1150.000,0.000000
FOG_NO_IDS_seed1,FOG_NO_IDS,1,fog-3,1150.000,0.000000
FOG_NO_IDS_seed1,FOG_NO_IDS,1,cloud,1175.000,0.000000
FOG_NO_IDS_seed1,FOG_NO_IDS,1,proxy,1175.000,0.000000
FOG_NO_IDS_seed1,FOG_NO_IDS,1,fog-1,1175.000,0.040000
FOG_NO_IDS_seed1,FOG_NO_IDS,1,fog-2,1175.000,0.040000
FOG_NO_IDS_seed1,FOG_NO_IDS,1,fog-3,1175.000,0.040000
FOG_NO_IDS_seed1,FOG_NO_IDS,1,cloud,1200.000,0.000000
FOG_NO_IDS_seed1,FOG_NO_IDS,1,proxy,1200.000,0.000000
FOG_NO_IDS_seed1,FOG_NO_IDS,1,fog-1,1200.000,0.000000
FOG_NO_IDS_seed1,FOG_NO_IDS,1,fog-2,1200.000,0.040000
FOG_NO_IDS_seed1,FOG_NO_IDS,1,fog-3,1200.000,0.000000
FOG_NO_IDS_seed1,FOG_NO_IDS,1,cloud,1225.000,0.000000
FOG_NO_IDS_seed1,FOG_NO_IDS,1,proxy,1225.000,0.000000
FOG_NO_IDS_seed1,FOG_NO_IDS,1,fog-1,1225.000,0.040000
FOG_NO_IDS_seed1,FOG_NO_IDS,1,fog-2,1225.000,0.080000
FOG_NO_IDS_seed1,FOG_NO_IDS,1,fog-3,1225.000,0.040000
FOG_NO_IDS_seed1,FOG_NO_IDS,1,cloud,1250.000,0.000000
FOG_NO_IDS_seed1,FOG_NO_IDS,1,proxy,1250.000,0.000000
FOG_NO_IDS_seed1,FOG_NO_IDS,1,fog-1,1250.000,0.000000
FOG_NO_IDS_seed1,FOG_NO_IDS,1,fog-2,1250.000,0.000000
FOG_NO_IDS_seed1,FOG_NO_IDS,1,fog-3,1250.000,0.000000
FOG_NO_IDS_seed1,FOG_NO_IDS,1,cloud,1275.000,0.000000
FOG_NO_IDS_seed1,FOG_NO_IDS,1,proxy,1275.000,0.000000
FOG_NO_IDS_seed1,FOG_NO_IDS,1,fog-1,1275.000,0.040000
FOG_NO_IDS_seed1,FOG_NO_IDS,1,fog-2,1275.000,0.040000
FOG_NO_IDS_seed1,FOG_NO_IDS,1,fog-3,1275.000,0.040000
FOG_NO_IDS_seed1,FOG_NO_IDS,1,cloud,1300.000,0.000000
FOG_NO_IDS_seed1,FOG_NO_IDS,1,proxy,1300.000,0.000000
FOG_NO_IDS_seed1,FOG_NO_IDS,1,fog-1,1300.000,0.000000
FOG_NO_IDS_seed1,FOG_NO_IDS,1,fog-2,1300.000,0.040000
FOG_NO_IDS_seed1,FOG_NO_IDS,1,fog-3,1300.000,0.000000
FOG_NO_IDS_seed1,FOG_NO_IDS,1,cloud,1325.000,0.000000
FOG_NO_IDS_seed1,FOG_NO_IDS,1,proxy,1325.000,0.000000
FOG_NO_IDS_seed1,FOG_NO_IDS,1,fog-1,1325.000,0.040000
FOG_NO_IDS_seed1,FOG_NO_IDS,1,fog-2,1325.000,0.080000
FOG_NO_IDS_seed1,FOG_NO_IDS,1,fog-3,1325.000,0.040000
FOG_NO_IDS_seed1,FOG_NO_IDS,1,cloud,1350.000,0.000000
FOG_NO_IDS_seed1,FOG_NO_IDS,1,proxy,1350.000,0.000000
FOG_NO_IDS_seed1,FOG_NO_IDS,1,fog-1,1350.000,0.000000
FOG_NO_IDS_seed1,FOG_NO_IDS,1,fog-2,1350.000,0.000000
FOG_NO_IDS_seed1,FOG_NO_IDS,1,fog-3,1350.000,0.000000
FOG_NO_IDS_seed1,FOG_NO_IDS,1,cloud,1375.000,0.000000
FOG_NO_IDS_seed1,FOG_NO_IDS,1,proxy,1375.000,0.000000
FOG_NO_IDS_seed1,FOG_NO_IDS,1,fog-1,1375.000,0.040000
FOG_NO_IDS_seed1,FOG_NO_IDS,1,fog-2,1375.000,0.040000
FOG_NO_IDS_seed1,FOG_NO_IDS,1,fog-3,1375.000,0.040000
FOG_NO_IDS_seed1,FOG_NO_IDS,1,cloud,1400.000,0.000000
FOG_NO_IDS_seed1,FOG_NO_IDS,1,proxy,1400.000,0.000000
FOG_NO_IDS_seed1,FOG_NO_IDS,1,fog-1,1400.000,0.000000
FOG_NO_IDS_seed1,FOG_NO_IDS,1,fog-2,1400.000,0.040000
FOG_NO_IDS_seed1,FOG_NO_IDS,1,fog-3,1400.000,0.040000
FOG_NO_IDS_seed1,FOG_NO_IDS,1,cloud,1425.000,0.000000
FOG_NO_IDS_seed1,FOG_NO_IDS,1,proxy,1425.000,0.000000
FOG_NO_IDS_seed1,FOG_NO_IDS,1,fog-1,1425.000,0.040000
FOG_NO_IDS_seed1,FOG_NO_IDS,1,fog-2,1425.000,0.080000
FOG_NO_IDS_seed1,FOG_NO_IDS,1,fog-3,1425.000,0.080000
FOG_NO_IDS_seed1,FOG_NO_IDS,1,cloud,1450.000,0.000000
FOG_NO_IDS_seed1,FOG_NO_IDS,1,proxy,1450.000,0.000000
FOG_NO_IDS_seed1,FOG_NO_IDS,1,fog-1,1450.000,0.000000
FOG_NO_IDS_seed1,FOG_NO_IDS,1,fog-2,1450.000,0.000000
FOG_NO_IDS_seed1,FOG_NO_IDS,1,fog-3,1450.000,0.000000
FOG_NO_IDS_seed1,FOG_NO_IDS,1,cloud,1475.000,0.000000
FOG_NO_IDS_seed1,FOG_NO_IDS,1,proxy,1475.000,0.000000
FOG_NO_IDS_seed1,FOG_NO_IDS,1,fog-1,1475.000,0.040000
FOG_NO_IDS_seed1,FOG_NO_IDS,1,fog-2,1475.000,0.040000
FOG_NO_IDS_seed1,FOG_NO_IDS,1,fog-3,1475.000,0.040000
FOG_NO_IDS_seed1,FOG_NO_IDS,1,cloud,1500.000,0.000000
FOG_NO_IDS_seed1,FOG_NO_IDS,1,proxy,1500.000,0.000000
FOG_NO_IDS_seed1,FOG_NO_IDS,1,fog-1,1500.000,0.040000
FOG_NO_IDS_seed1,FOG_NO_IDS,1,fog-2,1500.000,0.040000
FOG_NO_IDS_seed1,FOG_NO_IDS,1,fog-3,1500.000,0.040000
FOG_NO_IDS_seed1,FOG_NO_IDS,1,cloud,1525.000,0.000000
FOG_NO_IDS_seed1,FOG_NO_IDS,1,proxy,1525.000,0.000000
FOG_NO_IDS_seed1,FOG_NO_IDS,1,fog-1,1525.000,0.080000
FOG_NO_IDS_seed1,FOG_NO_IDS,1,fog-2,1525.000,0.080000
FOG_NO_IDS_seed1,FOG_NO_IDS,1,fog-3,1525.000,0.080000
FOG_NO_IDS_seed1,FOG_NO_IDS,1,cloud,1550.000,0.000000
FOG_NO_IDS_seed1,FOG_NO_IDS,1,proxy,1550.000,0.000000
FOG_NO_IDS_seed1,FOG_NO_IDS,1,fog-1,1550.000,0.000000
FOG_NO_IDS_seed1,FOG_NO_IDS,1,fog-2,1550.000,0.000000
FOG_NO_IDS_seed1,FOG_NO_IDS,1,fog-3,1550.000,0.000000
FOG_NO_IDS_seed1,FOG_NO_IDS,1,cloud,1575.000,0.000000
FOG_NO_IDS_seed1,FOG_NO_IDS,1,proxy,1575.000,0.000000
FOG_NO_IDS_seed1,FOG_NO_IDS,1,fog-1,1575.000,0.040000
FOG_NO_IDS_seed1,FOG_NO_IDS,1,fog-2,1575.000,0.040000
FOG_NO_IDS_seed1,FOG_NO_IDS,1,fog-3,1575.000,0.040000
FOG_NO_IDS_seed1,FOG_NO_IDS,1,cloud,1600.000,0.000000
FOG_NO_IDS_seed1,FOG_NO_IDS,1,proxy,1600.000,0.000000
FOG_NO_IDS_seed1,FOG_NO_IDS,1,fog-1,1600.000,0.040000
FOG_NO_IDS_seed1,FOG_NO_IDS,1,fog-2,1600.000,0.040000
FOG_NO_IDS_seed1,FOG_NO_IDS,1,fog-3,1600.000,0.000000
FOG_NO_IDS_seed1,FOG_NO_IDS,1,cloud,1625.000,0.000000
FOG_NO_IDS_seed1,FOG_NO_IDS,1,proxy,1625.000,0.000000
FOG_NO_IDS_seed1,FOG_NO_IDS,1,fog-1,1625.000,0.080000
FOG_NO_IDS_seed1,FOG_NO_IDS,1,fog-2,1625.000,0.080000
FOG_NO_IDS_seed1,FOG_NO_IDS,1,fog-3,1625.000,0.040000
FOG_NO_IDS_seed1,FOG_NO_IDS,1,cloud,1650.000,0.000000
FOG_NO_IDS_seed1,FOG_NO_IDS,1,proxy,1650.000,0.000000
FOG_NO_IDS_seed1,FOG_NO_IDS,1,fog-1,1650.000,0.000000
FOG_NO_IDS_seed1,FOG_NO_IDS,1,fog-2,1650.000,0.000000
FOG_NO_IDS_seed1,FOG_NO_IDS,1,fog-3,1650.000,0.000000
FOG_NO_IDS_seed1,FOG_NO_IDS,1,cloud,1675.000,0.000000
FOG_NO_IDS_seed1,FOG_NO_IDS,1,proxy,1675.000,0.000000
FOG_NO_IDS_seed1,FOG_NO_IDS,1,fog-1,1675.000,0.040000
FOG_NO_IDS_seed1,FOG_NO_IDS,1,fog-2,1675.000,0.040000
FOG_NO_IDS_seed1,FOG_NO_IDS,1,fog-3,1675.000,0.040000
FOG_NO_IDS_seed1,FOG_NO_IDS,1,cloud,1700.000,0.000000
FOG_NO_IDS_seed1,FOG_NO_IDS,1,proxy,1700.000,0.000000
FOG_NO_IDS_seed1,FOG_NO_IDS,1,fog-1,1700.000,0.040000
FOG_NO_IDS_seed1,FOG_NO_IDS,1,fog-2,1700.000,0.040000
FOG_NO_IDS_seed1,FOG_NO_IDS,1,fog-3,1700.000,0.040000
FOG_NO_IDS_seed1,FOG_NO_IDS,1,cloud,1725.000,0.000000
FOG_NO_IDS_seed1,FOG_NO_IDS,1,proxy,1725.000,0.000000
FOG_NO_IDS_seed1,FOG_NO_IDS,1,fog-1,1725.000,0.080000
FOG_NO_IDS_seed1,FOG_NO_IDS,1,fog-2,1725.000,0.080000
FOG_NO_IDS_seed1,FOG_NO_IDS,1,fog-3,1725.000,0.080000
FOG_NO_IDS_seed1,FOG_NO_IDS,1,cloud,1750.000,0.000000
FOG_NO_IDS_seed1,FOG_NO_IDS,1,proxy,1750.000,0.000000
FOG_NO_IDS_seed1,FOG_NO_IDS,1,fog-1,1750.000,0.000000
FOG_NO_IDS_seed1,FOG_NO_IDS,1,fog-2,1750.000,0.000000
FOG_NO_IDS_seed1,FOG_NO_IDS,1,fog-3,1750.000,0.000000
FOG_NO_IDS_seed1,FOG_NO_IDS,1,cloud,1775.000,0.000000
FOG_NO_IDS_seed1,FOG_NO_IDS,1,proxy,1775.000,0.000000
FOG_NO_IDS_seed1,FOG_NO_IDS,1,fog-1,1775.000,0.040000
FOG_NO_IDS_seed1,FOG_NO_IDS,1,fog-2,1775.000,0.040000
FOG_NO_IDS_seed1,FOG_NO_IDS,1,fog-3,1775.000,0.040000
FOG_NO_IDS_seed1,FOG_NO_IDS,1,cloud,1800.000,0.000000
FOG_NO_IDS_seed1,FOG_NO_IDS,1,proxy,1800.000,0.000000
FOG_NO_IDS_seed1,FOG_NO_IDS,1,fog-1,1800.000,0.040000
FOG_NO_IDS_seed1,FOG_NO_IDS,1,fog-2,1800.000,0.000000
FOG_NO_IDS_seed1,FOG_NO_IDS,1,fog-3,1800.000,0.000000
FOG_NO_IDS_seed1,FOG_NO_IDS,1,cloud,1825.000,0.000000
FOG_NO_IDS_seed1,FOG_NO_IDS,1,proxy,1825.000,0.000000
FOG_NO_IDS_seed1,FOG_NO_IDS,1,fog-1,1825.000,0.080000
FOG_NO_IDS_seed1,FOG_NO_IDS,1,fog-2,1825.000,0.040000
FOG_NO_IDS_seed1,FOG_NO_IDS,1,fog-3,1825.000,0.040000
FOG_NO_IDS_seed1,FOG_NO_IDS,1,cloud,1850.000,0.000000
FOG_NO_IDS_seed1,FOG_NO_IDS,1,proxy,1850.000,0.000000
FOG_NO_IDS_seed1,FOG_NO_IDS,1,fog-1,1850.000,0.000000
FOG_NO_IDS_seed1,FOG_NO_IDS,1,fog-2,1850.000,0.000000
FOG_NO_IDS_seed1,FOG_NO_IDS,1,fog-3,1850.000,0.000000
FOG_NO_IDS_seed1,FOG_NO_IDS,1,cloud,1875.000,0.000000
FOG_NO_IDS_seed1,FOG_NO_IDS,1,proxy,1875.000,0.000000
FOG_NO_IDS_seed1,FOG_NO_IDS,1,fog-1,1875.000,0.040000
FOG_NO_IDS_seed1,FOG_NO_IDS,1,fog-2,1875.000,0.040000
FOG_NO_IDS_seed1,FOG_NO_IDS,1,fog-3,1875.000,0.040000
FOG_NO_IDS_seed1,FOG_NO_IDS,1,cloud,1900.000,0.000000
FOG_NO_IDS_seed1,FOG_NO_IDS,1,proxy,1900.000,0.000000
FOG_NO_IDS_seed1,FOG_NO_IDS,1,fog-1,1900.000,0.000000
FOG_NO_IDS_seed1,FOG_NO_IDS,1,fog-2,1900.000,0.040000
FOG_NO_IDS_seed1,FOG_NO_IDS,1,fog-3,1900.000,0.040000
FOG_NO_IDS_seed1,FOG_NO_IDS,1,cloud,1925.000,0.000000
FOG_NO_IDS_seed1,FOG_NO_IDS,1,proxy,1925.000,0.000000
FOG_NO_IDS_seed1,FOG_NO_IDS,1,fog-1,1925.000,0.040000
FOG_NO_IDS_seed1,FOG_NO_IDS,1,fog-2,1925.000,0.080000
FOG_NO_IDS_seed1,FOG_NO_IDS,1,fog-3,1925.000,0.080000
FOG_NO_IDS_seed1,FOG_NO_IDS,1,cloud,1950.000,0.000000
FOG_NO_IDS_seed1,FOG_NO_IDS,1,proxy,1950.000,0.000000
FOG_NO_IDS_seed1,FOG_NO_IDS,1,fog-1,1950.000,0.000000
FOG_NO_IDS_seed1,FOG_NO_IDS,1,fog-2,1950.000,0.000000
FOG_NO_IDS_seed1,FOG_NO_IDS,1,fog-3,1950.000,0.000000
FOG_NO_IDS_seed1,FOG_NO_IDS,1,cloud,1975.000,0.000000
FOG_NO_IDS_seed1,FOG_NO_IDS,1,proxy,1975.000,0.000000
FOG_NO_IDS_seed1,FOG_NO_IDS,1,fog-1,1975.000,0.040000
FOG_NO_IDS_seed1,FOG_NO_IDS,1,fog-2,1975.000,0.040000
FOG_NO_IDS_seed1,FOG_NO_IDS,1,fog-3,1975.000,0.040000
FOG_NO_IDS_seed1,FOG_NO_IDS,1,cloud,2000.000,0.000000
FOG_NO_IDS_seed1,FOG_NO_IDS,1,proxy,2000.000,0.000000
FOG_NO_IDS_seed1,FOG_NO_IDS,1,fog-1,2000.000,0.000000
FOG_NO_IDS_seed1,FOG_NO_IDS,1,fog-2,2000.000,0.040000
FOG_NO_IDS_seed1,FOG_NO_IDS,1,fog-3,2000.000,0.000000
FOG_NO_IDS_seed1,FOG_NO_IDS,1,cloud,2025.000,0.000000
FOG_NO_IDS_seed1,FOG_NO_IDS,1,proxy,2025.000,0.000000
FOG_NO_IDS_seed1,FOG_NO_IDS,1,fog-1,2025.000,0.040000
FOG_NO_IDS_seed1,FOG_NO_IDS,1,fog-2,2025.000,0.080000
FOG_NO_IDS_seed1,FOG_NO_IDS,1,fog-3,2025.000,0.040000
FOG_NO_IDS_seed1,FOG_NO_IDS,1,cloud,2050.000,0.000000
FOG_NO_IDS_seed1,FOG_NO_IDS,1,proxy,2050.000,0.000000
FOG_NO_IDS_seed1,FOG_NO_IDS,1,fog-1,2050.000,0.000000
FOG_NO_IDS_seed1,FOG_NO_IDS,1,fog-2,2050.000,0.000000
FOG_NO_IDS_seed1,FOG_NO_IDS,1,fog-3,2050.000,0.000000
FOG_NO_IDS_seed1,FOG_NO_IDS,1,cloud,2075.000,0.000000
FOG_NO_IDS_seed1,FOG_NO_IDS,1,proxy,2075.000,0.000000
FOG_NO_IDS_seed1,FOG_NO_IDS,1,fog-1,2075.000,0.040000
FOG_NO_IDS_seed1,FOG_NO_IDS,1,fog-2,2075.000,0.040000
FOG_NO_IDS_seed1,FOG_NO_IDS,1,fog-3,2075.000,0.040000
FOG_NO_IDS_seed1,FOG_NO_IDS,1,cloud,2100.000,0.000000
FOG_NO_IDS_seed1,FOG_NO_IDS,1,proxy,2100.000,0.000000
FOG_NO_IDS_seed1,FOG_NO_IDS,1,fog-1,2100.000,0.000000
FOG_NO_IDS_seed1,FOG_NO_IDS,1,fog-2,2100.000,0.040000
FOG_NO_IDS_seed1,FOG_NO_IDS,1,fog-3,2100.000,0.000000
FOG_NO_IDS_seed1,FOG_NO_IDS,1,cloud,2125.000,0.000000
FOG_NO_IDS_seed1,FOG_NO_IDS,1,proxy,2125.000,0.000000
FOG_NO_IDS_seed1,FOG_NO_IDS,1,fog-1,2125.000,0.040000
FOG_NO_IDS_seed1,FOG_NO_IDS,1,fog-2,2125.000,0.080000
FOG_NO_IDS_seed1,FOG_NO_IDS,1,fog-3,2125.000,0.040000
FOG_NO_IDS_seed1,FOG_NO_IDS,1,cloud,2150.000,0.000000
FOG_NO_IDS_seed1,FOG_NO_IDS,1,proxy,2150.000,0.000000
FOG_NO_IDS_seed1,FOG_NO_IDS,1,fog-1,2150.000,0.000000
FOG_NO_IDS_seed1,FOG_NO_IDS,1,fog-2,2150.000,0.000000
FOG_NO_IDS_seed1,FOG_NO_IDS,1,fog-3,2150.000,0.000000
FOG_NO_IDS_seed1,FOG_NO_IDS,1,cloud,2175.000,0.000000
FOG_NO_IDS_seed1,FOG_NO_IDS,1,proxy,2175.000,0.000000
FOG_NO_IDS_seed1,FOG_NO_IDS,1,fog-1,2175.000,0.040000
FOG_NO_IDS_seed1,FOG_NO_IDS,1,fog-2,2175.000,0.040000
FOG_NO_IDS_seed1,FOG_NO_IDS,1,fog-3,2175.000,0.040000
FOG_NO_IDS_seed1,FOG_NO_IDS,1,cloud,2200.000,0.000000
FOG_NO_IDS_seed1,FOG_NO_IDS,1,proxy,2200.000,0.000000
FOG_NO_IDS_seed1,FOG_NO_IDS,1,fog-1,2200.000,0.040000
FOG_NO_IDS_seed1,FOG_NO_IDS,1,fog-2,2200.000,0.040000
FOG_NO_IDS_seed1,FOG_NO_IDS,1,fog-3,2200.000,0.040000
FOG_NO_IDS_seed1,FOG_NO_IDS,1,cloud,2225.000,0.000000
FOG_NO_IDS_seed1,FOG_NO_IDS,1,proxy,2225.000,0.000000
FOG_NO_IDS_seed1,FOG_NO_IDS,1,fog-1,2225.000,0.080000
FOG_NO_IDS_seed1,FOG_NO_IDS,1,fog-2,2225.000,0.080000
FOG_NO_IDS_seed1,FOG_NO_IDS,1,fog-3,2225.000,0.080000
FOG_NO_IDS_seed1,FOG_NO_IDS,1,cloud,2250.000,0.000000
FOG_NO_IDS_seed1,FOG_NO_IDS,1,proxy,2250.000,0.000000
FOG_NO_IDS_seed1,FOG_NO_IDS,1,fog-1,2250.000,0.000000
FOG_NO_IDS_seed1,FOG_NO_IDS,1,fog-2,2250.000,0.000000
FOG_NO_IDS_seed1,FOG_NO_IDS,1,fog-3,2250.000,0.000000
FOG_NO_IDS_seed1,FOG_NO_IDS,1,cloud,2275.000,0.000000
FOG_NO_IDS_seed1,FOG_NO_IDS,1,proxy,2275.000,0.000000
FOG_NO_IDS_seed1,FOG_NO_IDS,1,fog-1,2275.000,0.040000
FOG_NO_IDS_seed1,FOG_NO_IDS,1,fog-2,2275.000,0.040000
FOG_NO_IDS_seed1,FOG_NO_IDS,1,fog-3,2275.000,0.040000
FOG_NO_IDS_seed1,FOG_NO_IDS,1,cloud,2300.000,0.000000
FOG_NO_IDS_seed1,FOG_NO_IDS,1,proxy,2300.000,0.000000
FOG_NO_IDS_seed1,FOG_NO_IDS,1,fog-1,2300.000,0.000000
FOG_NO_IDS_seed1,FOG_NO_IDS,1,fog-2,2300.000,0.040000
FOG_NO_IDS_seed1,FOG_NO_IDS,1,fog-3,2300.000,0.000000
FOG_NO_IDS_seed1,FOG_NO_IDS,1,cloud,2325.000,0.000000
FOG_NO_IDS_seed1,FOG_NO_IDS,1,proxy,2325.000,0.000000
FOG_NO_IDS_seed1,FOG_NO_IDS,1,fog-1,2325.000,0.040000
FOG_NO_IDS_seed1,FOG_NO_IDS,1,fog-2,2325.000,0.080000
FOG_NO_IDS_seed1,FOG_NO_IDS,1,fog-3,2325.000,0.040000
FOG_NO_IDS_seed1,FOG_NO_IDS,1,cloud,2350.000,0.000000
FOG_NO_IDS_seed1,FOG_NO_IDS,1,proxy,2350.000,0.000000
FOG_NO_IDS_seed1,FOG_NO_IDS,1,fog-1,2350.000,0.000000
FOG_NO_IDS_seed1,FOG_NO_IDS,1,fog-2,2350.000,0.000000
FOG_NO_IDS_seed1,FOG_NO_IDS,1,fog-3,2350.000,0.000000
FOG_NO_IDS_seed1,FOG_NO_IDS,1,cloud,2375.000,0.000000
FOG_NO_IDS_seed1,FOG_NO_IDS,1,proxy,2375.000,0.000000
FOG_NO_IDS_seed1,FOG_NO_IDS,1,fog-1,2375.000,0.040000
FOG_NO_IDS_seed1,FOG_NO_IDS,1,fog-2,2375.000,0.040000
FOG_NO_IDS_seed1,FOG_NO_IDS,1,fog-3,2375.000,0.040000
FOG_NO_IDS_seed1,FOG_NO_IDS,1,cloud,2400.000,0.000000
FOG_NO_IDS_seed1,FOG_NO_IDS,1,proxy,2400.000,0.000000
FOG_NO_IDS_seed1,FOG_NO_IDS,1,fog-1,2400.000,0.040000
FOG_NO_IDS_seed1,FOG_NO_IDS,1,fog-2,2400.000,0.040000
FOG_NO_IDS_seed1,FOG_NO_IDS,1,fog-3,2400.000,0.040000
FOG_NO_IDS_seed1,FOG_NO_IDS,1,cloud,2425.000,0.000000
FOG_NO_IDS_seed1,FOG_NO_IDS,1,proxy,2425.000,0.000000
FOG_NO_IDS_seed1,FOG_NO_IDS,1,fog-1,2425.000,0.080000
FOG_NO_IDS_seed1,FOG_NO_IDS,1,fog-2,2425.000,0.080000
FOG_NO_IDS_seed1,FOG_NO_IDS,1,fog-3,2425.000,0.080000
FOG_NO_IDS_seed1,FOG_NO_IDS,1,cloud,2450.000,0.000000
FOG_NO_IDS_seed1,FOG_NO_IDS,1,proxy,2450.000,0.000000
FOG_NO_IDS_seed1,FOG_NO_IDS,1,fog-1,2450.000,0.000000
FOG_NO_IDS_seed1,FOG_NO_IDS,1,fog-2,2450.000,0.000000
FOG_NO_IDS_seed1,FOG_NO_IDS,1,fog-3,2450.000,0.000000
FOG_NO_IDS_seed1,FOG_NO_IDS,1,cloud,2475.000,0.000000
FOG_NO_IDS_seed1,FOG_NO_IDS,1,proxy,2475.000,0.000000
FOG_NO_IDS_seed1,FOG_NO_IDS,1,fog-1,2475.000,0.040000
FOG_NO_IDS_seed1,FOG_NO_IDS,1,fog-2,2475.000,0.040000
FOG_NO_IDS_seed1,FOG_NO_IDS,1,fog-3,2475.000,0.040000
FOG_NO_IDS_seed1,FOG_NO_IDS,1,cloud,2500.000,0.000000
FOG_NO_IDS_seed1,FOG_NO_IDS,1,proxy,2500.000,0.000000
FOG_NO_IDS_seed1,FOG_NO_IDS,1,fog-1,2500.000,0.040000
FOG_NO_IDS_seed1,FOG_NO_IDS,1,fog-2,2500.000,0.040000
FOG_NO_IDS_seed1,FOG_NO_IDS,1,fog-3,2500.000,0.000000
FOG_NO_IDS_seed1,FOG_NO_IDS,1,cloud,2525.000,0.000000
FOG_NO_IDS_seed1,FOG_NO_IDS,1,proxy,2525.000,0.000000
FOG_NO_IDS_seed1,FOG_NO_IDS,1,fog-1,2525.000,0.080000
FOG_NO_IDS_seed1,FOG_NO_IDS,1,fog-2,2525.000,0.080000
FOG_NO_IDS_seed1,FOG_NO_IDS,1,fog-3,2525.000,0.040000
FOG_NO_IDS_seed1,FOG_NO_IDS,1,cloud,2550.000,0.000000
FOG_NO_IDS_seed1,FOG_NO_IDS,1,proxy,2550.000,0.000000
FOG_NO_IDS_seed1,FOG_NO_IDS,1,fog-1,2550.000,0.000000
FOG_NO_IDS_seed1,FOG_NO_IDS,1,fog-2,2550.000,0.000000
FOG_NO_IDS_seed1,FOG_NO_IDS,1,fog-3,2550.000,0.000000
FOG_NO_IDS_seed1,FOG_NO_IDS,1,cloud,2575.000,0.000000
FOG_NO_IDS_seed1,FOG_NO_IDS,1,proxy,2575.000,0.000000
FOG_NO_IDS_seed1,FOG_NO_IDS,1,fog-1,2575.000,0.040000
FOG_NO_IDS_seed1,FOG_NO_IDS,1,fog-2,2575.000,0.040000
FOG_NO_IDS_seed1,FOG_NO_IDS,1,fog-3,2575.000,0.040000
FOG_NO_IDS_seed1,FOG_NO_IDS,1,cloud,2600.000,0.000000
FOG_NO_IDS_seed1,FOG_NO_IDS,1,proxy,2600.000,0.000000
FOG_NO_IDS_seed1,FOG_NO_IDS,1,fog-1,2600.000,0.000000
FOG_NO_IDS_seed1,FOG_NO_IDS,1,fog-2,2600.000,0.040000
FOG_NO_IDS_seed1,FOG_NO_IDS,1,fog-3,2600.000,0.000000
FOG_NO_IDS_seed1,FOG_NO_IDS,1,cloud,2625.000,0.000000
FOG_NO_IDS_seed1,FOG_NO_IDS,1,proxy,2625.000,0.000000
FOG_NO_IDS_seed1,FOG_NO_IDS,1,fog-1,2625.000,0.040000
FOG_NO_IDS_seed1,FOG_NO_IDS,1,fog-2,2625.000,0.080000
FOG_NO_IDS_seed1,FOG_NO_IDS,1,fog-3,2625.000,0.040000
FOG_NO_IDS_seed1,FOG_NO_IDS,1,cloud,2650.000,0.000000
FOG_NO_IDS_seed1,FOG_NO_IDS,1,proxy,2650.000,0.000000
FOG_NO_IDS_seed1,FOG_NO_IDS,1,fog-1,2650.000,0.000000
FOG_NO_IDS_seed1,FOG_NO_IDS,1,fog-2,2650.000,0.000000
FOG_NO_IDS_seed1,FOG_NO_IDS,1,fog-3,2650.000,0.000000
FOG_NO_IDS_seed1,FOG_NO_IDS,1,cloud,2675.000,0.000000
FOG_NO_IDS_seed1,FOG_NO_IDS,1,proxy,2675.000,0.000000
FOG_NO_IDS_seed1,FOG_NO_IDS,1,fog-1,2675.000,0.040000
FOG_NO_IDS_seed1,FOG_NO_IDS,1,fog-2,2675.000,0.040000
FOG_NO_IDS_seed1,FOG_NO_IDS,1,fog-3,2675.000,0.040000
FOG_NO_IDS_seed1,FOG_NO_IDS,1,cloud,2700.000,0.000000
FOG_NO_IDS_seed1,FOG_NO_IDS,1,proxy,2700.000,0.000000
FOG_NO_IDS_seed1,FOG_NO_IDS,1,fog-1,2700.000,0.040000
FOG_NO_IDS_seed1,FOG_NO_IDS,1,fog-2,2700.000,0.000000
FOG_NO_IDS_seed1,FOG_NO_IDS,1,fog-3,2700.000,0.040000
FOG_NO_IDS_seed1,FOG_NO_IDS,1,cloud,2725.000,0.000000
FOG_NO_IDS_seed1,FOG_NO_IDS,1,proxy,2725.000,0.000000
FOG_NO_IDS_seed1,FOG_NO_IDS,1,fog-1,2725.000,0.080000
FOG_NO_IDS_seed1,FOG_NO_IDS,1,fog-2,2725.000,0.040000
FOG_NO_IDS_seed1,FOG_NO_IDS,1,fog-3,2725.000,0.080000
FOG_NO_IDS_seed1,FOG_NO_IDS,1,cloud,2750.000,0.000000
FOG_NO_IDS_seed1,FOG_NO_IDS,1,proxy,2750.000,0.000000
FOG_NO_IDS_seed1,FOG_NO_IDS,1,fog-1,2750.000,0.000000
FOG_NO_IDS_seed1,FOG_NO_IDS,1,fog-2,2750.000,0.000000
FOG_NO_IDS_seed1,FOG_NO_IDS,1,fog-3,2750.000,0.000000
FOG_NO_IDS_seed1,FOG_NO_IDS,1,cloud,2775.000,0.000000
FOG_NO_IDS_seed1,FOG_NO_IDS,1,proxy,2775.000,0.000000
FOG_NO_IDS_seed1,FOG_NO_IDS,1,fog-1,2775.000,0.040000
FOG_NO_IDS_seed1,FOG_NO_IDS,1,fog-2,2775.000,0.040000
FOG_NO_IDS_seed1,FOG_NO_IDS,1,fog-3,2775.000,0.040000
FOG_NO_IDS_seed1,FOG_NO_IDS,1,cloud,2800.000,0.000000
FOG_NO_IDS_seed1,FOG_NO_IDS,1,proxy,2800.000,0.000000
FOG_NO_IDS_seed1,FOG_NO_IDS,1,fog-1,2800.000,0.000000
FOG_NO_IDS_seed1,FOG_NO_IDS,1,fog-2,2800.000,0.040000
FOG_NO_IDS_seed1,FOG_NO_IDS,1,fog-3,2800.000,0.040000
FOG_NO_IDS_seed1,FOG_NO_IDS,1,cloud,2825.000,0.000000
FOG_NO_IDS_seed1,FOG_NO_IDS,1,proxy,2825.000,0.000000
FOG_NO_IDS_seed1,FOG_NO_IDS,1,fog-1,2825.000,0.040000
FOG_NO_IDS_seed1,FOG_NO_IDS,1,fog-2,2825.000,0.080000
FOG_NO_IDS_seed1,FOG_NO_IDS,1,fog-3,2825.000,0.080000
FOG_NO_IDS_seed1,FOG_NO_IDS,1,cloud,2850.000,0.000000
FOG_NO_IDS_seed1,FOG_NO_IDS,1,proxy,2850.000,0.000000
FOG_NO_IDS_seed1,FOG_NO_IDS,1,fog-1,2850.000,0.000000
FOG_NO_IDS_seed1,FOG_NO_IDS,1,fog-2,2850.000,0.000000
FOG_NO_IDS_seed1,FOG_NO_IDS,1,fog-3,2850.000,0.000000
FOG_NO_IDS_seed1,FOG_NO_IDS,1,cloud,2875.000,0.000000
FOG_NO_IDS_seed1,FOG_NO_IDS,1,proxy,2875.000,0.000000
FOG_NO_IDS_seed1,FOG_NO_IDS,1,fog-1,2875.000,0.040000
FOG_NO_IDS_seed1,FOG_NO_IDS,1,fog-2,2875.000,0.040000
FOG_NO_IDS_seed1,FOG_NO_IDS,1,fog-3,2875.000,0.040000
FOG_NO_IDS_seed1,FOG_NO_IDS,1,cloud,2900.000,0.000000
FOG_NO_IDS_seed1,FOG_NO_IDS,1,proxy,2900.000,0.000000
FOG_NO_IDS_seed1,FOG_NO_IDS,1,fog-1,2900.000,0.040000
FOG_NO_IDS_seed1,FOG_NO_IDS,1,fog-2,2900.000,0.000000
FOG_NO_IDS_seed1,FOG_NO_IDS,1,fog-3,2900.000,0.040000
FOG_NO_IDS_seed1,FOG_NO_IDS,1,cloud,2925.000,0.000000
FOG_NO_IDS_seed1,FOG_NO_IDS,1,proxy,2925.000,0.000000
FOG_NO_IDS_seed1,FOG_NO_IDS,1,fog-1,2925.000,0.080000
FOG_NO_IDS_seed1,FOG_NO_IDS,1,fog-2,2925.000,0.040000
FOG_NO_IDS_seed1,FOG_NO_IDS,1,fog-3,2925.000,0.080000
FOG_NO_IDS_seed1,FOG_NO_IDS,1,cloud,2950.000,0.000000
FOG_NO_IDS_seed1,FOG_NO_IDS,1,proxy,2950.000,0.000000
FOG_NO_IDS_seed1,FOG_NO_IDS,1,fog-1,2950.000,0.000000
FOG_NO_IDS_seed1,FOG_NO_IDS,1,fog-2,2950.000,0.000000
FOG_NO_IDS_seed1,FOG_NO_IDS,1,fog-3,2950.000,0.000000
FOG_NO_IDS_seed1,FOG_NO_IDS,1,cloud,2975.000,0.000000
FOG_NO_IDS_seed1,FOG_NO_IDS,1,proxy,2975.000,0.000000
FOG_NO_IDS_seed1,FOG_NO_IDS,1,fog-1,2975.000,0.040000
FOG_NO_IDS_seed1,FOG_NO_IDS,1,fog-2,2975.000,0.040000
FOG_NO_IDS_seed1,FOG_NO_IDS,1,fog-3,2975.000,0.040000
FOG_NO_IDS_seed1,FOG_NO_IDS,1,cloud,3000.000,0.000000
FOG_NO_IDS_seed1,FOG_NO_IDS,1,proxy,3000.000,0.000000
FOG_NO_IDS_seed1,FOG_NO_IDS,1,fog-1,3000.000,0.040000
FOG_NO_IDS_seed1,FOG_NO_IDS,1,fog-2,3000.000,0.040000
FOG_NO_IDS_seed1,FOG_NO_IDS,1,fog-3,3000.000,0.040000
FOG_NO_IDS_seed1,FOG_NO_IDS,1,cloud,3025.000,0.000000
FOG_NO_IDS_seed1,FOG_NO_IDS,1,proxy,3025.000,0.000000
FOG_NO_IDS_seed1,FOG_NO_IDS,1,fog-1,3025.000,0.080000
FOG_NO_IDS_seed1,FOG_NO_IDS,1,fog-2,3025.000,0.080000
FOG_NO_IDS_seed1,FOG_NO_IDS,1,fog-3,3025.000,0.080000
FOG_NO_IDS_seed1,FOG_NO_IDS,1,cloud,3050.000,0.000000
FOG_NO_IDS_seed1,FOG_NO_IDS,1,proxy,3050.000,0.000000
FOG_NO_IDS_seed1,FOG_NO_IDS,1,fog-1,3050.000,0.000000
FOG_NO_IDS_seed1,FOG_NO_IDS,1,fog-2,3050.000,0.000000
FOG_NO_IDS_seed1,FOG_NO_IDS,1,fog-3,3050.000,0.000000
FOG_NO_IDS_seed1,FOG_NO_IDS,1,cloud,3075.000,0.000000
FOG_NO_IDS_seed1,FOG_NO_IDS,1,proxy,3075.000,0.000000
FOG_NO_IDS_seed1,FOG_NO_IDS,1,fog-1,3075.000,0.040000
FOG_NO_IDS_seed1,FOG_NO_IDS,1,fog-2,3075.000,0.040000
FOG_NO_IDS_seed1,FOG_NO_IDS,1,fog-3,3075.000,0.040000
FOG_NO_IDS_seed1,FOG_NO_IDS,1,cloud,3100.000,0.000000
FOG_NO_IDS_seed1,FOG_NO_IDS,1,proxy,3100.000,0.000000
FOG_NO_IDS_seed1,FOG_NO_IDS,1,fog-1,3100.000,0.040000
FOG_NO_IDS_seed1,FOG_NO_IDS,1,fog-2,3100.000,0.000000
FOG_NO_IDS_seed1,FOG_NO_IDS,1,fog-3,3100.000,0.040000
FOG_NO_IDS_seed1,FOG_NO_IDS,1,cloud,3125.000,0.000000
FOG_NO_IDS_seed1,FOG_NO_IDS,1,proxy,3125.000,0.000000
FOG_NO_IDS_seed1,FOG_NO_IDS,1,fog-1,3125.000,0.080000
FOG_NO_IDS_seed1,FOG_NO_IDS,1,fog-2,3125.000,0.040000
FOG_NO_IDS_seed1,FOG_NO_IDS,1,fog-3,3125.000,0.080000
FOG_NO_IDS_seed1,FOG_NO_IDS,1,cloud,3150.000,0.000000
FOG_NO_IDS_seed1,FOG_NO_IDS,1,proxy,3150.000,0.000000
FOG_NO_IDS_seed1,FOG_NO_IDS,1,fog-1,3150.000,0.000000
FOG_NO_IDS_seed1,FOG_NO_IDS,1,fog-2,3150.000,0.000000
FOG_NO_IDS_seed1,FOG_NO_IDS,1,fog-3,3150.000,0.000000
FOG_NO_IDS_seed1,FOG_NO_IDS,1,cloud,3175.000,0.000000
FOG_NO_IDS_seed1,FOG_NO_IDS,1,proxy,3175.000,0.000000
FOG_NO_IDS_seed1,FOG_NO_IDS,1,fog-1,3175.000,0.040000
FOG_NO_IDS_seed1,FOG_NO_IDS,1,fog-2,3175.000,0.040000
FOG_NO_IDS_seed1,FOG_NO_IDS,1,fog-3,3175.000,0.040000
FOG_NO_IDS_seed1,FOG_NO_IDS,1,cloud,3200.000,0.000000
FOG_NO_IDS_seed1,FOG_NO_IDS,1,proxy,3200.000,0.000000
FOG_NO_IDS_seed1,FOG_NO_IDS,1,fog-1,3200.000,0.000000
FOG_NO_IDS_seed1,FOG_NO_IDS,1,fog-2,3200.000,0.040000
FOG_NO_IDS_seed1,FOG_NO_IDS,1,fog-3,3200.000,0.040000
FOG_NO_IDS_seed1,FOG_NO_IDS,1,cloud,3225.000,0.000000
FOG_NO_IDS_seed1,FOG_NO_IDS,1,proxy,3225.000,0.000000
FOG_NO_IDS_seed1,FOG_NO_IDS,1,fog-1,3225.000,0.040000
FOG_NO_IDS_seed1,FOG_NO_IDS,1,fog-2,3225.000,0.080000
FOG_NO_IDS_seed1,FOG_NO_IDS,1,fog-3,3225.000,0.080000
FOG_NO_IDS_seed1,FOG_NO_IDS,1,cloud,3250.000,0.000000
FOG_NO_IDS_seed1,FOG_NO_IDS,1,proxy,3250.000,0.000000
FOG_NO_IDS_seed1,FOG_NO_IDS,1,fog-1,3250.000,0.000000
FOG_NO_IDS_seed1,FOG_NO_IDS,1,fog-2,3250.000,0.000000
FOG_NO_IDS_seed1,FOG_NO_IDS,1,fog-3,3250.000,0.000000
FOG_NO_IDS_seed1,FOG_NO_IDS,1,cloud,3275.000,0.000000
FOG_NO_IDS_seed1,FOG_NO_IDS,1,proxy,3275.000,0.000000
FOG_NO_IDS_seed1,FOG_NO_IDS,1,fog-1,3275.000,0.040000
FOG_NO_IDS_seed1,FOG_NO_IDS,1,fog-2,3275.000,0.040000
FOG_NO_IDS_seed1,FOG_NO_IDS,1,fog-3,3275.000,0.040000
FOG_NO_IDS_seed1,FOG_NO_IDS,1,cloud,3300.000,0.000000
FOG_NO_IDS_seed1,FOG_NO_IDS,1,proxy,3300.000,0.000000
FOG_NO_IDS_seed1,FOG_NO_IDS,1,fog-1,3300.000,0.000000
FOG_NO_IDS_seed1,FOG_NO_IDS,1,fog-2,3300.000,0.000000
FOG_NO_IDS_seed1,FOG_NO_IDS,1,fog-3,3300.000,0.000000
FOG_NO_IDS_seed1,FOG_NO_IDS,1,cloud,3325.000,0.000000
FOG_NO_IDS_seed1,FOG_NO_IDS,1,proxy,3325.000,0.000000
FOG_NO_IDS_seed1,FOG_NO_IDS,1,fog-1,3325.000,0.040000
FOG_NO_IDS_seed1,FOG_NO_IDS,1,fog-2,3325.000,0.040000
FOG_NO_IDS_seed1,FOG_NO_IDS,1,fog-3,3325.000,0.040000
FOG_NO_IDS_seed1,FOG_NO_IDS,1,cloud,3350.000,0.000000
FOG_NO_IDS_seed1,FOG_NO_IDS,1,proxy,3350.000,0.000000
FOG_NO_IDS_seed1,FOG_NO_IDS,1,fog-1,3350.000,0.000000
FOG_NO_IDS_seed1,FOG_NO_IDS,1,fog-2,3350.000,0.000000
FOG_NO_IDS_seed1,FOG_NO_IDS,1,fog-3,3350.000,0.000000
FOG_NO_IDS_seed1,FOG_NO_IDS,1,cloud,3375.000,0.000000
FOG_NO_IDS_seed1,FOG_NO_IDS,1,proxy,3375.000,0.000000
FOG_NO_IDS_seed1,FOG_NO_IDS,1,fog-1,3375.000,0.040000
FOG_NO_IDS_seed1,FOG_NO_IDS,1,fog-2,3375.000,0.040000
FOG_NO_IDS_seed1,FOG_NO_IDS,1,fog-3,3375.000,0.040000
FOG_NO_IDS_seed1,FOG_NO_IDS,1,cloud,3400.000,0.000000
FOG_NO_IDS_seed1,FOG_NO_IDS,1,proxy,3400.000,0.000000
FOG_NO_IDS_seed1,FOG_NO_IDS,1,fog-1,3400.000,0.040000
FOG_NO_IDS_seed1,FOG_NO_IDS,1,fog-2,3400.000,0.000000
FOG_NO_IDS_seed1,FOG_NO_IDS,1,fog-3,3400.000,0.040000
FOG_NO_IDS_seed1,FOG_NO_IDS,1,cloud,3425.000,0.000000
FOG_NO_IDS_seed1,FOG_NO_IDS,1,proxy,3425.000,0.000000
FOG_NO_IDS_seed1,FOG_NO_IDS,1,fog-1,3425.000,0.080000
FOG_NO_IDS_seed1,FOG_NO_IDS,1,fog-2,3425.000,0.040000
FOG_NO_IDS_seed1,FOG_NO_IDS,1,fog-3,3425.000,0.080000
FOG_NO_IDS_seed1,FOG_NO_IDS,1,cloud,3450.000,0.000000
FOG_NO_IDS_seed1,FOG_NO_IDS,1,proxy,3450.000,0.000000
FOG_NO_IDS_seed1,FOG_NO_IDS,1,fog-1,3450.000,0.000000
FOG_NO_IDS_seed1,FOG_NO_IDS,1,fog-2,3450.000,0.000000
FOG_NO_IDS_seed1,FOG_NO_IDS,1,fog-3,3450.000,0.000000
FOG_NO_IDS_seed1,FOG_NO_IDS,1,cloud,3475.000,0.000000
FOG_NO_IDS_seed1,FOG_NO_IDS,1,proxy,3475.000,0.000000
FOG_NO_IDS_seed1,FOG_NO_IDS,1,fog-1,3475.000,0.040000
FOG_NO_IDS_seed1,FOG_NO_IDS,1,fog-2,3475.000,0.040000
FOG_NO_IDS_seed1,FOG_NO_IDS,1,fog-3,3475.000,0.040000
FOG_NO_IDS_seed1,FOG_NO_IDS,1,cloud,3500.000,0.000000
FOG_NO_IDS_seed1,FOG_NO_IDS,1,proxy,3500.000,0.000000
FOG_NO_IDS_seed1,FOG_NO_IDS,1,fog-1,3500.000,0.040000
FOG_NO_IDS_seed1,FOG_NO_IDS,1,fog-2,3500.000,0.040000
FOG_NO_IDS_seed1,FOG_NO_IDS,1,fog-3,3500.000,0.000000
FOG_NO_IDS_seed1,FOG_NO_IDS,1,cloud,3525.000,0.000000
FOG_NO_IDS_seed1,FOG_NO_IDS,1,proxy,3525.000,0.000000
FOG_NO_IDS_seed1,FOG_NO_IDS,1,fog-1,3525.000,0.080000
FOG_NO_IDS_seed1,FOG_NO_IDS,1,fog-2,3525.000,0.080000
FOG_NO_IDS_seed1,FOG_NO_IDS,1,fog-3,3525.000,0.040000
FOG_NO_IDS_seed1,FOG_NO_IDS,1,cloud,3550.000,0.000000
FOG_NO_IDS_seed1,FOG_NO_IDS,1,proxy,3550.000,0.000000
FOG_NO_IDS_seed1,FOG_NO_IDS,1,fog-1,3550.000,0.000000
FOG_NO_IDS_seed1,FOG_NO_IDS,1,fog-2,3550.000,0.000000
FOG_NO_IDS_seed1,FOG_NO_IDS,1,fog-3,3550.000,0.000000
FOG_NO_IDS_seed1,FOG_NO_IDS,1,cloud,3575.000,0.000000
FOG_NO_IDS_seed1,FOG_NO_IDS,1,proxy,3575.000,0.000000
FOG_NO_IDS_seed1,FOG_NO_IDS,1,fog-1,3575.000,0.040000
FOG_NO_IDS_seed1,FOG_NO_IDS,1,fog-2,3575.000,0.040000
FOG_NO_IDS_seed1,FOG_NO_IDS,1,fog-3,3575.000,0.040000
FOG_NO_IDS_seed1,FOG_NO_IDS,1,cloud,3600.000,0.000000
FOG_NO_IDS_seed1,FOG_NO_IDS,1,proxy,3600.000,0.000000
FOG_NO_IDS_seed1,FOG_NO_IDS,1,fog-1,3600.000,0.000000
FOG_NO_IDS_seed1,FOG_NO_IDS,1,fog-2,3600.000,0.040000
FOG_NO_IDS_seed1,FOG_NO_IDS,1,fog-3,3600.000,0.040000
FOG_NO_IDS_seed1,FOG_NO_IDS,1,cloud,3625.000,0.000000
FOG_NO_IDS_seed1,FOG_NO_IDS,1,proxy,3625.000,0.000000
FOG_NO_IDS_seed1,FOG_NO_IDS,1,fog-1,3625.000,0.040000
FOG_NO_IDS_seed1,FOG_NO_IDS,1,fog-2,3625.000,0.080000
FOG_NO_IDS_seed1,FOG_NO_IDS,1,fog-3,3625.000,0.080000
FOG_NO_IDS_seed1,FOG_NO_IDS,1,cloud,3650.000,0.000000
FOG_NO_IDS_seed1,FOG_NO_IDS,1,proxy,3650.000,0.000000
FOG_NO_IDS_seed1,FOG_NO_IDS,1,fog-1,3650.000,0.000000
FOG_NO_IDS_seed1,FOG_NO_IDS,1,fog-2,3650.000,0.000000
FOG_NO_IDS_seed1,FOG_NO_IDS,1,fog-3,3650.000,0.000000
FOG_NO_IDS_seed1,FOG_NO_IDS,1,cloud,3675.000,0.000000
FOG_NO_IDS_seed1,FOG_NO_IDS,1,proxy,3675.000,0.000000
FOG_NO_IDS_seed1,FOG_NO_IDS,1,fog-1,3675.000,0.040000
FOG_NO_IDS_seed1,FOG_NO_IDS,1,fog-2,3675.000,0.040000
FOG_NO_IDS_seed1,FOG_NO_IDS,1,fog-3,3675.000,0.040000
FOG_NO_IDS_seed1,FOG_NO_IDS,1,cloud,3700.000,0.000000
FOG_NO_IDS_seed1,FOG_NO_IDS,1,proxy,3700.000,0.000000
FOG_NO_IDS_seed1,FOG_NO_IDS,1,fog-1,3700.000,0.040000
FOG_NO_IDS_seed1,FOG_NO_IDS,1,fog-2,3700.000,0.040000
FOG_NO_IDS_seed1,FOG_NO_IDS,1,fog-3,3700.000,0.000000
FOG_NO_IDS_seed1,FOG_NO_IDS,1,cloud,3725.000,0.000000
FOG_NO_IDS_seed1,FOG_NO_IDS,1,proxy,3725.000,0.000000
FOG_NO_IDS_seed1,FOG_NO_IDS,1,fog-1,3725.000,0.080000
FOG_NO_IDS_seed1,FOG_NO_IDS,1,fog-2,3725.000,0.080000
FOG_NO_IDS_seed1,FOG_NO_IDS,1,fog-3,3725.000,0.040000
FOG_NO_IDS_seed1,FOG_NO_IDS,1,cloud,3750.000,0.000000
FOG_NO_IDS_seed1,FOG_NO_IDS,1,proxy,3750.000,0.000000
FOG_NO_IDS_seed1,FOG_NO_IDS,1,fog-1,3750.000,0.000000
FOG_NO_IDS_seed1,FOG_NO_IDS,1,fog-2,3750.000,0.000000
FOG_NO_IDS_seed1,FOG_NO_IDS,1,fog-3,3750.000,0.000000
FOG_NO_IDS_seed1,FOG_NO_IDS,1,cloud,3775.000,0.000000
FOG_NO_IDS_seed1,FOG_NO_IDS,1,proxy,3775.000,0.000000
FOG_NO_IDS_seed1,FOG_NO_IDS,1,fog-1,3775.000,0.040000
FOG_NO_IDS_seed1,FOG_NO_IDS,1,fog-2,3775.000,0.040000
FOG_NO_IDS_seed1,FOG_NO_IDS,1,fog-3,3775.000,0.040000
FOG_NO_IDS_seed1,FOG_NO_IDS,1,cloud,3800.000,0.000000
FOG_NO_IDS_seed1,FOG_NO_IDS,1,proxy,3800.000,0.000000
FOG_NO_IDS_seed1,FOG_NO_IDS,1,fog-1,3800.000,0.000000
FOG_NO_IDS_seed1,FOG_NO_IDS,1,fog-2,3800.000,0.040000
FOG_NO_IDS_seed1,FOG_NO_IDS,1,fog-3,3800.000,0.040000
FOG_NO_IDS_seed1,FOG_NO_IDS,1,cloud,3825.000,0.000000
FOG_NO_IDS_seed1,FOG_NO_IDS,1,proxy,3825.000,0.000000
FOG_NO_IDS_seed1,FOG_NO_IDS,1,fog-1,3825.000,0.040000
FOG_NO_IDS_seed1,FOG_NO_IDS,1,fog-2,3825.000,0.080000
FOG_NO_IDS_seed1,FOG_NO_IDS,1,fog-3,3825.000,0.080000
FOG_NO_IDS_seed1,FOG_NO_IDS,1,cloud,3850.000,0.000000
FOG_NO_IDS_seed1,FOG_NO_IDS,1,proxy,3850.000,0.000000
FOG_NO_IDS_seed1,FOG_NO_IDS,1,fog-1,3850.000,0.000000
FOG_NO_IDS_seed1,FOG_NO_IDS,1,fog-2,3850.000,0.000000
FOG_NO_IDS_seed1,FOG_NO_IDS,1,fog-3,3850.000,0.000000
FOG_NO_IDS_seed1,FOG_NO_IDS,1,cloud,3875.000,0.000000
FOG_NO_IDS_seed1,FOG_NO_IDS,1,proxy,3875.000,0.000000
FOG_NO_IDS_seed1,FOG_NO_IDS,1,fog-1,3875.000,0.040000
FOG_NO_IDS_seed1,FOG_NO_IDS,1,fog-2,3875.000,0.040000
FOG_NO_IDS_seed1,FOG_NO_IDS,1,fog-3,3875.000,0.040000
FOG_NO_IDS_seed1,FOG_NO_IDS,1,cloud,3900.000,0.000000
FOG_NO_IDS_seed1,FOG_NO_IDS,1,proxy,3900.000,0.000000
FOG_NO_IDS_seed1,FOG_NO_IDS,1,fog-1,3900.000,0.040000
FOG_NO_IDS_seed1,FOG_NO_IDS,1,fog-2,3900.000,0.040000
FOG_NO_IDS_seed1,FOG_NO_IDS,1,fog-3,3900.000,0.000000
FOG_NO_IDS_seed1,FOG_NO_IDS,1,cloud,3925.000,0.000000
FOG_NO_IDS_seed1,FOG_NO_IDS,1,proxy,3925.000,0.000000
FOG_NO_IDS_seed1,FOG_NO_IDS,1,fog-1,3925.000,0.080000
FOG_NO_IDS_seed1,FOG_NO_IDS,1,fog-2,3925.000,0.080000
FOG_NO_IDS_seed1,FOG_NO_IDS,1,fog-3,3925.000,0.040000
FOG_NO_IDS_seed1,FOG_NO_IDS,1,cloud,3950.000,0.000000
FOG_NO_IDS_seed1,FOG_NO_IDS,1,proxy,3950.000,0.000000
FOG_NO_IDS_seed1,FOG_NO_IDS,1,fog-1,3950.000,0.000000
FOG_NO_IDS_seed1,FOG_NO_IDS,1,fog-2,3950.000,0.000000
FOG_NO_IDS_seed1,FOG_NO_IDS,1,fog-3,3950.000,0.000000
FOG_NO_IDS_seed1,FOG_NO_IDS,1,cloud,3975.000,0.000000
FOG_NO_IDS_seed1,FOG_NO_IDS,1,proxy,3975.000,0.000000
FOG_NO_IDS_seed1,FOG_NO_IDS,1,fog-1,3975.000,0.040000
FOG_NO_IDS_seed1,FOG_NO_IDS,1,fog-2,3975.000,0.040000
FOG_NO_IDS_seed1,FOG_NO_IDS,1,fog-3,3975.000,0.040000
FOG_NO_IDS_seed1,FOG_NO_IDS,1,cloud,4000.000,0.000000
FOG_NO_IDS_seed1,FOG_NO_IDS,1,proxy,4000.000,0.000000
FOG_NO_IDS_seed1,FOG_NO_IDS,1,fog-1,4000.000,0.000000
FOG_NO_IDS_seed1,FOG_NO_IDS,1,fog-2,4000.000,0.040000
FOG_NO_IDS_seed1,FOG_NO_IDS,1,fog-3,4000.000,0.040000
FOG_NO_IDS_seed1,FOG_NO_IDS,1,cloud,4025.000,0.000000
FOG_NO_IDS_seed1,FOG_NO_IDS,1,proxy,4025.000,0.000000
FOG_NO_IDS_seed1,FOG_NO_IDS,1,fog-1,4025.000,0.040000
FOG_NO_IDS_seed1,FOG_NO_IDS,1,fog-2,4025.000,0.080000
FOG_NO_IDS_seed1,FOG_NO_IDS,1,fog-3,4025.000,0.080000
FOG_NO_IDS_seed1,FOG_NO_IDS,1,cloud,4050.000,0.000000
FOG_NO_IDS_seed1,FOG_NO_IDS,1,proxy,4050.000,0.000000
FOG_NO_IDS_seed1,FOG_NO_IDS,1,fog-1,4050.000,0.000000
FOG_NO_IDS_seed1,FOG_NO_IDS,1,fog-2,4050.000,0.000000
FOG_NO_IDS_seed1,FOG_NO_IDS,1,fog-3,4050.000,0.000000
FOG_NO_IDS_seed1,FOG_NO_IDS,1,cloud,4075.000,0.000000
FOG_NO_IDS_seed1,FOG_NO_IDS,1,proxy,4075.000,0.000000
FOG_NO_IDS_seed1,FOG_NO_IDS,1,fog-1,4075.000,0.040000
FOG_NO_IDS_seed1,FOG_NO_IDS,1,fog-2,4075.000,0.040000
FOG_NO_IDS_seed1,FOG_NO_IDS,1,fog-3,4075.000,0.040000
FOG_NO_IDS_seed1,FOG_NO_IDS,1,cloud,4100.000,0.000000
FOG_NO_IDS_seed1,FOG_NO_IDS,1,proxy,4100.000,0.000000
FOG_NO_IDS_seed1,FOG_NO_IDS,1,fog-1,4100.000,0.000000
FOG_NO_IDS_seed1,FOG_NO_IDS,1,fog-2,4100.000,0.000000
FOG_NO_IDS_seed1,FOG_NO_IDS,1,fog-3,4100.000,0.000000
FOG_NO_IDS_seed1,FOG_NO_IDS,1,cloud,4125.000,0.000000
FOG_NO_IDS_seed1,FOG_NO_IDS,1,proxy,4125.000,0.000000
FOG_NO_IDS_seed1,FOG_NO_IDS,1,fog-1,4125.000,0.040000
FOG_NO_IDS_seed1,FOG_NO_IDS,1,fog-2,4125.000,0.040000
FOG_NO_IDS_seed1,FOG_NO_IDS,1,fog-3,4125.000,0.040000
FOG_NO_IDS_seed1,FOG_NO_IDS,1,cloud,4150.000,0.000000
FOG_NO_IDS_seed1,FOG_NO_IDS,1,proxy,4150.000,0.000000
FOG_NO_IDS_seed1,FOG_NO_IDS,1,fog-1,4150.000,0.000000
FOG_NO_IDS_seed1,FOG_NO_IDS,1,fog-2,4150.000,0.000000
FOG_NO_IDS_seed1,FOG_NO_IDS,1,fog-3,4150.000,0.000000
FOG_NO_IDS_seed1,FOG_NO_IDS,1,cloud,4175.000,0.000000
FOG_NO_IDS_seed1,FOG_NO_IDS,1,proxy,4175.000,0.000000
FOG_NO_IDS_seed1,FOG_NO_IDS,1,fog-1,4175.000,0.040000
FOG_NO_IDS_seed1,FOG_NO_IDS,1,fog-2,4175.000,0.040000
FOG_NO_IDS_seed1,FOG_NO_IDS,1,fog-3,4175.000,0.040000
FOG_NO_IDS_seed1,FOG_NO_IDS,1,cloud,4200.000,0.000000
FOG_NO_IDS_seed1,FOG_NO_IDS,1,proxy,4200.000,0.000000
FOG_NO_IDS_seed1,FOG_NO_IDS,1,fog-1,4200.000,0.040000
FOG_NO_IDS_seed1,FOG_NO_IDS,1,fog-2,4200.000,0.000000
FOG_NO_IDS_seed1,FOG_NO_IDS,1,fog-3,4200.000,0.000000
FOG_NO_IDS_seed1,FOG_NO_IDS,1,cloud,4225.000,0.000000
FOG_NO_IDS_seed1,FOG_NO_IDS,1,proxy,4225.000,0.000000
FOG_NO_IDS_seed1,FOG_NO_IDS,1,fog-1,4225.000,0.080000
FOG_NO_IDS_seed1,FOG_NO_IDS,1,fog-2,4225.000,0.040000
FOG_NO_IDS_seed1,FOG_NO_IDS,1,fog-3,4225.000,0.040000
FOG_NO_IDS_seed1,FOG_NO_IDS,1,cloud,4250.000,0.000000
FOG_NO_IDS_seed1,FOG_NO_IDS,1,proxy,4250.000,0.000000
FOG_NO_IDS_seed1,FOG_NO_IDS,1,fog-1,4250.000,0.000000
FOG_NO_IDS_seed1,FOG_NO_IDS,1,fog-2,4250.000,0.000000
FOG_NO_IDS_seed1,FOG_NO_IDS,1,fog-3,4250.000,0.000000
FOG_NO_IDS_seed1,FOG_NO_IDS,1,cloud,4275.000,0.000000
FOG_NO_IDS_seed1,FOG_NO_IDS,1,proxy,4275.000,0.000000
FOG_NO_IDS_seed1,FOG_NO_IDS,1,fog-1,4275.000,0.040000
FOG_NO_IDS_seed1,FOG_NO_IDS,1,fog-2,4275.000,0.040000
FOG_NO_IDS_seed1,FOG_NO_IDS,1,fog-3,4275.000,0.040000
FOG_NO_IDS_seed1,FOG_NO_IDS,1,cloud,4300.000,0.000000
FOG_NO_IDS_seed1,FOG_NO_IDS,1,proxy,4300.000,0.000000
FOG_NO_IDS_seed1,FOG_NO_IDS,1,fog-1,4300.000,0.000000
FOG_NO_IDS_seed1,FOG_NO_IDS,1,fog-2,4300.000,0.000000
FOG_NO_IDS_seed1,FOG_NO_IDS,1,fog-3,4300.000,0.040000
FOG_NO_IDS_seed1,FOG_NO_IDS,1,cloud,4325.000,0.000000
FOG_NO_IDS_seed1,FOG_NO_IDS,1,proxy,4325.000,0.000000
FOG_NO_IDS_seed1,FOG_NO_IDS,1,fog-1,4325.000,0.040000
FOG_NO_IDS_seed1,FOG_NO_IDS,1,fog-2,4325.000,0.040000
FOG_NO_IDS_seed1,FOG_NO_IDS,1,fog-3,4325.000,0.080000
FOG_NO_IDS_seed1,FOG_NO_IDS,1,cloud,4350.000,0.000000
FOG_NO_IDS_seed1,FOG_NO_IDS,1,proxy,4350.000,0.000000
FOG_NO_IDS_seed1,FOG_NO_IDS,1,fog-1,4350.000,0.000000
FOG_NO_IDS_seed1,FOG_NO_IDS,1,fog-2,4350.000,0.000000
FOG_NO_IDS_seed1,FOG_NO_IDS,1,fog-3,4350.000,0.000000
FOG_NO_IDS_seed1,FOG_NO_IDS,1,cloud,4375.000,0.000000
FOG_NO_IDS_seed1,FOG_NO_IDS,1,proxy,4375.000,0.000000
FOG_NO_IDS_seed1,FOG_NO_IDS,1,fog-1,4375.000,0.040000
FOG_NO_IDS_seed1,FOG_NO_IDS,1,fog-2,4375.000,0.040000
FOG_NO_IDS_seed1,FOG_NO_IDS,1,fog-3,4375.000,0.040000
FOG_NO_IDS_seed1,FOG_NO_IDS,1,cloud,4400.000,0.000000
FOG_NO_IDS_seed1,FOG_NO_IDS,1,proxy,4400.000,0.000000
FOG_NO_IDS_seed1,FOG_NO_IDS,1,fog-1,4400.000,0.000000
FOG_NO_IDS_seed1,FOG_NO_IDS,1,fog-2,4400.000,0.040000
FOG_NO_IDS_seed1,FOG_NO_IDS,1,fog-3,4400.000,0.040000
FOG_NO_IDS_seed1,FOG_NO_IDS,1,cloud,4425.000,0.000000
FOG_NO_IDS_seed1,FOG_NO_IDS,1,proxy,4425.000,0.000000
FOG_NO_IDS_seed1,FOG_NO_IDS,1,fog-1,4425.000,0.040000
FOG_NO_IDS_seed1,FOG_NO_IDS,1,fog-2,4425.000,0.080000
FOG_NO_IDS_seed1,FOG_NO_IDS,1,fog-3,4425.000,0.080000
FOG_NO_IDS_seed1,FOG_NO_IDS,1,cloud,4450.000,0.000000
FOG_NO_IDS_seed1,FOG_NO_IDS,1,proxy,4450.000,0.000000
FOG_NO_IDS_seed1,FOG_NO_IDS,1,fog-1,4450.000,0.000000
FOG_NO_IDS_seed1,FOG_NO_IDS,1,fog-2,4450.000,0.000000
FOG_NO_IDS_seed1,FOG_NO_IDS,1,fog-3,4450.000,0.000000
FOG_NO_IDS_seed1,FOG_NO_IDS,1,cloud,4475.000,0.000000
FOG_NO_IDS_seed1,FOG_NO_IDS,1,proxy,4475.000,0.000000
FOG_NO_IDS_seed1,FOG_NO_IDS,1,fog-1,4475.000,0.040000
FOG_NO_IDS_seed1,FOG_NO_IDS,1,fog-2,4475.000,0.040000
FOG_NO_IDS_seed1,FOG_NO_IDS,1,fog-3,4475.000,0.040000
FOG_NO_IDS_seed1,FOG_NO_IDS,1,cloud,4500.000,0.000000
FOG_NO_IDS_seed1,FOG_NO_IDS,1,proxy,4500.000,0.000000
FOG_NO_IDS_seed1,FOG_NO_IDS,1,fog-1,4500.000,0.000000
FOG_NO_IDS_seed1,FOG_NO_IDS,1,fog-2,4500.000,0.040000
FOG_NO_IDS_seed1,FOG_NO_IDS,1,fog-3,4500.000,0.040000
FOG_NO_IDS_seed1,FOG_NO_IDS,1,cloud,4525.000,0.000000
FOG_NO_IDS_seed1,FOG_NO_IDS,1,proxy,4525.000,0.000000
FOG_NO_IDS_seed1,FOG_NO_IDS,1,fog-1,4525.000,0.040000
FOG_NO_IDS_seed1,FOG_NO_IDS,1,fog-2,4525.000,0.080000
FOG_NO_IDS_seed1,FOG_NO_IDS,1,fog-3,4525.000,0.080000
FOG_NO_IDS_seed1,FOG_NO_IDS,1,cloud,4550.000,0.000000
FOG_NO_IDS_seed1,FOG_NO_IDS,1,proxy,4550.000,0.000000
FOG_NO_IDS_seed1,FOG_NO_IDS,1,fog-1,4550.000,0.000000
FOG_NO_IDS_seed1,FOG_NO_IDS,1,fog-2,4550.000,0.000000
FOG_NO_IDS_seed1,FOG_NO_IDS,1,fog-3,4550.000,0.000000
FOG_NO_IDS_seed1,FOG_NO_IDS,1,cloud,4575.000,0.000000
FOG_NO_IDS_seed1,FOG_NO_IDS,1,proxy,4575.000,0.000000
FOG_NO_IDS_seed1,FOG_NO_IDS,1,fog-1,4575.000,0.040000
FOG_NO_IDS_seed1,FOG_NO_IDS,1,fog-2,4575.000,0.040000
FOG_NO_IDS_seed1,FOG_NO_IDS,1,fog-3,4575.000,0.040000
FOG_NO_IDS_seed1,FOG_NO_IDS,1,cloud,4600.000,0.000000
FOG_NO_IDS_seed1,FOG_NO_IDS,1,proxy,4600.000,0.000000
FOG_NO_IDS_seed1,FOG_NO_IDS,1,fog-1,4600.000,0.040000
FOG_NO_IDS_seed1,FOG_NO_IDS,1,fog-2,4600.000,0.040000
FOG_NO_IDS_seed1,FOG_NO_IDS,1,fog-3,4600.000,0.040000
FOG_NO_IDS_seed1,FOG_NO_IDS,1,cloud,4625.000,0.000000
FOG_NO_IDS_seed1,FOG_NO_IDS,1,proxy,4625.000,0.000000
FOG_NO_IDS_seed1,FOG_NO_IDS,1,fog-1,4625.000,0.080000
FOG_NO_IDS_seed1,FOG_NO_IDS,1,fog-2,4625.000,0.080000
FOG_NO_IDS_seed1,FOG_NO_IDS,1,fog-3,4625.000,0.080000
FOG_NO_IDS_seed1,FOG_NO_IDS,1,cloud,4650.000,0.000000
FOG_NO_IDS_seed1,FOG_NO_IDS,1,proxy,4650.000,0.000000
FOG_NO_IDS_seed1,FOG_NO_IDS,1,fog-1,4650.000,0.000000
FOG_NO_IDS_seed1,FOG_NO_IDS,1,fog-2,4650.000,0.000000
FOG_NO_IDS_seed1,FOG_NO_IDS,1,fog-3,4650.000,0.000000
FOG_NO_IDS_seed1,FOG_NO_IDS,1,cloud,4675.000,0.000000
FOG_NO_IDS_seed1,FOG_NO_IDS,1,proxy,4675.000,0.000000
FOG_NO_IDS_seed1,FOG_NO_IDS,1,fog-1,4675.000,0.040000
FOG_NO_IDS_seed1,FOG_NO_IDS,1,fog-2,4675.000,0.040000
FOG_NO_IDS_seed1,FOG_NO_IDS,1,fog-3,4675.000,0.040000
FOG_NO_IDS_seed1,FOG_NO_IDS,1,cloud,4700.000,0.000000
FOG_NO_IDS_seed1,FOG_NO_IDS,1,proxy,4700.000,0.000000
FOG_NO_IDS_seed1,FOG_NO_IDS,1,fog-1,4700.000,0.040000
FOG_NO_IDS_seed1,FOG_NO_IDS,1,fog-2,4700.000,0.040000
FOG_NO_IDS_seed1,FOG_NO_IDS,1,fog-3,4700.000,0.000000
FOG_NO_IDS_seed1,FOG_NO_IDS,1,cloud,4725.000,0.000000
FOG_NO_IDS_seed1,FOG_NO_IDS,1,proxy,4725.000,0.000000
FOG_NO_IDS_seed1,FOG_NO_IDS,1,fog-1,4725.000,0.080000
FOG_NO_IDS_seed1,FOG_NO_IDS,1,fog-2,4725.000,0.080000
FOG_NO_IDS_seed1,FOG_NO_IDS,1,fog-3,4725.000,0.040000
FOG_NO_IDS_seed1,FOG_NO_IDS,1,cloud,4750.000,0.000000
FOG_NO_IDS_seed1,FOG_NO_IDS,1,proxy,4750.000,0.000000
FOG_NO_IDS_seed1,FOG_NO_IDS,1,fog-1,4750.000,0.000000
FOG_NO_IDS_seed1,FOG_NO_IDS,1,fog-2,4750.000,0.000000
FOG_NO_IDS_seed1,FOG_NO_IDS,1,fog-3,4750.000,0.000000
FOG_NO_IDS_seed1,FOG_NO_IDS,1,cloud,4775.000,0.000000
FOG_NO_IDS_seed1,FOG_NO_IDS,1,proxy,4775.000,0.000000
FOG_NO_IDS_seed1,FOG_NO_IDS,1,fog-1,4775.000,0.040000
FOG_NO_IDS_seed1,FOG_NO_IDS,1,fog-2,4775.000,0.040000
FOG_NO_IDS_seed1,FOG_NO_IDS,1,fog-3,4775.000,0.040000
FOG_NO_IDS_seed1,FOG_NO_IDS,1,cloud,4800.000,0.000000
FOG_NO_IDS_seed1,FOG_NO_IDS,1,proxy,4800.000,0.000000
FOG_NO_IDS_seed1,FOG_NO_IDS,1,fog-1,4800.000,0.000000
FOG_NO_IDS_seed1,FOG_NO_IDS,1,fog-2,4800.000,0.040000
FOG_NO_IDS_seed1,FOG_NO_IDS,1,fog-3,4800.000,0.000000
FOG_NO_IDS_seed1,FOG_NO_IDS,1,cloud,4825.000,0.000000
FOG_NO_IDS_seed1,FOG_NO_IDS,1,proxy,4825.000,0.000000
FOG_NO_IDS_seed1,FOG_NO_IDS,1,fog-1,4825.000,0.040000
FOG_NO_IDS_seed1,FOG_NO_IDS,1,fog-2,4825.000,0.080000
FOG_NO_IDS_seed1,FOG_NO_IDS,1,fog-3,4825.000,0.040000
FOG_NO_IDS_seed1,FOG_NO_IDS,1,cloud,4850.000,0.000000
FOG_NO_IDS_seed1,FOG_NO_IDS,1,proxy,4850.000,0.000000
FOG_NO_IDS_seed1,FOG_NO_IDS,1,fog-1,4850.000,0.000000
FOG_NO_IDS_seed1,FOG_NO_IDS,1,fog-2,4850.000,0.000000
FOG_NO_IDS_seed1,FOG_NO_IDS,1,fog-3,4850.000,0.000000
FOG_NO_IDS_seed1,FOG_NO_IDS,1,cloud,4875.000,0.000000
FOG_NO_IDS_seed1,FOG_NO_IDS,1,proxy,4875.000,0.000000
FOG_NO_IDS_seed1,FOG_NO_IDS,1,fog-1,4875.000,0.040000
FOG_NO_IDS_seed1,FOG_NO_IDS,1,fog-2,4875.000,0.040000
FOG_NO_IDS_seed1,FOG_NO_IDS,1,fog-3,4875.000,0.040000
FOG_NO_IDS_seed1,FOG_NO_IDS,1,cloud,4900.000,0.000000
FOG_NO_IDS_seed1,FOG_NO_IDS,1,proxy,4900.000,0.000000
FOG_NO_IDS_seed1,FOG_NO_IDS,1,fog-1,4900.000,0.000000
FOG_NO_IDS_seed1,FOG_NO_IDS,1,fog-2,4900.000,0.040000
FOG_NO_IDS_seed1,FOG_NO_IDS,1,fog-3,4900.000,0.000000
FOG_NO_IDS_seed1,FOG_NO_IDS,1,cloud,4925.000,0.000000
FOG_NO_IDS_seed1,FOG_NO_IDS,1,proxy,4925.000,0.000000
FOG_NO_IDS_seed1,FOG_NO_IDS,1,fog-1,4925.000,0.040000
FOG_NO_IDS_seed1,FOG_NO_IDS,1,fog-2,4925.000,0.080000
FOG_NO_IDS_seed1,FOG_NO_IDS,1,fog-3,4925.000,0.040000
FOG_NO_IDS_seed1,FOG_NO_IDS,1,cloud,4950.000,0.000000
FOG_NO_IDS_seed1,FOG_NO_IDS,1,proxy,4950.000,0.000000
FOG_NO_IDS_seed1,FOG_NO_IDS,1,fog-1,4950.000,0.000000
FOG_NO_IDS_seed1,FOG_NO_IDS,1,fog-2,4950.000,0.000000
FOG_NO_IDS_seed1,FOG_NO_IDS,1,fog-3,4950.000,0.000000
FOG_NO_IDS_seed1,FOG_NO_IDS,1,cloud,4975.000,0.000000
FOG_NO_IDS_seed1,FOG_NO_IDS,1,proxy,4975.000,0.000000
FOG_NO_IDS_seed1,FOG_NO_IDS,1,fog-1,4975.000,0.040000
FOG_NO_IDS_seed1,FOG_NO_IDS,1,fog-2,4975.000,0.040000
FOG_NO_IDS_seed1,FOG_NO_IDS,1,fog-3,4975.000,0.040000
FOG_NO_IDS_seed1,FOG_NO_IDS,1,cloud,5000.000,0.000000
FOG_NO_IDS_seed1,FOG_NO_IDS,1,proxy,5000.000,0.000000
FOG_NO_IDS_seed1,FOG_NO_IDS,1,fog-1,5000.000,0.000000
FOG_NO_IDS_seed1,FOG_NO_IDS,1,fog-2,5000.000,0.000000
FOG_NO_IDS_seed1,FOG_NO_IDS,1,fog-3,5000.000,0.000000
FOG_NO_IDS_seed2,FOG_NO_IDS,2,cloud,25.000,0.000179
FOG_NO_IDS_seed2,FOG_NO_IDS,2,proxy,25.000,0.000000
FOG_NO_IDS_seed2,FOG_NO_IDS,2,fog-1,25.000,0.002500
FOG_NO_IDS_seed2,FOG_NO_IDS,2,fog-2,25.000,0.002500
FOG_NO_IDS_seed2,FOG_NO_IDS,2,fog-3,25.000,0.002500
FOG_NO_IDS_seed2,FOG_NO_IDS,2,cloud,50.000,0.000179
FOG_NO_IDS_seed2,FOG_NO_IDS,2,proxy,50.000,0.000000
FOG_NO_IDS_seed2,FOG_NO_IDS,2,fog-1,50.000,0.002500
FOG_NO_IDS_seed2,FOG_NO_IDS,2,fog-2,50.000,0.002500
FOG_NO_IDS_seed2,FOG_NO_IDS,2,fog-3,50.000,0.002500
FOG_NO_IDS_seed2,FOG_NO_IDS,2,cloud,75.000,0.000179
FOG_NO_IDS_seed2,FOG_NO_IDS,2,proxy,75.000,0.000000
FOG_NO_IDS_seed2,FOG_NO_IDS,2,fog-1,75.000,0.002500
FOG_NO_IDS_seed2,FOG_NO_IDS,2,fog-2,75.000,0.002500
FOG_NO_IDS_seed2,FOG_NO_IDS,2,fog-3,75.000,0.002500
FOG_NO_IDS_seed2,FOG_NO_IDS,2,cloud,100.000,0.000179
FOG_NO_IDS_seed2,FOG_NO_IDS,2,proxy,100.000,0.000000
FOG_NO_IDS_seed2,FOG_NO_IDS,2,fog-1,100.000,0.002500
FOG_NO_IDS_seed2,FOG_NO_IDS,2,fog-2,100.000,0.002500
FOG_NO_IDS_seed2,FOG_NO_IDS,2,fog-3,100.000,0.002500
FOG_NO_IDS_seed2,FOG_NO_IDS,2,cloud,125.000,0.000179
FOG_NO_IDS_seed2,FOG_NO_IDS,2,proxy,125.000,0.000000
FOG_NO_IDS_seed2,FOG_NO_IDS,2,fog-1,125.000,0.040100
FOG_NO_IDS_seed2,FOG_NO_IDS,2,fog-2,125.000,0.040100
FOG_NO_IDS_seed2,FOG_NO_IDS,2,fog-3,125.000,0.040100
FOG_NO_IDS_seed2,FOG_NO_IDS,2,cloud,150.000,0.000179
FOG_NO_IDS_seed2,FOG_NO_IDS,2,proxy,150.000,0.000000
FOG_NO_IDS_seed2,FOG_NO_IDS,2,fog-1,150.000,0.000000
FOG_NO_IDS_seed2,FOG_NO_IDS,2,fog-2,150.000,0.000000
FOG_NO_IDS_seed2,FOG_NO_IDS,2,fog-3,150.000,0.000000
FOG_NO_IDS_seed2,FOG_NO_IDS,2,cloud,175.000,0.000071
FOG_NO_IDS_seed2,FOG_NO_IDS,2,proxy,175.000,0.000000
FOG_NO_IDS_seed2,FOG_NO_IDS,2,fog-1,175.000,0.040000
FOG_NO_IDS_seed2,FOG_NO_IDS,2,fog-2,175.000,0.040000
FOG_NO_IDS_seed2,FOG_NO_IDS,2,fog-3,175.000,0.040000
FOG_NO_IDS_seed2,FOG_NO_IDS,2,cloud,200.000,0.000000
FOG_NO_IDS_seed2,FOG_NO_IDS,2,proxy,200.000,0.000000
FOG_NO_IDS_seed2,FOG_NO_IDS,2,fog-1,200.000,0.000000
FOG_NO_IDS_seed2,FOG_NO_IDS,2,fog-2,200.000,0.040000
FOG_NO_IDS_seed2,FOG_NO_IDS,2,fog-3,200.000,0.040000
FOG_NO_IDS_seed2,FOG_NO_IDS,2,cloud,225.000,0.000000
FOG_NO_IDS_seed2,FOG_NO_IDS,2,proxy,225.000,0.000000
FOG_NO_IDS_seed2,FOG_NO_IDS,2,fog-1,225.000,0.040000
FOG_NO_IDS_seed2,FOG_NO_IDS,2,fog-2,225.000,0.080000
FOG_NO_IDS_seed2,FOG_NO_IDS,2,fog-3,225.000,0.080000
FOG_NO_IDS_seed2,FOG_NO_IDS,2,cloud,250.000,0.000000
FOG_NO_IDS_seed2,FOG_NO_IDS,2,proxy,250.000,0.000000
FOG_NO_IDS_seed2,FOG_NO_IDS,2,fog-1,250.000,0.000000
FOG_NO_IDS_seed2,FOG_NO_IDS,2,fog-2,250.000,0.000000
FOG_NO_IDS_seed2,FOG_NO_IDS,2,fog-3,250.000,0.000000
FOG_NO_IDS_seed2,FOG_NO_IDS,2,cloud,275.000,0.000000
FOG_NO_IDS_seed2,FOG_NO_IDS,2,proxy,275.000,0.000000
FOG_NO_IDS_seed2,FOG_NO_IDS,2,fog-1,275.000,0.040000
FOG_NO_IDS_seed2,FOG_NO_IDS,2,fog-2,275.000,0.040000
FOG_NO_IDS_seed2,FOG_NO_IDS,2,fog-3,275.000,0.040000
FOG_NO_IDS_seed2,FOG_NO_IDS,2,cloud,300.000,0.000000
FOG_NO_IDS_seed2,FOG_NO_IDS,2,proxy,300.000,0.000000
FOG_NO_IDS_seed2,FOG_NO_IDS,2,fog-1,300.000,0.040000
FOG_NO_IDS_seed2,FOG_NO_IDS,2,fog-2,300.000,0.040000
FOG_NO_IDS_seed2,FOG_NO_IDS,2,fog-3,300.000,0.000000
FOG_NO_IDS_seed2,FOG_NO_IDS,2,cloud,325.000,0.000000
FOG_NO_IDS_seed2,FOG_NO_IDS,2,proxy,325.000,0.000000
FOG_NO_IDS_seed2,FOG_NO_IDS,2,fog-1,325.000,0.080000
FOG_NO_IDS_seed2,FOG_NO_IDS,2,fog-2,325.000,0.080000
FOG_NO_IDS_seed2,FOG_NO_IDS,2,fog-3,325.000,0.040000
FOG_NO_IDS_seed2,FOG_NO_IDS,2,cloud,350.000,0.000000
FOG_NO_IDS_seed2,FOG_NO_IDS,2,proxy,350.000,0.000000
FOG_NO_IDS_seed2,FOG_NO_IDS,2,fog-1,350.000,0.000000
FOG_NO_IDS_seed2,FOG_NO_IDS,2,fog-2,350.000,0.000000
FOG_NO_IDS_seed2,FOG_NO_IDS,2,fog-3,350.000,0.000000
FOG_NO_IDS_seed2,FOG_NO_IDS,2,cloud,375.000,0.000000
FOG_NO_IDS_seed2,FOG_NO_IDS,2,proxy,375.000,0.000000
FOG_NO_IDS_seed2,FOG_NO_IDS,2,fog-1,375.000,0.040000
FOG_NO_IDS_seed2,FOG_NO_IDS,2,fog-2,375.000,0.040000
FOG_NO_IDS_seed2,FOG_NO_IDS,2,fog-3,375.000,0.040000
FOG_NO_IDS_seed2,FOG_NO_IDS,2,cloud,400.000,0.000000
FOG_NO_IDS_seed2,FOG_NO_IDS,2,proxy,400.000,0.000000
FOG_NO_IDS_seed2,FOG_NO_IDS,2,fog-1,400.000,0.000000
FOG_NO_IDS_seed2,FOG_NO_IDS,2,fog-2,400.000,0.040000
FOG_NO_IDS_seed2,FOG_NO_IDS,2,fog-3,400.000,0.040000
FOG_NO_IDS_seed2,FOG_NO_IDS,2,cloud,425.000,0.000000
FOG_NO_IDS_seed2,FOG_NO_IDS,2,proxy,425.000,0.000000
FOG_NO_IDS_seed2,FOG_NO_IDS,2,fog-1,425.000,0.040000
FOG_NO_IDS_seed2,FOG_NO_IDS,2,fog-2,425.000,0.080000
FOG_NO_IDS_seed2,FOG_NO_IDS,2,fog-3,425.000,0.080000
FOG_NO_IDS_seed2,FOG_NO_IDS,2,cloud,450.000,0.000000
FOG_NO_IDS_seed2,FOG_NO_IDS,2,proxy,450.000,0.000000
FOG_NO_IDS_seed2,FOG_NO_IDS,2,fog-1,450.000,0.000000
FOG_NO_IDS_seed2,FOG_NO_IDS,2,fog-2,450.000,0.000000
FOG_NO_IDS_seed2,FOG_NO_IDS,2,fog-3,450.000,0.000000
FOG_NO_IDS_seed2,FOG_NO_IDS,2,cloud,475.000,0.000000
FOG_NO_IDS_seed2,FOG_NO_IDS,2,proxy,475.000,0.000000
FOG_NO_IDS_seed2,FOG_NO_IDS,2,fog-1,475.000,0.040000
FOG_NO_IDS_seed2,FOG_NO_IDS,2,fog-2,475.000,0.040000
FOG_NO_IDS_seed2,FOG_NO_IDS,2,fog-3,475.000,0.040000
FOG_NO_IDS_seed2,FOG_NO_IDS,2,cloud,500.000,0.000000
FOG_NO_IDS_seed2,FOG_NO_IDS,2,proxy,500.000,0.000000
FOG_NO_IDS_seed2,FOG_NO_IDS,2,fog-1,500.000,0.000000
FOG_NO_IDS_seed2,FOG_NO_IDS,2,fog-2,500.000,0.040000
FOG_NO_IDS_seed2,FOG_NO_IDS,2,fog-3,500.000,0.000000
FOG_NO_IDS_seed2,FOG_NO_IDS,2,cloud,525.000,0.000000
FOG_NO_IDS_seed2,FOG_NO_IDS,2,proxy,525.000,0.000000
FOG_NO_IDS_seed2,FOG_NO_IDS,2,fog-1,525.000,0.040000
FOG_NO_IDS_seed2,FOG_NO_IDS,2,fog-2,525.000,0.080000
FOG_NO_IDS_seed2,FOG_NO_IDS,2,fog-3,525.000,0.040000
FOG_NO_IDS_seed2,FOG_NO_IDS,2,cloud,550.000,0.000000
FOG_NO_IDS_seed2,FOG_NO_IDS,2,proxy,550.000,0.000000
FOG_NO_IDS_seed2,FOG_NO_IDS,2,fog-1,550.000,0.000000
FOG_NO_IDS_seed2,FOG_NO_IDS,2,fog-2,550.000,0.000000
FOG_NO_IDS_seed2,FOG_NO_IDS,2,fog-3,550.000,0.000000
FOG_NO_IDS_seed2,FOG_NO_IDS,2,cloud,575.000,0.000000
FOG_NO_IDS_seed2,FOG_NO_IDS,2,proxy,575.000,0.000000
FOG_NO_IDS_seed2,FOG_NO_IDS,2,fog-1,575.000,0.040000
FOG_NO_IDS_seed2,FOG_NO_IDS,2,fog-2,575.000,0.040000
FOG_NO_IDS_seed2,FOG_NO_IDS,2,fog-3,575.000,0.040000
FOG_NO_IDS_seed2,FOG_NO_IDS,2,cloud,600.000,0.000000
FOG_NO_IDS_seed2,FOG_NO_IDS,2,proxy,600.000,0.000000
FOG_NO_IDS_seed2,FOG_NO_IDS,2,fog-1,600.000,0.040000
FOG_NO_IDS_seed2,FOG_NO_IDS,2,fog-2,600.000,0.000000
FOG_NO_IDS_seed2,FOG_NO_IDS,2,fog-3,600.000,0.040000
FOG_NO_IDS_seed2,FOG_NO_IDS,2,cloud,625.000,0.000000
FOG_NO_IDS_seed2,FOG_NO_IDS,2,proxy,625.000,0.000000
FOG_NO_IDS_seed2,FOG_NO_IDS,2,fog-1,625.000,0.080000
FOG_NO_IDS_seed2,FOG_NO_IDS,2,fog-2,625.000,0.040000
FOG_NO_IDS_seed2,FOG_NO_IDS,2,fog-3,625.000,0.080000
FOG_NO_IDS_seed2,FOG_NO_IDS,2,cloud,650.000,0.000000
FOG_NO_IDS_seed2,FOG_NO_IDS,2,proxy,650.000,0.000000
FOG_NO_IDS_seed2,FOG_NO_IDS,2,fog-1,650.000,0.000000
FOG_NO_IDS_seed2,FOG_NO_IDS,2,fog-2,650.000,0.000000
FOG_NO_IDS_seed2,FOG_NO_IDS,2,fog-3,650.000,0.000000
FOG_NO_IDS_seed2,FOG_NO_IDS,2,cloud,675.000,0.000000
FOG_NO_IDS_seed2,FOG_NO_IDS,2,proxy,675.000,0.000000
FOG_NO_IDS_seed2,FOG_NO_IDS,2,fog-1,675.000,0.040000
FOG_NO_IDS_seed2,FOG_NO_IDS,2,fog-2,675.000,0.040000
FOG_NO_IDS_seed2,FOG_NO_IDS,2,fog-3,675.000,0.040000
FOG_NO_IDS_seed2,FOG_NO_IDS,2,cloud,700.000,0.000000
FOG_NO_IDS_seed2,FOG_NO_IDS,2,proxy,700.000,0.000000
FOG_NO_IDS_seed2,FOG_NO_IDS,2,fog-1,700.000,0.000000
FOG_NO_IDS_seed2,FOG_NO_IDS,2,fog-2,700.000,0.040000
FOG_NO_IDS_seed2,FOG_NO_IDS,2,fog-3,700.000,0.040000
FOG_NO_IDS_seed2,FOG_NO_IDS,2,cloud,725.000,0.000000
FOG_NO_IDS_seed2,FOG_NO_IDS,2,proxy,725.000,0.000000
FOG_NO_IDS_seed2,FOG_NO_IDS,2,fog-1,725.000,0.040000
FOG_NO_IDS_seed2,FOG_NO_IDS,2,fog-2,725.000,0.080000
FOG_NO_IDS_seed2,FOG_NO_IDS,2,fog-3,725.000,0.080000
FOG_NO_IDS_seed2,FOG_NO_IDS,2,cloud,750.000,0.000000
FOG_NO_IDS_seed2,FOG_NO_IDS,2,proxy,750.000,0.000000
FOG_NO_IDS_seed2,FOG_NO_IDS,2,fog-1,750.000,0.000000
FOG_NO_IDS_seed2,FOG_NO_IDS,2,fog-2,750.000,0.000000
FOG_NO_IDS_seed2,FOG_NO_IDS,2,fog-3,750.000,0.000000
FOG_NO_IDS_seed2,FOG_NO_IDS,2,cloud,775.000,0.000000
FOG_NO_IDS_seed2,FOG_NO_IDS,2,proxy,775.000,0.000000
FOG_NO_IDS_seed2,FOG_NO_IDS,2,fog-1,775.000,0.040000
FOG_NO_IDS_seed2,FOG_NO_IDS,2,fog-2,775.000,0.040000
FOG_NO_IDS_seed2,FOG_NO_IDS,2,fog-3,775.000,0.040000
FOG_NO_IDS_seed2,FOG_NO_IDS,2,cloud,800.000,0.000000
FOG_NO_IDS_seed2,FOG_NO_IDS,2,proxy,800.000,0.000000
FOG_NO_IDS_seed2,FOG_NO_IDS,2,fog-1,800.000,0.000000
FOG_NO_IDS_seed2,FOG_NO_IDS,2,fog-2,800.000,0.040000
FOG_NO_IDS_seed2,FOG_NO_IDS,2,fog-3,800.000,0.000000
FOG_NO_IDS_seed2,FOG_NO_IDS,2,cloud,825.000,0.000000
FOG_NO_IDS_seed2,FOG_NO_IDS,2,proxy,825.000,0.000000
FOG_NO_IDS_seed2,FOG_NO_IDS,2,fog-1,825.000,0.040000
FOG_NO_IDS_seed2,FOG_NO_IDS,2,fog-2,825.000,0.080000
FOG_NO_IDS_seed2,FOG_NO_IDS,2,fog-3,825.000,0.040000
FOG_NO_IDS_seed2,FOG_NO_IDS,2,cloud,850.000,0.000000
FOG_NO_IDS_seed2,FOG_NO_IDS,2,proxy,850.000,0.000000
FOG_NO_IDS_seed2,FOG_NO_IDS,2,fog-1,850.000,0.000000
FOG_NO_IDS_seed2,FOG_NO_IDS,2,fog-2,850.000,0.000000
FOG_NO_IDS_seed2,FOG_NO_IDS,2,fog-3,850.000,0.000000
FOG_NO_IDS_seed2,FOG_NO_IDS,2,cloud,875.000,0.000000
FOG_NO_IDS_seed2,FOG_NO_IDS,2,proxy,875.000,0.000000
FOG_NO_IDS_seed2,FOG_NO_IDS,2,fog-1,875.000,0.040000
FOG_NO_IDS_seed2,FOG_NO_IDS,2,fog-2,875.000,0.040000
FOG_NO_IDS_seed2,FOG_NO_IDS,2,fog-3,875.000,0.040000
FOG_NO_IDS_seed2,FOG_NO_IDS,2,cloud,900.000,0.000000
FOG_NO_IDS_seed2,FOG_NO_IDS,2,proxy,900.000,0.000000
FOG_NO_IDS_seed2,FOG_NO_IDS,2,fog-1,900.000,0.000000
FOG_NO_IDS_seed2,FOG_NO_IDS,2,fog-2,900.000,0.040000
FOG_NO_IDS_seed2,FOG_NO_IDS,2,fog-3,900.000,0.000000
FOG_NO_IDS_seed2,FOG_NO_IDS,2,cloud,925.000,0.000000
FOG_NO_IDS_seed2,FOG_NO_IDS,2,proxy,925.000,0.000000
FOG_NO_IDS_seed2,FOG_NO_IDS,2,fog-1,925.000,0.040000
FOG_NO_IDS_seed2,FOG_NO_IDS,2,fog-2,925.000,0.080000
FOG_NO_IDS_seed2,FOG_NO_IDS,2,fog-3,925.000,0.040000
FOG_NO_IDS_seed2,FOG_NO_IDS,2,cloud,950.000,0.000000
FOG_NO_IDS_seed2,FOG_NO_IDS,2,proxy,950.000,0.000000
FOG_NO_IDS_seed2,FOG_NO_IDS,2,fog-1,950.000,0.000000
FOG_NO_IDS_seed2,FOG_NO_IDS,2,fog-2,950.000,0.000000
FOG_NO_IDS_seed2,FOG_NO_IDS,2,fog-3,950.000,0.000000
FOG_NO_IDS_seed2,FOG_NO_IDS,2,cloud,975.000,0.000000
FOG_NO_IDS_seed2,FOG_NO_IDS,2,proxy,975.000,0.000000
FOG_NO_IDS_seed2,FOG_NO_IDS,2,fog-1,975.000,0.040000
FOG_NO_IDS_seed2,FOG_NO_IDS,2,fog-2,975.000,0.040000
FOG_NO_IDS_seed2,FOG_NO_IDS,2,fog-3,975.000,0.040000
FOG_NO_IDS_seed2,FOG_NO_IDS,2,cloud,1000.000,0.000000
FOG_NO_IDS_seed2,FOG_NO_IDS,2,proxy,1000.000,0.000000
FOG_NO_IDS_seed2,FOG_NO_IDS,2,fog-1,1000.000,0.040000
FOG_NO_IDS_seed2,FOG_NO_IDS,2,fog-2,1000.000,0.040000
FOG_NO_IDS_seed2,FOG_NO_IDS,2,fog-3,1000.000,0.040000
FOG_NO_IDS_seed2,FOG_NO_IDS,2,cloud,1025.000,0.000000
FOG_NO_IDS_seed2,FOG_NO_IDS,2,proxy,1025.000,0.000000
FOG_NO_IDS_seed2,FOG_NO_IDS,2,fog-1,1025.000,0.080000
FOG_NO_IDS_seed2,FOG_NO_IDS,2,fog-2,1025.000,0.080000
FOG_NO_IDS_seed2,FOG_NO_IDS,2,fog-3,1025.000,0.080000
FOG_NO_IDS_seed2,FOG_NO_IDS,2,cloud,1050.000,0.000000
FOG_NO_IDS_seed2,FOG_NO_IDS,2,proxy,1050.000,0.000000
FOG_NO_IDS_seed2,FOG_NO_IDS,2,fog-1,1050.000,0.000000
FOG_NO_IDS_seed2,FOG_NO_IDS,2,fog-2,1050.000,0.000000
FOG_NO_IDS_seed2,FOG_NO_IDS,2,fog-3,1050.000,0.000000
FOG_NO_IDS_seed2,FOG_NO_IDS,2,cloud,1075.000,0.000000
FOG_NO_IDS_seed2,FOG_NO_IDS,2,proxy,1075.000,0.000000
FOG_NO_IDS_seed2,FOG_NO_IDS,2,fog-1,1075.000,0.040000
FOG_NO_IDS_seed2,FOG_NO_IDS,2,fog-2,1075.000,0.040000
FOG_NO_IDS_seed2,FOG_NO_IDS,2,fog-3,1075.000,0.040000
FOG_NO_IDS_seed2,FOG_NO_IDS,2,cloud,1100.000,0.000000
FOG_NO_IDS_seed2,FOG_NO_IDS,2,proxy,1100.000,0.000000
FOG_NO_IDS_seed2,FOG_NO_IDS,2,fog-1,1100.000,0.000000
FOG_NO_IDS_seed2,FOG_NO_IDS,2,fog-2,1100.000,0.000000
FOG_NO_IDS_seed2,FOG_NO_IDS,2,fog-3,1100.000,0.000000
FOG_NO_IDS_seed2,FOG_NO_IDS,2,cloud,1125.000,0.000000
FOG_NO_IDS_seed2,FOG_NO_IDS,2,proxy,1125.000,0.000000
FOG_NO_IDS_seed2,FOG_NO_IDS,2,fog-1,1125.000,0.040000
FOG_NO_IDS_seed2,FOG_NO_IDS,2,fog-2,1125.000,0.040000
FOG_NO_IDS_seed2,FOG_NO_IDS,2,fog-3,1125.000,0.040000
FOG_NO_IDS_seed2,FOG_NO_IDS,2,cloud,1150.000,0.000000
FOG_NO_IDS_seed2,FOG_NO_IDS,2,proxy,1150.000,0.000000
FOG_NO_IDS_seed2,FOG_NO_IDS,2,fog-1,1150.000,0.000000
FOG_NO_IDS_seed2,FOG_NO_IDS,2,fog-2,1150.000,0.000000
FOG_NO_IDS_seed2,FOG_NO_IDS,2,fog-3,1150.000,0.000000
FOG_NO_IDS_seed2,FOG_NO_IDS,2,cloud,1175.000,0.000000
FOG_NO_IDS_seed2,FOG_NO_IDS,2,proxy,1175.000,0.000000
FOG_NO_IDS_seed2,FOG_NO_IDS,2,fog-1,1175.000,0.040000
FOG_NO_IDS_seed2,FOG_NO_IDS,2,fog-2,1175.000,0.040000
FOG_NO_IDS_seed2,FOG_NO_IDS,2,fog-3,1175.000,0.040000
FOG_NO_IDS_seed2,FOG_NO_IDS,2,cloud,1200.000,0.000000
FOG_NO_IDS_seed2,FOG_NO_IDS,2,proxy,1200.000,0.000000
FOG_NO_IDS_seed2,FOG_NO_IDS,2,fog-1,1200.000,0.040000
FOG_NO_IDS_seed2,FOG_NO_IDS,2,fog-2,1200.000,0.040000
FOG_NO_IDS_seed2,FOG_NO_IDS,2,fog-3,1200.000,0.000000
FOG_NO_IDS_seed2,FOG_NO_IDS,2,cloud,1225.000,0.000000
FOG_NO_IDS_seed2,FOG_NO_IDS,2,proxy,1225.000,0.000000
FOG_NO_IDS_seed2,FOG_NO_IDS,2,fog-1,1225.000,0.080000
FOG_NO_IDS_seed2,FOG_NO_IDS,2,fog-2,1225.000,0.080000
FOG_NO_IDS_seed2,FOG_NO_IDS,2,fog-3,1225.000,0.040000
FOG_NO_IDS_seed2,FOG_NO_IDS,2,cloud,1250.000,0.000000
FOG_NO_IDS_seed2,FOG_NO_IDS,2,proxy,1250.000,0.000000
FOG_NO_IDS_seed2,FOG_NO_IDS,2,fog-1,1250.000,0.000000
FOG_NO_IDS_seed2,FOG_NO_IDS,2,fog-2,1250.000,0.000000
FOG_NO_IDS_seed2,FOG_NO_IDS,2,fog-3,1250.000,0.000000
FOG_NO_IDS_seed2,FOG_NO_IDS,2,cloud,1275.000,0.000000
FOG_NO_IDS_seed2,FOG_NO_IDS,2,proxy,1275.000,0.000000
FOG_NO_IDS_seed2,FOG_NO_IDS,2,fog-1,1275.000,0.040000
FOG_NO_IDS_seed2,FOG_NO_IDS,2,fog-2,1275.000,0.040000
FOG_NO_IDS_seed2,FOG_NO_IDS,2,fog-3,1275.000,0.040000
FOG_NO_IDS_seed2,FOG_NO_IDS,2,cloud,1300.000,0.000000
FOG_NO_IDS_seed2,FOG_NO_IDS,2,proxy,1300.000,0.000000
FOG_NO_IDS_seed2,FOG_NO_IDS,2,fog-1,1300.000,0.040000
FOG_NO_IDS_seed2,FOG_NO_IDS,2,fog-2,1300.000,0.040000
FOG_NO_IDS_seed2,FOG_NO_IDS,2,fog-3,1300.000,0.040000
FOG_NO_IDS_seed2,FOG_NO_IDS,2,cloud,1325.000,0.000000
FOG_NO_IDS_seed2,FOG_NO_IDS,2,proxy,1325.000,0.000000
FOG_NO_IDS_seed2,FOG_NO_IDS,2,fog-1,1325.000,0.080000
FOG_NO_IDS_seed2,FOG_NO_IDS,2,fog-2,1325.000,0.080000
FOG_NO_IDS_seed2,FOG_NO_IDS,2,fog-3,1325.000,0.080000
FOG_NO_IDS_seed2,FOG_NO_IDS,2,cloud,1350.000,0.000000
FOG_NO_IDS_seed2,FOG_NO_IDS,2,proxy,1350.000,0.000000
FOG_NO_IDS_seed2,FOG_NO_IDS,2,fog-1,1350.000,0.000000
FOG_NO_IDS_seed2,FOG_NO_IDS,2,fog-2,1350.000,0.000000
FOG_NO_IDS_seed2,FOG_NO_IDS,2,fog-3,1350.000,0.000000
FOG_NO_IDS_seed2,FOG_NO_IDS,2,cloud,1375.000,0.000000
FOG_NO_IDS_seed2,FOG_NO_IDS,2,proxy,1375.000,0.000000
FOG_NO_IDS_seed2,FOG_NO_IDS,2,fog-1,1375.000,0.040000
FOG_NO_IDS_seed2,FOG_NO_IDS,2,fog-2,1375.000,0.040000
FOG_NO_IDS_seed2,FOG_NO_IDS,2,fog-3,1375.000,0.040000
FOG_NO_IDS_seed2,FOG_NO_IDS,2,cloud,1400.000,0.000000
FOG_NO_IDS_seed2,FOG_NO_IDS,2,proxy,1400.000,0.000000
FOG_NO_IDS_seed2,FOG_NO_IDS,2,fog-1,1400.000,0.000000
FOG_NO_IDS_seed2,FOG_NO_IDS,2,fog-2,1400.000,0.040000
FOG_NO_IDS_seed2,FOG_NO_IDS,2,fog-3,1400.000,0.040000
FOG_NO_IDS_seed2,FOG_NO_IDS,2,cloud,1425.000,0.000000
FOG_NO_IDS_seed2,FOG_NO_IDS,2,proxy,1425.000,0.000000
FOG_NO_IDS_seed2,FOG_NO_IDS,2,fog-1,1425.000,0.040000
FOG_NO_IDS_seed2,FOG_NO_IDS,2,fog-2,1425.000,0.080000
FOG_NO_IDS_seed2,FOG_NO_IDS,2,fog-3,1425.000,0.080000
FOG_NO_IDS_seed2,FOG_NO_IDS,2,cloud,1450.000,0.000000
FOG_NO_IDS_seed2,FOG_NO_IDS,2,proxy,1450.000,0.000000
FOG_NO_IDS_seed2,FOG_NO_IDS,2,fog-1,1450.000,0.000000
FOG_NO_IDS_seed2,FOG_NO_IDS,2,fog-2,1450.000,0.000000
FOG_NO_IDS_seed2,FOG_NO_IDS,2,fog-3,1450.000,0.000000
FOG_NO_IDS_seed2,FOG_NO_IDS,2,cloud,1475.000,0.000000
FOG_NO_IDS_seed2,FOG_NO_IDS,2,proxy,1475.000,0.000000
FOG_NO_IDS_seed2,FOG_NO_IDS,2,fog-1,1475.000,0.040000
FOG_NO_IDS_seed2,FOG_NO_IDS,2,fog-2,1475.000,0.040000
FOG_NO_IDS_seed2,FOG_NO_IDS,2,fog-3,1475.000,0.040000
FOG_NO_IDS_seed2,FOG_NO_IDS,2,cloud,1500.000,0.000000
FOG_NO_IDS_seed2,FOG_NO_IDS,2,proxy,1500.000,0.000000
FOG_NO_IDS_seed2,FOG_NO_IDS,2,fog-1,1500.000,0.040000
FOG_NO_IDS_seed2,FOG_NO_IDS,2,fog-2,1500.000,0.040000
FOG_NO_IDS_seed2,FOG_NO_IDS,2,fog-3,1500.000,0.040000
FOG_NO_IDS_seed2,FOG_NO_IDS,2,cloud,1525.000,0.000000
FOG_NO_IDS_seed2,FOG_NO_IDS,2,proxy,1525.000,0.000000
FOG_NO_IDS_seed2,FOG_NO_IDS,2,fog-1,1525.000,0.080000
FOG_NO_IDS_seed2,FOG_NO_IDS,2,fog-2,1525.000,0.080000
FOG_NO_IDS_seed2,FOG_NO_IDS,2,fog-3,1525.000,0.080000
FOG_NO_IDS_seed2,FOG_NO_IDS,2,cloud,1550.000,0.000000
FOG_NO_IDS_seed2,FOG_NO_IDS,2,proxy,1550.000,0.000000
FOG_NO_IDS_seed2,FOG_NO_IDS,2,fog-1,1550.000,0.000000
FOG_NO_IDS_seed2,FOG_NO_IDS,2,fog-2,1550.000,0.000000
FOG_NO_IDS_seed2,FOG_NO_IDS,2,fog-3,1550.000,0.000000
FOG_NO_IDS_seed2,FOG_NO_IDS,2,cloud,1575.000,0.000000
FOG_NO_IDS_seed2,FOG_NO_IDS,2,proxy,1575.000,0.000000
FOG_NO_IDS_seed2,FOG_NO_IDS,2,fog-1,1575.000,0.040000
FOG_NO_IDS_seed2,FOG_NO_IDS,2,fog-2,1575.000,0.040000
FOG_NO_IDS_seed2,FOG_NO_IDS,2,fog-3,1575.000,0.040000
FOG_NO_IDS_seed2,FOG_NO_IDS,2,cloud,1600.000,0.000000
FOG_NO_IDS_seed2,FOG_NO_IDS,2,proxy,1600.000,0.000000
FOG_NO_IDS_seed2,FOG_NO_IDS,2,fog-1,1600.000,0.000000
FOG_NO_IDS_seed2,FOG_NO_IDS,2,fog-2,1600.000,0.000000
FOG_NO_IDS_seed2,FOG_NO_IDS,2,fog-3,1600.000,0.040000
FOG_NO_IDS_seed2,FOG_NO_IDS,2,cloud,1625.000,0.000000
FOG_NO_IDS_seed2,FOG_NO_IDS,2,proxy,1625.000,0.000000
FOG_NO_IDS_seed2,FOG_NO_IDS,2,fog-1,1625.000,0.040000
FOG_NO_IDS_seed2,FOG_NO_IDS,2,fog-2,1625.000,0.040000
FOG_NO_IDS_seed2,FOG_NO_IDS,2,fog-3,1625.000,0.080000
FOG_NO_IDS_seed2,FOG_NO_IDS,2,cloud,1650.000,0.000000
FOG_NO_IDS_seed2,FOG_NO_IDS,2,proxy,1650.000,0.000000
FOG_NO_IDS_seed2,FOG_NO_IDS,2,fog-1,1650.000,0.000000
FOG_NO_IDS_seed2,FOG_NO_IDS,2,fog-2,1650.000,0.000000
FOG_NO_IDS_seed2,FOG_NO_IDS,2,fog-3,1650.000,0.000000
FOG_NO_IDS_seed2,FOG_NO_IDS,2,cloud,1675.000,0.000000
FOG_NO_IDS_seed2,FOG_NO_IDS,2,proxy,1675.000,0.000000
FOG_NO_IDS_seed2,FOG_NO_IDS,2,fog-1,1675.000,0.040000
FOG_NO_IDS_seed2,FOG_NO_IDS,2,fog-2,1675.000,0.040000
FOG_NO_IDS_seed2,FOG_NO_IDS,2,fog-3,1675.000,0.040000
FOG_NO_IDS_seed2,FOG_NO_IDS,2,cloud,1700.000,0.000000
FOG_NO_IDS_seed2,FOG_NO_IDS,2,proxy,1700.000,0.000000
FOG_NO_IDS_seed2,FOG_NO_IDS,2,fog-1,1700.000,0.040000
FOG_NO_IDS_seed2,FOG_NO_IDS,2,fog-2,1700.000,0.000000
FOG_NO_IDS_seed2,FOG_NO_IDS,2,fog-3,1700.000,0.000000
FOG_NO_IDS_seed2,FOG_NO_IDS,2,cloud,1725.000,0.000000
FOG_NO_IDS_seed2,FOG_NO_IDS,2,proxy,1725.000,0.000000
FOG_NO_IDS_seed2,FOG_NO_IDS,2,fog-1,1725.000,0.080000
FOG_NO_IDS_seed2,FOG_NO_IDS,2,fog-2,1725.000,0.040000
FOG_NO_IDS_seed2,FOG_NO_IDS,2,fog-3,1725.000,0.040000
FOG_NO_IDS_seed2,FOG_NO_IDS,2,cloud,1750.000,0.000000
FOG_NO_IDS_seed2,FOG_NO_IDS,2,proxy,1750.000,0.000000
FOG_NO_IDS_seed2,FOG_NO_IDS,2,fog-1,1750.000,0.000000
FOG_NO_IDS_seed2,FOG_NO_IDS,2,fog-2,1750.000,0.000000
FOG_NO_IDS_seed2,FOG_NO_IDS,2,fog-3,1750.000,0.000000
FOG_NO_IDS_seed2,FOG_NO_IDS,2,cloud,1775.000,0.000000
FOG_NO_IDS_seed2,FOG_NO_IDS,2,proxy,1775.000,0.000000
FOG_NO_IDS_seed2,FOG_NO_IDS,2,fog-1,1775.000,0.040000
FOG_NO_IDS_seed2,FOG_NO_IDS,2,fog-2,1775.000,0.040000
FOG_NO_IDS_seed2,FOG_NO_IDS,2,fog-3,1775.000,0.040000
FOG_NO_IDS_seed2,FOG_NO_IDS,2,cloud,1800.000,0.000000
FOG_NO_IDS_seed2,FOG_NO_IDS,2,proxy,1800.000,0.000000
FOG_NO_IDS_seed2,FOG_NO_IDS,2,fog-1,1800.000,0.040000
FOG_NO_IDS_seed2,FOG_NO_IDS,2,fog-2,1800.000,0.040000
FOG_NO_IDS_seed2,FOG_NO_IDS,2,fog-3,1800.000,0.040000
FOG_NO_IDS_seed2,FOG_NO_IDS,2,cloud,1825.000,0.000000
FOG_NO_IDS_seed2,FOG_NO_IDS,2,proxy,1825.000,0.000000
FOG_NO_IDS_seed2,FOG_NO_IDS,2,fog-1,1825.000,0.080000
FOG_NO_IDS_seed2,FOG_NO_IDS,2,fog-2,1825.000,0.080000
FOG_NO_IDS_seed2,FOG_NO_IDS,2,fog-3,1825.000,0.080000
FOG_NO_IDS_seed2,FOG_NO_IDS,2,cloud,1850.000,0.000000
FOG_NO_IDS_seed2,FOG_NO_IDS,2,proxy,1850.000,0.000000
FOG_NO_IDS_seed2,FOG_NO_IDS,2,fog-1,1850.000,0.000000
FOG_NO_IDS_seed2,FOG_NO_IDS,2,fog-2,1850.000,0.000000
FOG_NO_IDS_seed2,FOG_NO_IDS,2,fog-3,1850.000,0.000000
FOG_NO_IDS_seed2,FOG_NO_IDS,2,cloud,1875.000,0.000000
FOG_NO_IDS_seed2,FOG_NO_IDS,2,proxy,1875.000,0.000000
FOG_NO_IDS_seed2,FOG_NO_IDS,2,fog-1,1875.000,0.040000
FOG_NO_IDS_seed2,FOG_NO_IDS,2,fog-2,1875.000,0.040000
FOG_NO_IDS_seed2,FOG_NO_IDS,2,fog-3,1875.000,0.040000
FOG_NO_IDS_seed2,FOG_NO_IDS,2,cloud,1900.000,0.000000
FOG_NO_IDS_seed2,FOG_NO_IDS,2,proxy,1900.000,0.000000
FOG_NO_IDS_seed2,FOG_NO_IDS,2,fog-1,1900.000,0.000000
FOG_NO_IDS_seed2,FOG_NO_IDS,2,fog-2,1900.000,0.040000
FOG_NO_IDS_seed2,FOG_NO_IDS,2,fog-3,1900.000,0.040000
FOG_NO_IDS_seed2,FOG_NO_IDS,2,cloud,1925.000,0.000000
FOG_NO_IDS_seed2,FOG_NO_IDS,2,proxy,1925.000,0.000000
FOG_NO_IDS_seed2,FOG_NO_IDS,2,fog-1,1925.000,0.040000
FOG_NO_IDS_seed2,FOG_NO_IDS,2,fog-2,1925.000,0.080000
FOG_NO_IDS_seed2,FOG_NO_IDS,2,fog-3,1925.000,0.080000
FOG_NO_IDS_seed2,FOG_NO_IDS,2,cloud,1950.000,0.000000
FOG_NO_IDS_seed2,FOG_NO_IDS,2,proxy,1950.000,0.000000
FOG_NO_IDS_seed2,FOG_NO_IDS,2,fog-1,1950.000,0.000000
FOG_NO_IDS_seed2,FOG_NO_IDS,2,fog-2,1950.000,0.000000
FOG_NO_IDS_seed2,FOG_NO_IDS,2,fog-3,1950.000,0.000000
FOG_NO_IDS_seed2,FOG_NO_IDS,2,cloud,1975.000,0.000000
FOG_NO_IDS_seed2,FOG_NO_IDS,2,proxy,1975.000,0.000000
FOG_NO_IDS_seed2,FOG_NO_IDS,2,fog-1,1975.000,0.040000
FOG_NO_IDS_seed2,FOG_NO_IDS,2,fog-2,1975.000,0.040000
FOG_NO_IDS_seed2,FOG_NO_IDS,2,fog-3,1975.000,0.040000
FOG_NO_IDS_seed2,FOG_NO_IDS,2,cloud,2000.000,0.000000
FOG_NO_IDS_seed2,FOG_NO_IDS,2,proxy,2000.000,0.000000
FOG_NO_IDS_seed2,FOG_NO_IDS,2,fog-1,2000.000,0.000000
FOG_NO_IDS_seed2,FOG_NO_IDS,2,fog-2,2000.000,0.000000
FOG_NO_IDS_seed2,FOG_NO_IDS,2,fog-3,2000.000,0.000000
FOG_NO_IDS_seed2,FOG_NO_IDS,2,cloud,2025.000,0.000000
FOG_NO_IDS_seed2,FOG_NO_IDS,2,proxy,2025.000,0.000000
FOG_NO_IDS_seed2,FOG_NO_IDS,2,fog-1,2025.000,0.040000
FOG_NO_IDS_seed2,FOG_NO_IDS,2,fog-2,2025.000,0.040000
FOG_NO_IDS_seed2,FOG_NO_IDS,2,fog-3,2025.000,0.040000
FOG_NO_IDS_seed2,FOG_NO_IDS,2,cloud,2050.000,0.000000
FOG_NO_IDS_seed2,FOG_NO_IDS,2,proxy,2050.000,0.000000
FOG_NO_IDS_seed2,FOG_NO_IDS,2,fog-1,2050.000,0.000000
FOG_NO_IDS_seed2,FOG_NO_IDS,2,fog-2,2050.000,0.000000
FOG_NO_IDS_seed2,FOG_NO_IDS,2,fog-3,2050.000,0.000000
FOG_NO_IDS_seed2,FOG_NO_IDS,2,cloud,2075.000,0.000000
FOG_NO_IDS_seed2,FOG_NO_IDS,2,proxy,2075.000,0.000000
FOG_NO_IDS_seed2,FOG_NO_IDS,2,fog-1,2075.000,0.040000
FOG_NO_IDS_seed2,FOG_NO_IDS,2,fog-2,2075.000,0.040000
FOG_NO_IDS_seed2,FOG_NO_IDS,2,fog-3,2075.000,0.040000
FOG_NO_IDS_seed2,FOG_NO_IDS,2,cloud,2100.000,0.000000
FOG_NO_IDS_seed2,FOG_NO_IDS,2,proxy,2100.000,0.000000
FOG_NO_IDS_seed2,FOG_NO_IDS,2,fog-1,2100.000,0.000000
FOG_NO_IDS_seed2,FOG_NO_IDS,2,fog-2,2100.000,0.040000
FOG_NO_IDS_seed2,FOG_NO_IDS,2,fog-3,2100.000,0.000000
FOG_NO_IDS_seed2,FOG_NO_IDS,2,cloud,2125.000,0.000000
FOG_NO_IDS_seed2,FOG_NO_IDS,2,proxy,2125.000,0.000000
FOG_NO_IDS_seed2,FOG_NO_IDS,2,fog-1,2125.000,0.040000
FOG_NO_IDS_seed2,FOG_NO_IDS,2,fog-2,2125.000,0.080000
FOG_NO_IDS_seed2,FOG_NO_IDS,2,fog-3,2125.000,0.040000
FOG_NO_IDS_seed2,FOG_NO_IDS,2,cloud,2150.000,0.000000
FOG_NO_IDS_seed2,FOG_NO_IDS,2,proxy,2150.000,0.000000
FOG_NO_IDS_seed2,FOG_NO_IDS,2,fog-1,2150.000,0.000000
FOG_NO_IDS_seed2,FOG_NO_IDS,2,fog-2,2150.000,0.000000
FOG_NO_IDS_seed2,FOG_NO_IDS,2,fog-3,2150.000,0.000000
FOG_NO_IDS_seed2,FOG_NO_IDS,2,cloud,2175.000,0.000000
FOG_NO_IDS_seed2,FOG_NO_IDS,2,proxy,2175.000,0.000000
FOG_NO_IDS_seed2,FOG_NO_IDS,2,fog-1,2175.000,0.040000
FOG_NO_IDS_seed2,FOG_NO_IDS,2,fog-2,2175.000,0.040000
FOG_NO_IDS_seed2,FOG_NO_IDS,2,fog-3,2175.000,0.040000
FOG_NO_IDS_seed2,FOG_NO_IDS,2,cloud,2200.000,0.000000
FOG_NO_IDS_seed2,FOG_NO_IDS,2,proxy,2200.000,0.000000
FOG_NO_IDS_seed2,FOG_NO_IDS,2,fog-1,2200.000,0.000000
FOG_NO_IDS_seed2,FOG_NO_IDS,2,fog-2,2200.000,0.040000
FOG_NO_IDS_seed2,FOG_NO_IDS,2,fog-3,2200.000,0.000000
FOG_NO_IDS_seed2,FOG_NO_IDS,2,cloud,2225.000,0.000000
FOG_NO_IDS_seed2,FOG_NO_IDS,2,proxy,2225.000,0.000000
FOG_NO_IDS_seed2,FOG_NO_IDS,2,fog-1,2225.000,0.040000
FOG_NO_IDS_seed2,FOG_NO_IDS,2,fog-2,2225.000,0.080000
FOG_NO_IDS_seed2,FOG_NO_IDS,2,fog-3,2225.000,0.040000
FOG_NO_IDS_seed2,FOG_NO_IDS,2,cloud,2250.000,0.000000
FOG_NO_IDS_seed2,FOG_NO_IDS,2,proxy,2250.000,0.000000
FOG_NO_IDS_seed2,FOG_NO_IDS,2,fog-1,2250.000,0.000000
FOG_NO_IDS_seed2,FOG_NO_IDS,2,fog-2,2250.000,0.000000
FOG_NO_IDS_seed2,FOG_NO_IDS,2,fog-3,2250.000,0.000000
FOG_NO_IDS_seed2,FOG_NO_IDS,2,cloud,2275.000,0.000000
FOG_NO_IDS_seed2,FOG_NO_IDS,2,proxy,2275.000,0.000000
FOG_NO_IDS_seed2,FOG_NO_IDS,2,fog-1,2275.000,0.040000
FOG_NO_IDS_seed2,FOG_NO_IDS,2,fog-2,2275.000,0.040000
FOG_NO_IDS_seed2,FOG_NO_IDS,2,fog-3,2275.000,0.040000
FOG_NO_IDS_seed2,FOG_NO_IDS,2,cloud,2300.000,0.000000
FOG_NO_IDS_seed2,FOG_NO_IDS,2,proxy,2300.000,0.000000
FOG_NO_IDS_seed2,FOG_NO_IDS,2,fog-1,2300.000,0.040000
FOG_NO_IDS_seed2,FOG_NO_IDS,2,fog-2,2300.000,0.040000
FOG_NO_IDS_seed2,FOG_NO_IDS,2,fog-3,2300.000,0.040000
FOG_NO_IDS_seed2,FOG_NO_IDS,2,cloud,2325.000,0.000000
FOG_NO_IDS_seed2,FOG_NO_IDS,2,proxy,2325.000,0.000000
FOG_NO_IDS_seed2,FOG_NO_IDS,2,fog-1,2325.000,0.080000
FOG_NO_IDS_seed2,FOG_NO_IDS,2,fog-2,2325.000,0.080000
FOG_NO_IDS_seed2,FOG_NO_IDS,2,fog-3,2325.000,0.080000
FOG_NO_IDS_seed2,FOG_NO_IDS,2,cloud,2350.000,0.000000
FOG_NO_IDS_seed2,FOG_NO_IDS,2,proxy,2350.000,0.000000
FOG_NO_IDS_seed2,FOG_NO_IDS,2,fog-1,2350.000,0.000000
FOG_NO_IDS_seed2,FOG_NO_IDS,2,fog-2,2350.000,0.000000
FOG_NO_IDS_seed2,FOG_NO_IDS,2,fog-3,2350.000,0.000000
FOG_NO_IDS_seed2,FOG_NO_IDS,2,cloud,2375.000,0.000000
FOG_NO_IDS_seed2,FOG_NO_IDS,2,proxy,2375.000,0.000000
FOG_NO_IDS_seed2,FOG_NO_IDS,2,fog-1,2375.000,0.040000
FOG_NO_IDS_seed2,FOG_NO_IDS,2,fog-2,2375.000,0.040000
FOG_NO_IDS_seed2,FOG_NO_IDS,2,fog-3,2375.000,0.040000
FOG_NO_IDS_seed2,FOG_NO_IDS,2,cloud,2400.000,0.000000
FOG_NO_IDS_seed2,FOG_NO_IDS,2,proxy,2400.000,0.000000
FOG_NO_IDS_seed2,FOG_NO_IDS,2,fog-1,2400.000,0.040000
FOG_NO_IDS_seed2,FOG_NO_IDS,2,fog-2,2400.000,0.040000
FOG_NO_IDS_seed2,FOG_NO_IDS,2,fog-3,2400.000,0.040000
FOG_NO_IDS_seed2,FOG_NO_IDS,2,cloud,2425.000,0.000000
FOG_NO_IDS_seed2,FOG_NO_IDS,2,proxy,2425.000,0.000000
FOG_NO_IDS_seed2,FOG_NO_IDS,2,fog-1,2425.000,0.080000
FOG_NO_IDS_seed2,FOG_NO_IDS,2,fog-2,2425.000,0.080000
FOG_NO_IDS_seed2,FOG_NO_IDS,2,fog-3,2425.000,0.080000
FOG_NO_IDS_seed2,FOG_NO_IDS,2,cloud,2450.000,0.000000
FOG_NO_IDS_seed2,FOG_NO_IDS,2,proxy,2450.000,0.000000
FOG_NO_IDS_seed2,FOG_NO_IDS,2,fog-1,2450.000,0.000000
FOG_NO_IDS_seed2,FOG_NO_IDS,2,fog-2,2450.000,0.000000
FOG_NO_IDS_seed2,FOG_NO_IDS,2,fog-3,2450.000,0.000000
FOG_NO_IDS_seed2,FOG_NO_IDS,2,cloud,2475.000,0.000000
FOG_NO_IDS_seed2,FOG_NO_IDS,2,proxy,2475.000,0.000000
FOG_NO_IDS_seed2,FOG_NO_IDS,2,fog-1,2475.000,0.040000
FOG_NO_IDS_seed2,FOG_NO_IDS,2,fog-2,2475.000,0.040000
FOG_NO_IDS_seed2,FOG_NO_IDS,2,fog-3,2475.000,0.040000
FOG_NO_IDS_seed2,FOG_NO_IDS,2,cloud,2500.000,0.000000
FOG_NO_IDS_seed2,FOG_NO_IDS,2,proxy,2500.000,0.000000
FOG_NO_IDS_seed2,FOG_NO_IDS,2,fog-1,2500.000,0.000000
FOG_NO_IDS_seed2,FOG_NO_IDS,2,fog-2,2500.000,0.040000
FOG_NO_IDS_seed2,FOG_NO_IDS,2,fog-3,2500.000,0.040000
FOG_NO_IDS_seed2,FOG_NO_IDS,2,cloud,2525.000,0.000000
FOG_NO_IDS_seed2,FOG_NO_IDS,2,proxy,2525.000,0.000000
FOG_NO_IDS_seed2,FOG_NO_IDS,2,fog-1,2525.000,0.040000
FOG_NO_IDS_seed2,FOG_NO_IDS,2,fog-2,2525.000,0.080000
FOG_NO_IDS_seed2,FOG_NO_IDS,2,fog-3,2525.000,0.080000
FOG_NO_IDS_seed2,FOG_NO_IDS,2,cloud,2550.000,0.000000
FOG_NO_IDS_seed2,FOG_NO_IDS,2,proxy,2550.000,0.000000
FOG_NO_IDS_seed2,FOG_NO_IDS,2,fog-1,2550.000,0.000000
FOG_NO_IDS_seed2,FOG_NO_IDS,2,fog-2,2550.000,0.000000
FOG_NO_IDS_seed2,FOG_NO_IDS,2,fog-3,2550.000,0.000000
FOG_NO_IDS_seed2,FOG_NO_IDS,2,cloud,2575.000,0.000000
FOG_NO_IDS_seed2,FOG_NO_IDS,2,proxy,2575.000,0.000000
FOG_NO_IDS_seed2,FOG_NO_IDS,2,fog-1,2575.000,0.040000
FOG_NO_IDS_seed2,FOG_NO_IDS,2,fog-2,2575.000,0.040000
FOG_NO_IDS_seed2,FOG_NO_IDS,2,fog-3,2575.000,0.040000
FOG_NO_IDS_seed2,FOG_NO_IDS,2,cloud,2600.000,0.000000
FOG_NO_IDS_seed2,FOG_NO_IDS,2,proxy,2600.000,0.000000
FOG_NO_IDS_seed2,FOG_NO_IDS,2,fog-1,2600.000,0.040000
FOG_NO_IDS_seed2,FOG_NO_IDS,2,fog-2,2600.000,0.040000
FOG_NO_IDS_seed2,FOG_NO_IDS,2,fog-3,2600.000,0.040000
FOG_NO_IDS_seed2,FOG_NO_IDS,2,cloud,2625.000,0.000000
FOG_NO_IDS_seed2,FOG_NO_IDS,2,proxy,2625.000,0.000000
FOG_NO_IDS_seed2,FOG_NO_IDS,2,fog-1,2625.000,0.080000
FOG_NO_IDS_seed2,FOG_NO_IDS,2,fog-2,2625.000,0.080000
FOG_NO_IDS_seed2,FOG_NO_IDS,2,fog-3,2625.000,0.080000
FOG_NO_IDS_seed2,FOG_NO_IDS,2,cloud,2650.000,0.000000
FOG_NO_IDS_seed2,FOG_NO_IDS,2,proxy,2650.000,0.000000
FOG_NO_IDS_seed2,FOG_NO_IDS,2,fog-1,2650.000,0.000000
FOG_NO_IDS_seed2,FOG_NO_IDS,2,fog-2,2650.000,0.000000
FOG_NO_IDS_seed2,FOG_NO_IDS,2,fog-3,2650.000,0.000000
FOG_NO_IDS_seed2,FOG_NO_IDS,2,cloud,2675.000,0.000000
FOG_NO_IDS_seed2,FOG_NO_IDS,2,proxy,2675.000,0.000000
FOG_NO_IDS_seed2,FOG_NO_IDS,2,fog-1,2675.000,0.040000
FOG_NO_IDS_seed2,FOG_NO_IDS,2,fog-2,2675.000,0.040000
FOG_NO_IDS_seed2,FOG_NO_IDS,2,fog-3,2675.000,0.040000
FOG_NO_IDS_seed2,FOG_NO_IDS,2,cloud,2700.000,0.000000
FOG_NO_IDS_seed2,FOG_NO_IDS,2,proxy,2700.000,0.000000
FOG_NO_IDS_seed2,FOG_NO_IDS,2,fog-1,2700.000,0.000000
FOG_NO_IDS_seed2,FOG_NO_IDS,2,fog-2,2700.000,0.000000
FOG_NO_IDS_seed2,FOG_NO_IDS,2,fog-3,2700.000,0.040000
FOG_NO_IDS_seed2,FOG_NO_IDS,2,cloud,2725.000,0.000000
FOG_NO_IDS_seed2,FOG_NO_IDS,2,proxy,2725.000,0.000000
FOG_NO_IDS_seed2,FOG_NO_IDS,2,fog-1,2725.000,0.040000
FOG_NO_IDS_seed2,FOG_NO_IDS,2,fog-2,2725.000,0.040000
FOG_NO_IDS_seed2,FOG_NO_IDS,2,fog-3,2725.000,0.080000
FOG_NO_IDS_seed2,FOG_NO_IDS,2,cloud,2750.000,0.000000
FOG_NO_IDS_seed2,FOG_NO_IDS,2,proxy,2750.000,0.000000
FOG_NO_IDS_seed2,FOG_NO_IDS,2,fog-1,2750.000,0.000000
FOG_NO_IDS_seed2,FOG_NO_IDS,2,fog-2,2750.000,0.000000
FOG_NO_IDS_seed2,FOG_NO_IDS,2,fog-3,2750.000,0.000000
FOG_NO_IDS_seed2,FOG_NO_IDS,2,cloud,2775.000,0.000000
FOG_NO_IDS_seed2,FOG_NO_IDS,2,proxy,2775.000,0.000000
FOG_NO_IDS_seed2,FOG_NO_IDS,2,fog-1,2775.000,0.040000
FOG_NO_IDS_seed2,FOG_NO_IDS,2,fog-2,2775.000,0.040000
FOG_NO_IDS_seed2,FOG_NO_IDS,2,fog-3,2775.000,0.040000
FOG_NO_IDS_seed2,FOG_NO_IDS,2,cloud,2800.000,0.000000
FOG_NO_IDS_seed2,FOG_NO_IDS,2,proxy,2800.000,0.000000
FOG_NO_IDS_seed2,FOG_NO_IDS,2,fog-1,2800.000,0.040000
FOG_NO_IDS_seed2,FOG_NO_IDS,2,fog-2,2800.000,0.040000
FOG_NO_IDS_seed2,FOG_NO_IDS,2,fog-3,2800.000,0.000000
FOG_NO_IDS_seed2,FOG_NO_IDS,2,cloud,2825.000,0.000000
FOG_NO_IDS_seed2,FOG_NO_IDS,2,proxy,2825.000,0.000000
FOG_NO_IDS_seed2,FOG_NO_IDS,2,fog-1,2825.000,0.080000
FOG_NO_IDS_seed2,FOG_NO_IDS,2,fog-2,2825.000,0.080000
FOG_NO_IDS_seed2,FOG_NO_IDS,2,fog-3,2825.000,0.040000
FOG_NO_IDS_seed2,FOG_NO_IDS,2,cloud,2850.000,0.000000
FOG_NO_IDS_seed2,FOG_NO_IDS,2,proxy,2850.000,0.000000
FOG_NO_IDS_seed2,FOG_NO_IDS,2,fog-1,2850.000,0.000000
FOG_NO_IDS_seed2,FOG_NO_IDS,2,fog-2,2850.000,0.000000
FOG_NO_IDS_seed2,FOG_NO_IDS,2,fog-3,2850.000,0.000000
FOG_NO_IDS_seed2,FOG_NO_IDS,2,cloud,2875.000,0.000000
FOG_NO_IDS_seed2,FOG_NO_IDS,2,proxy,2875.000,0.000000
FOG_NO_IDS_seed2,FOG_NO_IDS,2,fog-1,2875.000,0.040000
FOG_NO_IDS_seed2,FOG_NO_IDS,2,fog-2,2875.000,0.040000
FOG_NO_IDS_seed2,FOG_NO_IDS,2,fog-3,2875.000,0.040000
FOG_NO_IDS_seed2,FOG_NO_IDS,2,cloud,2900.000,0.000000
FOG_NO_IDS_seed2,FOG_NO_IDS,2,proxy,2900.000,0.000000
FOG_NO_IDS_seed2,FOG_NO_IDS,2,fog-1,2900.000,0.040000
FOG_NO_IDS_seed2,FOG_NO_IDS,2,fog-2,2900.000,0.040000
FOG_NO_IDS_seed2,FOG_NO_IDS,2,fog-3,2900.000,0.000000
FOG_NO_IDS_seed2,FOG_NO_IDS,2,cloud,2925.000,0.000000
FOG_NO_IDS_seed2,FOG_NO_IDS,2,proxy,2925.000,0.000000
FOG_NO_IDS_seed2,FOG_NO_IDS,2,fog-1,2925.000,0.080000
FOG_NO_IDS_seed2,FOG_NO_IDS,2,fog-2,2925.000,0.080000
FOG_NO_IDS_seed2,FOG_NO_IDS,2,fog-3,2925.000,0.040000
FOG_NO_IDS_seed2,FOG_NO_IDS,2,cloud,2950.000,0.000000
FOG_NO_IDS_seed2,FOG_NO_IDS,2,proxy,2950.000,0.000000
FOG_NO_IDS_seed2,FOG_NO_IDS,2,fog-1,2950.000,0.000000
FOG_NO_IDS_seed2,FOG_NO_IDS,2,fog-2,2950.000,0.000000
FOG_NO_IDS_seed2,FOG_NO_IDS,2,fog-3,2950.000,0.000000
FOG_NO_IDS_seed2,FOG_NO_IDS,2,cloud,2975.000,0.000000
FOG_NO_IDS_seed2,FOG_NO_IDS,2,proxy,2975.000,0.000000
FOG_NO_IDS_seed2,FOG_NO_IDS,2,fog-1,2975.000,0.040000
FOG_NO_IDS_seed2,FOG_NO_IDS,2,fog-2,2975.000,0.040000
FOG_NO_IDS_seed2,FOG_NO_IDS,2,fog-3,2975.000,0.040000
FOG_NO_IDS_seed2,FOG_NO_IDS,2,cloud,3000.000,0.000000
FOG_NO_IDS_seed2,FOG_NO_IDS,2,proxy,3000.000,0.000000
FOG_NO_IDS_seed2,FOG_NO_IDS,2,fog-1,3000.000,0.000000
FOG_NO_IDS_seed2,FOG_NO_IDS,2,fog-2,3000.000,0.040000
FOG_NO_IDS_seed2,FOG_NO_IDS,2,fog-3,3000.000,0.000000
FOG_NO_IDS_seed2,FOG_NO_IDS,2,cloud,3025.000,0.000000
FOG_NO_IDS_seed2,FOG_NO_IDS,2,proxy,3025.000,0.000000
FOG_NO_IDS_seed2,FOG_NO_IDS,2,fog-1,3025.000,0.040000
FOG_NO_IDS_seed2,FOG_NO_IDS,2,fog-2,3025.000,0.080000
FOG_NO_IDS_seed2,FOG_NO_IDS,2,fog-3,3025.000,0.040000
FOG_NO_IDS_seed2,FOG_NO_IDS,2,cloud,3050.000,0.000000
FOG_NO_IDS_seed2,FOG_NO_IDS,2,proxy,3050.000,0.000000
FOG_NO_IDS_seed2,FOG_NO_IDS,2,fog-1,3050.000,0.000000
FOG_NO_IDS_seed2,FOG_NO_IDS,2,fog-2,3050.000,0.000000
FOG_NO_IDS_seed2,FOG_NO_IDS,2,fog-3,3050.000,0.000000
FOG_NO_IDS_seed2,FOG_NO_IDS,2,cloud,3075.000,0.000000
FOG_NO_IDS_seed2,FOG_NO_IDS,2,proxy,3075.000,0.000000
FOG_NO_IDS_seed2,FOG_NO_IDS,2,fog-1,3075.000,0.040000
FOG_NO_IDS_seed2,FOG_NO_IDS,2,fog-2,3075.000,0.040000
FOG_NO_IDS_seed2,FOG_NO_IDS,2,fog-3,3075.000,0.040000
FOG_NO_IDS_seed2,FOG_NO_IDS,2,cloud,3100.000,0.000000
FOG_NO_IDS_seed2,FOG_NO_IDS,2,proxy,3100.000,0.000000
FOG_NO_IDS_seed2,FOG_NO_IDS,2,fog-1,3100.000,0.000000
FOG_NO_IDS_seed2,FOG_NO_IDS,2,fog-2,3100.000,0.040000
FOG_NO_IDS_seed2,FOG_NO_IDS,2,fog-3,3100.000,0.040000
FOG_NO_IDS_seed2,FOG_NO_IDS,2,cloud,3125.000,0.000000
FOG_NO_IDS_seed2,FOG_NO_IDS,2,proxy,3125.000,0.000000
FOG_NO_IDS_seed2,FOG_NO_IDS,2,fog-1,3125.000,0.040000
FOG_NO_IDS_seed2,FOG_NO_IDS,2,fog-2,3125.000,0.080000
FOG_NO_IDS_seed2,FOG_NO_IDS,2,fog-3,3125.000,0.080000
FOG_NO_IDS_seed2,FOG_NO_IDS,2,cloud,3150.000,0.000000
FOG_NO_IDS_seed2,FOG_NO_IDS,2,proxy,3150.000,0.000000
FOG_NO_IDS_seed2,FOG_NO_IDS,2,fog-1,3150.000,0.000000
FOG_NO_IDS_seed2,FOG_NO_IDS,2,fog-2,3150.000,0.000000
FOG_NO_IDS_seed2,FOG_NO_IDS,2,fog-3,3150.000,0.000000
FOG_NO_IDS_seed2,FOG_NO_IDS,2,cloud,3175.000,0.000000
FOG_NO_IDS_seed2,FOG_NO_IDS,2,proxy,3175.000,0.000000
FOG_NO_IDS_seed2,FOG_NO_IDS,2,fog-1,3175.000,0.040000
FOG_NO_IDS_seed2,FOG_NO_IDS,2,fog-2,3175.000,0.040000
FOG_NO_IDS_seed2,FOG_NO_IDS,2,fog-3,3175.000,0.040000
FOG_NO_IDS_seed2,FOG_NO_IDS,2,cloud,3200.000,0.000000
FOG_NO_IDS_seed2,FOG_NO_IDS,2,proxy,3200.000,0.000000
FOG_NO_IDS_seed2,FOG_NO_IDS,2,fog-1,3200.000,0.040000
FOG_NO_IDS_seed2,FOG_NO_IDS,2,fog-2,3200.000,0.040000
FOG_NO_IDS_seed2,FOG_NO_IDS,2,fog-3,3200.000,0.000000
FOG_NO_IDS_seed2,FOG_NO_IDS,2,cloud,3225.000,0.000000
FOG_NO_IDS_seed2,FOG_NO_IDS,2,proxy,3225.000,0.000000
FOG_NO_IDS_seed2,FOG_NO_IDS,2,fog-1,3225.000,0.080000
FOG_NO_IDS_seed2,FOG_NO_IDS,2,fog-2,3225.000,0.080000
FOG_NO_IDS_seed2,FOG_NO_IDS,2,fog-3,3225.000,0.040000
FOG_NO_IDS_seed2,FOG_NO_IDS,2,cloud,3250.000,0.000000
FOG_NO_IDS_seed2,FOG_NO_IDS,2,proxy,3250.000,0.000000
FOG_NO_IDS_seed2,FOG_NO_IDS,2,fog-1,3250.000,0.000000
FOG_NO_IDS_seed2,FOG_NO_IDS,2,fog-2,3250.000,0.000000
FOG_NO_IDS_seed2,FOG_NO_IDS,2,fog-3,3250.000,0.000000
FOG_NO_IDS_seed2,FOG_NO_IDS,2,cloud,3275.000,0.000000
FOG_NO_IDS_seed2,FOG_NO_IDS,2,proxy,3275.000,0.000000
FOG_NO_IDS_seed2,FOG_NO_IDS,2,fog-1,3275.000,0.040000
FOG_NO_IDS_seed2,FOG_NO_IDS,2,fog-2,3275.000,0.040000
FOG_NO_IDS_seed2,FOG_NO_IDS,2,fog-3,3275.000,0.040000
FOG_NO_IDS_seed2,FOG_NO_IDS,2,cloud,3300.000,0.000000
FOG_NO_IDS_seed2,FOG_NO_IDS,2,proxy,3300.000,0.000000
FOG_NO_IDS_seed2,FOG_NO_IDS,2,fog-1,3300.000,0.000000
FOG_NO_IDS_seed2,FOG_NO_IDS,2,fog-2,3300.000,0.040000
FOG_NO_IDS_seed2,FOG_NO_IDS,2,fog-3,3300.000,0.040000
FOG_NO_IDS_seed2,FOG_NO_IDS,2,cloud,3325.000,0.000000
FOG_NO_IDS_seed2,FOG_NO_IDS,2,proxy,3325.000,0.000000
FOG_NO_IDS_seed2,FOG_NO_IDS,2,fog-1,3325.000,0.040000
FOG_NO_IDS_seed2,FOG_NO_IDS,2,fog-2,3325.000,0.080000
FOG_NO_IDS_seed2,FOG_NO_IDS,2,fog-3,3325.000,0.080000
FOG_NO_IDS_seed2,FOG_NO_IDS,2,cloud,3350.000,0.000000
FOG_NO_IDS_seed2,FOG_NO_IDS,2,proxy,3350.000,0.000000
FOG_NO_IDS_seed2,FOG_NO_IDS,2,fog-1,3350.000,0.000000
FOG_NO_IDS_seed2,FOG_NO_IDS,2,fog-2,3350.000,0.000000
FOG_NO_IDS_seed2,FOG_NO_IDS,2,fog-3,3350.000,0.000000
FOG_NO_IDS_seed2,FOG_NO_IDS,2,cloud,3375.000,0.000000
FOG_NO_IDS_seed2,FOG_NO_IDS,2,proxy,3375.000,0.000000
FOG_NO_IDS_seed2,FOG_NO_IDS,2,fog-1,3375.000,0.040000
FOG_NO_IDS_seed2,FOG_NO_IDS,2,fog-2,3375.000,0.040000
FOG_NO_IDS_seed2,FOG_NO_IDS,2,fog-3,3375.000,0.040000
FOG_NO_IDS_seed2,FOG_NO_IDS,2,cloud,3400.000,0.000000
FOG_NO_IDS_seed2,FOG_NO_IDS,2,proxy,3400.000,0.000000
FOG_NO_IDS_seed2,FOG_NO_IDS,2,fog-1,3400.000,0.040000
FOG_NO_IDS_seed2,FOG_NO_IDS,2,fog-2,3400.000,0.000000
FOG_NO_IDS_seed2,FOG_NO_IDS,2,fog-3,3400.000,0.040000
FOG_NO_IDS_seed2,FOG_NO_IDS,2,cloud,3425.000,0.000000
FOG_NO_IDS_seed2,FOG_NO_IDS,2,proxy,3425.000,0.000000
FOG_NO_IDS_seed2,FOG_NO_IDS,2,fog-1,3425.000,0.080000
FOG_NO_IDS_seed2,FOG_NO_IDS,2,fog-2,3425.000,0.040000
FOG_NO_IDS_seed2,FOG_NO_IDS,2,fog-3,3425.000,0.080000
FOG_NO_IDS_seed2,FOG_NO_IDS,2,cloud,3450.000,0.000000
FOG_NO_IDS_seed2,FOG_NO_IDS,2,proxy,3450.000,0.000000
FOG_NO_IDS_seed2,FOG_NO_IDS,2,fog-1,3450.000,0.000000
FOG_NO_IDS_seed2,FOG_NO_IDS,2,fog-2,3450.000,0.000000
FOG_NO_IDS_seed2,FOG_NO_IDS,2,fog-3,3450.000,0.000000
FOG_NO_IDS_seed2,FOG_NO_IDS,2,cloud,3475.000,0.000000
FOG_NO_IDS_seed2,FOG_NO_IDS,2,proxy,3475.000,0.000000
FOG_NO_IDS_seed2,FOG_NO_IDS,2,fog-1,3475.000,0.040000
FOG_NO_IDS_seed2,FOG_NO_IDS,2,fog-2,3475.000,0.040000
FOG_NO_IDS_seed2,FOG_NO_IDS,2,fog-3,3475.000,0.040000
FOG_NO_IDS_seed2,FOG_NO_IDS,2,cloud,3500.000,0.000000
FOG_NO_IDS_seed2,FOG_NO_IDS,2,proxy,3500.000,0.000000
FOG_NO_IDS_seed2,FOG_NO_IDS,2,fog-1,3500.000,0.000000
FOG_NO_IDS_seed2,FOG_NO_IDS,2,fog-2,3500.000,0.000000
FOG_NO_IDS_seed2,FOG_NO_IDS,2,fog-3,3500.000,0.000000
FOG_NO_IDS_seed2,FOG_NO_IDS,2,cloud,3525.000,0.000000
FOG_NO_IDS_seed2,FOG_NO_IDS,2,proxy,3525.000,0.000000
FOG_NO_IDS_seed2,FOG_NO_IDS,2,fog-1,3525.000,0.040000
FOG_NO_IDS_seed2,FOG_NO_IDS,2,fog-2,3525.000,0.040000
FOG_NO_IDS_seed2,FOG_NO_IDS,2,fog-3,3525.000,0.040000
FOG_NO_IDS_seed2,FOG_NO_IDS,2,cloud,3550.000,0.000000
FOG_NO_IDS_seed2,FOG_NO_IDS,2,proxy,3550.000,0.000000
FOG_NO_IDS_seed2,FOG_NO_IDS,2,fog-1,3550.000,0.000000
FOG_NO_IDS_seed2,FOG_NO_IDS,2,fog-2,3550.000,0.000000
FOG_NO_IDS_seed2,FOG_NO_IDS,2,fog-3,3550.000,0.000000
FOG_NO_IDS_seed2,FOG_NO_IDS,2,cloud,3575.000,0.000000
FOG_NO_IDS_seed2,FOG_NO_IDS,2,proxy,3575.000,0.000000
FOG_NO_IDS_seed2,FOG_NO_IDS,2,fog-1,3575.000,0.040000
FOG_NO_IDS_seed2,FOG_NO_IDS,2,fog-2,3575.000,0.040000
FOG_NO_IDS_seed2,FOG_NO_IDS,2,fog-3,3575.000,0.040000
FOG_NO_IDS_seed2,FOG_NO_IDS,2,cloud,3600.000,0.000000
FOG_NO_IDS_seed2,FOG_NO_IDS,2,proxy,3600.000,0.000000
FOG_NO_IDS_seed2,FOG_NO_IDS,2,fog-1,3600.000,0.040000
FOG_NO_IDS_seed2,FOG_NO_IDS,2,fog-2,3600.000,0.040000
FOG_NO_IDS_seed2,FOG_NO_IDS,2,fog-3,3600.000,0.000000
FOG_NO_IDS_seed2,FOG_NO_IDS,2,cloud,3625.000,0.000000
FOG_NO_IDS_seed2,FOG_NO_IDS,2,proxy,3625.000,0.000000
FOG_NO_IDS_seed2,FOG_NO_IDS,2,fog-1,3625.000,0.080000
FOG_NO_IDS_seed2,FOG_NO_IDS,2,fog-2,3625.000,0.080000
FOG_NO_IDS_seed2,FOG_NO_IDS,2,fog-3,3625.000,0.040000
FOG_NO_IDS_seed2,FOG_NO_IDS,2,cloud,3650.000,0.000000
FOG_NO_IDS_seed2,FOG_NO_IDS,2,proxy,3650.000,0.000000
FOG_NO_IDS_seed2,FOG_NO_IDS,2,fog-1,3650.000,0.000000
FOG_NO_IDS_seed2,FOG_NO_IDS,2,fog-2,3650.000,0.000000
FOG_NO_IDS_seed2,FOG_NO_IDS,2,fog-3,3650.000,0.000000
FOG_NO_IDS_seed2,FOG_NO_IDS,2,cloud,3675.000,0.000000
FOG_NO_IDS_seed2,FOG_NO_IDS,2,proxy,3675.000,0.000000
FOG_NO_IDS_seed2,FOG_NO_IDS,2,fog-1,3675.000,0.040000
FOG_NO_IDS_seed2,FOG_NO_IDS,2,fog-2,3675.000,0.040000
FOG_NO_IDS_seed2,FOG_NO_IDS,2,fog-3,3675.000,0.040000
FOG_NO_IDS_seed2,FOG_NO_IDS,2,cloud,3700.000,0.000000
FOG_NO_IDS_seed2,FOG_NO_IDS,2,proxy,3700.000,0.000000
FOG_NO_IDS_seed2,FOG_NO_IDS,2,fog-1,3700.000,0.040000
FOG_NO_IDS_seed2,FOG_NO_IDS,2,fog-2,3700.000,0.040000
FOG_NO_IDS_seed2,FOG_NO_IDS,2,fog-3,3700.000,0.000000
FOG_NO_IDS_seed2,FOG_NO_IDS,2,cloud,3725.000,0.000000
FOG_NO_IDS_seed2,FOG_NO_IDS,2,proxy,3725.000,0.000000
FOG_NO_IDS_seed2,FOG_NO_IDS,2,fog-1,3725.000,0.080000
FOG_NO_IDS_seed2,FOG_NO_IDS,2,fog-2,3725.000,0.080000
FOG_NO_IDS_seed2,FOG_NO_IDS,2,fog-3,3725.000,0.040000
FOG_NO_IDS_seed2,FOG_NO_IDS,2,cloud,3750.000,0.000000
FOG_NO_IDS_seed2,FOG_NO_IDS,2,proxy,3750.000,0.000000
FOG_NO_IDS_seed2,FOG_NO_IDS,2,fog-1,3750.000,0.000000
FOG_NO_IDS_seed2,FOG_NO_IDS,2,fog-2,3750.000,0.000000
FOG_NO_IDS_seed2,FOG_NO_IDS,2,fog-3,3750.000,0.000000
FOG_NO_IDS_seed2,FOG_NO_IDS,2,cloud,3775.000,0.000000
FOG_NO_IDS_seed2,FOG_NO_IDS,2,proxy,3775.000,0.000000
FOG_NO_IDS_seed2,FOG_NO_IDS,2,fog-1,3775.000,0.040000
FOG_NO_IDS_seed2,FOG_NO_IDS,2,fog-2,3775.000,0.040000
FOG_NO_IDS_seed2,FOG_NO_IDS,2,fog-3,3775.000,0.040000
FOG_NO_IDS_seed2,FOG_NO_IDS,2,cloud,3800.000,0.000000
FOG_NO_IDS_seed2,FOG_NO_IDS,2,proxy,3800.000,0.000000
FOG_NO_IDS_seed2,FOG_NO_IDS,2,fog-1,3800.000,0.040000
FOG_NO_IDS_seed2,FOG_NO_IDS,2,fog-2,3800.000,0.000000
FOG_NO_IDS_seed2,FOG_NO_IDS,2,fog-3,3800.000,0.000000
FOG_NO_IDS_seed2,FOG_NO_IDS,2,cloud,3825.000,0.000000
FOG_NO_IDS_seed2,FOG_NO_IDS,2,proxy,3825.000,0.000000
FOG_NO_IDS_seed2,FOG_NO_IDS,2,fog-1,3825.000,0.080000
FOG_NO_IDS_seed2,FOG_NO_IDS,2,fog-2,3825.000,0.040000
FOG_NO_IDS_seed2,FOG_NO_IDS,2,fog-3,3825.000,0.040000
FOG_NO_IDS_seed2,FOG_NO_IDS,2,cloud,3850.000,0.000000
FOG_NO_IDS_seed2,FOG_NO_IDS,2,proxy,3850.000,0.000000
FOG_NO_IDS_seed2,FOG_NO_IDS,2,fog-1,3850.000,0.000000
FOG_NO_IDS_seed2,FOG_NO_IDS,2,fog-2,3850.000,0.000000
FOG_NO_IDS_seed2,FOG_NO_IDS,2,fog-3,3850.000,0.000000
FOG_NO_IDS_seed2,FOG_NO_IDS,2,cloud,3875.000,0.000000
FOG_NO_IDS_seed2,FOG_NO_IDS,2,proxy,3875.000,0.000000
FOG_NO_IDS_seed2,FOG_NO_IDS,2,fog-1,3875.000,0.040000
FOG_NO_IDS_seed2,FOG_NO_IDS,2,fog-2,3875.000,0.040000
FOG_NO_IDS_seed2,FOG_NO_IDS,2,fog-3,3875.000,0.040000
FOG_NO_IDS_seed2,FOG_NO_IDS,2,cloud,3900.000,0.000000
FOG_NO_IDS_seed2,FOG_NO_IDS,2,proxy,3900.000,0.000000
FOG_NO_IDS_seed2,FOG_NO_IDS,2,fog-1,3900.000,0.000000
FOG_NO_IDS_seed2,FOG_NO_IDS,2,fog-2,3900.000,0.000000
FOG_NO_IDS_seed2,FOG_NO_IDS,2,fog-3,3900.000,0.000000
FOG_NO_IDS_seed2,FOG_NO_IDS,2,cloud,3925.000,0.000000
FOG_NO_IDS_seed2,FOG_NO_IDS,2,proxy,3925.000,0.000000
FOG_NO_IDS_seed2,FOG_NO_IDS,2,fog-1,3925.000,0.040000
FOG_NO_IDS_seed2,FOG_NO_IDS,2,fog-2,3925.000,0.040000
FOG_NO_IDS_seed2,FOG_NO_IDS,2,fog-3,3925.000,0.040000
FOG_NO_IDS_seed2,FOG_NO_IDS,2,cloud,3950.000,0.000000
FOG_NO_IDS_seed2,FOG_NO_IDS,2,proxy,3950.000,0.000000
FOG_NO_IDS_seed2,FOG_NO_IDS,2,fog-1,3950.000,0.000000
FOG_NO_IDS_seed2,FOG_NO_IDS,2,fog-2,3950.000,0.000000
FOG_NO_IDS_seed2,FOG_NO_IDS,2,fog-3,3950.000,0.000000
FOG_NO_IDS_seed2,FOG_NO_IDS,2,cloud,3975.000,0.000000
FOG_NO_IDS_seed2,FOG_NO_IDS,2,proxy,3975.000,0.000000
FOG_NO_IDS_seed2,FOG_NO_IDS,2,fog-1,3975.000,0.040000
FOG_NO_IDS_seed2,FOG_NO_IDS,2,fog-2,3975.000,0.040000
FOG_NO_IDS_seed2,FOG_NO_IDS,2,fog-3,3975.000,0.040000
FOG_NO_IDS_seed2,FOG_NO_IDS,2,cloud,4000.000,0.000000
FOG_NO_IDS_seed2,FOG_NO_IDS,2,proxy,4000.000,0.000000
FOG_NO_IDS_seed2,FOG_NO_IDS,2,fog-1,4000.000,0.000000
FOG_NO_IDS_seed2,FOG_NO_IDS,2,fog-2,4000.000,0.040000
FOG_NO_IDS_seed2,FOG_NO_IDS,2,fog-3,4000.000,0.040000
FOG_NO_IDS_seed2,FOG_NO_IDS,2,cloud,4025.000,0.000000
FOG_NO_IDS_seed2,FOG_NO_IDS,2,proxy,4025.000,0.000000
FOG_NO_IDS_seed2,FOG_NO_IDS,2,fog-1,4025.000,0.040000
FOG_NO_IDS_seed2,FOG_NO_IDS,2,fog-2,4025.000,0.080000
FOG_NO_IDS_seed2,FOG_NO_IDS,2,fog-3,4025.000,0.080000
FOG_NO_IDS_seed2,FOG_NO_IDS,2,cloud,4050.000,0.000000
FOG_NO_IDS_seed2,FOG_NO_IDS,2,proxy,4050.000,0.000000
FOG_NO_IDS_seed2,FOG_NO_IDS,2,fog-1,4050.000,0.000000
FOG_NO_IDS_seed2,FOG_NO_IDS,2,fog-2,4050.000,0.000000
FOG_NO_IDS_seed2,FOG_NO_IDS,2,fog-3,4050.000,0.000000
FOG_NO_IDS_seed2,FOG_NO_IDS,2,cloud,4075.000,0.000000
FOG_NO_IDS_seed2,FOG_NO_IDS,2,proxy,4075.000,0.000000
FOG_NO_IDS_seed2,FOG_NO_IDS,2,fog-1,4075.000,0.040000
FOG_NO_IDS_seed2,FOG_NO_IDS,2,fog-2,4075.000,0.040000
FOG_NO_IDS_seed2,FOG_NO_IDS,2,fog-3,4075.000,0.040000
FOG_NO_IDS_seed2,FOG_NO_IDS,2,cloud,4100.000,0.000000
FOG_NO_IDS_seed2,FOG_NO_IDS,2,proxy,4100.000,0.000000
FOG_NO_IDS_seed2,FOG_NO_IDS,2,fog-1,4100.000,0.000000
FOG_NO_IDS_seed2,FOG_NO_IDS,2,fog-2,4100.000,0.040000
FOG_NO_IDS_seed2,FOG_NO_IDS,2,fog-3,4100.000,0.040000
FOG_NO_IDS_seed2,FOG_NO_IDS,2,cloud,4125.000,0.000000
FOG_NO_IDS_seed2,FOG_NO_IDS,2,proxy,4125.000,0.000000
FOG_NO_IDS_seed2,FOG_NO_IDS,2,fog-1,4125.000,0.040000
FOG_NO_IDS_seed2,FOG_NO_IDS,2,fog-2,4125.000,0.080000
FOG_NO_IDS_seed2,FOG_NO_IDS,2,fog-3,4125.000,0.080000
FOG_NO_IDS_seed2,FOG_NO_IDS,2,cloud,4150.000,0.000000
FOG_NO_IDS_seed2,FOG_NO_IDS,2,proxy,4150.000,0.000000
FOG_NO_IDS_seed2,FOG_NO_IDS,2,fog-1,4150.000,0.000000
FOG_NO_IDS_seed2,FOG_NO_IDS,2,fog-2,4150.000,0.000000
FOG_NO_IDS_seed2,FOG_NO_IDS,2,fog-3,4150.000,0.000000
FOG_NO_IDS_seed2,FOG_NO_IDS,2,cloud,4175.000,0.000000
FOG_NO_IDS_seed2,FOG_NO_IDS,2,proxy,4175.000,0.000000
FOG_NO_IDS_seed2,FOG_NO_IDS,2,fog-1,4175.000,0.040000
FOG_NO_IDS_seed2,FOG_NO_IDS,2,fog-2,4175.000,0.040000
FOG_NO_IDS_seed2,FOG_NO_IDS,2,fog-3,4175.000,0.040000
FOG_NO_IDS_seed2,FOG_NO_IDS,2,cloud,4200.000,0.000000
FOG_NO_IDS_seed2,FOG_NO_IDS,2,proxy,4200.000,0.000000
FOG_NO_IDS_seed2,FOG_NO_IDS,2,fog-1,4200.000,0.040000
FOG_NO_IDS_seed2,FOG_NO_IDS,2,fog-2,4200.000,0.000000
FOG_NO_IDS_seed2,FOG_NO_IDS,2,fog-3,4200.000,0.000000
FOG_NO_IDS_seed2,FOG_NO_IDS,2,cloud,4225.000,0.000000
FOG_NO_IDS_seed2,FOG_NO_IDS,2,proxy,4225.000,0.000000
FOG_NO_IDS_seed2,FOG_NO_IDS,2,fog-1,4225.000,0.080000
FOG_NO_IDS_seed2,FOG_NO_IDS,2,fog-2,4225.000,0.040000
FOG_NO_IDS_seed2,FOG_NO_IDS,2,fog-3,4225.000,0.040000
FOG_NO_IDS_seed2,FOG_NO_IDS,2,cloud,4250.000,0.000000
FOG_NO_IDS_seed2,FOG_NO_IDS,2,proxy,4250.000,0.000000
FOG_NO_IDS_seed2,FOG_NO_IDS,2,fog-1,4250.000,0.000000
FOG_NO_IDS_seed2,FOG_NO_IDS,2,fog-2,4250.000,0.000000
FOG_NO_IDS_seed2,FOG_NO_IDS,2,fog-3,4250.000,0.000000
FOG_NO_IDS_seed2,FOG_NO_IDS,2,cloud,4275.000,0.000000
FOG_NO_IDS_seed2,FOG_NO_IDS,2,proxy,4275.000,0.000000
FOG_NO_IDS_seed2,FOG_NO_IDS,2,fog-1,4275.000,0.040000
FOG_NO_IDS_seed2,FOG_NO_IDS,2,fog-2,4275.000,0.040000
FOG_NO_IDS_seed2,FOG_NO_IDS,2,fog-3,4275.000,0.040000
FOG_NO_IDS_seed2,FOG_NO_IDS,2,cloud,4300.000,0.000000
FOG_NO_IDS_seed2,FOG_NO_IDS,2,proxy,4300.000,0.000000
FOG_NO_IDS_seed2,FOG_NO_IDS,2,fog-1,4300.000,0.040000
FOG_NO_IDS_seed2,FOG_NO_IDS,2,fog-2,4300.000,0.000000
FOG_NO_IDS_seed2,FOG_NO_IDS,2,fog-3,4300.000,0.000000
FOG_NO_IDS_seed2,FOG_NO_IDS,2,cloud,4325.000,0.000000
FOG_NO_IDS_seed2,FOG_NO_IDS,2,proxy,4325.000,0.000000
FOG_NO_IDS_seed2,FOG_NO_IDS,2,fog-1,4325.000,0.080000
FOG_NO_IDS_seed2,FOG_NO_IDS,2,fog-2,4325.000,0.040000
FOG_NO_IDS_seed2,FOG_NO_IDS,2,fog-3,4325.000,0.040000
FOG_NO_IDS_seed2,FOG_NO_IDS,2,cloud,4350.000,0.000000
FOG_NO_IDS_seed2,FOG_NO_IDS,2,proxy,4350.000,0.000000
FOG_NO_IDS_seed2,FOG_NO_IDS,2,fog-1,4350.000,0.000000
FOG_NO_IDS_seed2,FOG_NO_IDS,2,fog-2,4350.000,0.000000
FOG_NO_IDS_seed2,FOG_NO_IDS,2,fog-3,4350.000,0.000000
FOG_NO_IDS_seed2,FOG_NO_IDS,2,cloud,4375.000,0.000000
FOG_NO_IDS_seed2,FOG_NO_IDS,2,proxy,4375.000,0.000000
FOG_NO_IDS_seed2,FOG_NO_IDS,2,fog-1,4375.000,0.040000
FOG_NO_IDS_seed2,FOG_NO_IDS,2,fog-2,4375.000,0.040000
FOG_NO_IDS_seed2,FOG_NO_IDS,2,fog-3,4375.000,0.040000
FOG_NO_IDS_seed2,FOG_NO_IDS,2,cloud,4400.000,0.000000
FOG_NO_IDS_seed2,FOG_NO_IDS,2,proxy,4400.000,0.000000
FOG_NO_IDS_seed2,FOG_NO_IDS,2,fog-1,4400.000,0.040000
FOG_NO_IDS_seed2,FOG_NO_IDS,2,fog-2,4400.000,0.040000
FOG_NO_IDS_seed2,FOG_NO_IDS,2,fog-3,4400.000,0.000000
FOG_NO_IDS_seed2,FOG_NO_IDS,2,cloud,4425.000,0.000000
FOG_NO_IDS_seed2,FOG_NO_IDS,2,proxy,4425.000,0.000000
FOG_NO_IDS_seed2,FOG_NO_IDS,2,fog-1,4425.000,0.080000
FOG_NO_IDS_seed2,FOG_NO_IDS,2,fog-2,4425.000,0.080000
FOG_NO_IDS_seed2,FOG_NO_IDS,2,fog-3,4425.000,0.040000
FOG_NO_IDS_seed2,FOG_NO_IDS,2,cloud,4450.000,0.000000
FOG_NO_IDS_seed2,FOG_NO_IDS,2,proxy,4450.000,0.000000
FOG_NO_IDS_seed2,FOG_NO_IDS,2,fog-1,4450.000,0.000000
FOG_NO_IDS_seed2,FOG_NO_IDS,2,fog-2,4450.000,0.000000
FOG_NO_IDS_seed2,FOG_NO_IDS,2,fog-3,4450.000,0.000000
FOG_NO_IDS_seed2,FOG_NO_IDS,2,cloud,4475.000,0.000000
FOG_NO_IDS_seed2,FOG_NO_IDS,2,proxy,4475.000,0.000000
FOG_NO_IDS_seed2,FOG_NO_IDS,2,fog-1,4475.000,0.040000
FOG_NO_IDS_seed2,FOG_NO_IDS,2,fog-2,4475.000,0.040000
FOG_NO_IDS_seed2,FOG_NO_IDS,2,fog-3,4475.000,0.040000
FOG_NO_IDS_seed2,FOG_NO_IDS,2,cloud,4500.000,0.000000
FOG_NO_IDS_seed2,FOG_NO_IDS,2,proxy,4500.000,0.000000
FOG_NO_IDS_seed2,FOG_NO_IDS,2,fog-1,4500.000,0.040000
FOG_NO_IDS_seed2,FOG_NO_IDS,2,fog-2,4500.000,0.000000
FOG_NO_IDS_seed2,FOG_NO_IDS,2,fog-3,4500.000,0.040000
FOG_NO_IDS_seed2,FOG_NO_IDS,2,cloud,4525.000,0.000000
FOG_NO_IDS_seed2,FOG_NO_IDS,2,proxy,4525.000,0.000000
FOG_NO_IDS_seed2,FOG_NO_IDS,2,fog-1,4525.000,0.080000
FOG_NO_IDS_seed2,FOG_NO_IDS,2,fog-2,4525.000,0.040000
FOG_NO_IDS_seed2,FOG_NO_IDS,2,fog-3,4525.000,0.080000
FOG_NO_IDS_seed2,FOG_NO_IDS,2,cloud,4550.000,0.000000
FOG_NO_IDS_seed2,FOG_NO_IDS,2,proxy,4550.000,0.000000
FOG_NO_IDS_seed2,FOG_NO_IDS,2,fog-1,4550.000,0.000000
FOG_NO_IDS_seed2,FOG_NO_IDS,2,fog-2,4550.000,0.000000
FOG_NO_IDS_seed2,FOG_NO_IDS,2,fog-3,4550.000,0.000000
FOG_NO_IDS_seed2,FOG_NO_IDS,2,cloud,4575.000,0.000000
FOG_NO_IDS_seed2,FOG_NO_IDS,2,proxy,4575.000,0.000000
FOG_NO_IDS_seed2,FOG_NO_IDS,2,fog-1,4575.000,0.040000
FOG_NO_IDS_seed2,FOG_NO_IDS,2,fog-2,4575.000,0.040000
FOG_NO_IDS_seed2,FOG_NO_IDS,2,fog-3,4575.000,0.040000
FOG_NO_IDS_seed2,FOG_NO_IDS,2,cloud,4600.000,0.000000
FOG_NO_IDS_seed2,FOG_NO_IDS,2,proxy,4600.000,0.000000
FOG_NO_IDS_seed2,FOG_NO_IDS,2,fog-1,4600.000,0.000000
FOG_NO_IDS_seed2,FOG_NO_IDS,2,fog-2,4600.000,0.040000
FOG_NO_IDS_seed2,FOG_NO_IDS,2,fog-3,4600.000,0.040000
FOG_NO_IDS_seed2,FOG_NO_IDS,2,cloud,4625.000,0.000000
FOG_NO_IDS_seed2,FOG_NO_IDS,2,proxy,4625.000,0.000000
FOG_NO_IDS_seed2,FOG_NO_IDS,2,fog-1,4625.000,0.040000
FOG_NO_IDS_seed2,FOG_NO_IDS,2,fog-2,4625.000,0.080000
FOG_NO_IDS_seed2,FOG_NO_IDS,2,fog-3,4625.000,0.080000
FOG_NO_IDS_seed2,FOG_NO_IDS,2,cloud,4650.000,0.000000
FOG_NO_IDS_seed2,FOG_NO_IDS,2,proxy,4650.000,0.000000
FOG_NO_IDS_seed2,FOG_NO_IDS,2,fog-1,4650.000,0.000000
FOG_NO_IDS_seed2,FOG_NO_IDS,2,fog-2,4650.000,0.000000
FOG_NO_IDS_seed2,FOG_NO_IDS,2,fog-3,4650.000,0.000000
FOG_NO_IDS_seed2,FOG_NO_IDS,2,cloud,4675.000,0.000000
FOG_NO_IDS_seed2,FOG_NO_IDS,2,proxy,4675.000,0.000000
FOG_NO_IDS_seed2,FOG_NO_IDS,2,fog-1,4675.000,0.040000
FOG_NO_IDS_seed2,FOG_NO_IDS,2,fog-2,4675.000,0.040000
FOG_NO_IDS_seed2,FOG_NO_IDS,2,fog-3,4675.000,0.040000
FOG_NO_IDS_seed2,FOG_NO_IDS,2,cloud,4700.000,0.000000
FOG_NO_IDS_seed2,FOG_NO_IDS,2,proxy,4700.000,0.000000
FOG_NO_IDS_seed2,FOG_NO_IDS,2,fog-1,4700.000,0.040000
FOG_NO_IDS_seed2,FOG_NO_IDS,2,fog-2,4700.000,0.000000
FOG_NO_IDS_seed2,FOG_NO_IDS,2,fog-3,4700.000,0.000000
FOG_NO_IDS_seed2,FOG_NO_IDS,2,cloud,4725.000,0.000000
FOG_NO_IDS_seed2,FOG_NO_IDS,2,proxy,4725.000,0.000000
FOG_NO_IDS_seed2,FOG_NO_IDS,2,fog-1,4725.000,0.080000
FOG_NO_IDS_seed2,FOG_NO_IDS,2,fog-2,4725.000,0.040000
FOG_NO_IDS_seed2,FOG_NO_IDS,2,fog-3,4725.000,0.040000
FOG_NO_IDS_seed2,FOG_NO_IDS,2,cloud,4750.000,0.000000
FOG_NO_IDS_seed2,FOG_NO_IDS,2,proxy,4750.000,0.000000
FOG_NO_IDS_seed2,FOG_NO_IDS,2,fog-1,4750.000,0.000000
FOG_NO_IDS_seed2,FOG_NO_IDS,2,fog-2,4750.000,0.000000
FOG_NO_IDS_seed2,FOG_NO_IDS,2,fog-3,4750.000,0.000000
FOG_NO_IDS_seed2,FOG_NO_IDS,2,cloud,4775.000,0.000000
FOG_NO_IDS_seed2,FOG_NO_IDS,2,proxy,4775.000,0.000000
FOG_NO_IDS_seed2,FOG_NO_IDS,2,fog-1,4775.000,0.040000
FOG_NO_IDS_seed2,FOG_NO_IDS,2,fog-2,4775.000,0.040000
FOG_NO_IDS_seed2,FOG_NO_IDS,2,fog-3,4775.000,0.040000
FOG_NO_IDS_seed2,FOG_NO_IDS,2,cloud,4800.000,0.000000
FOG_NO_IDS_seed2,FOG_NO_IDS,2,proxy,4800.000,0.000000
FOG_NO_IDS_seed2,FOG_NO_IDS,2,fog-1,4800.000,0.000000
FOG_NO_IDS_seed2,FOG_NO_IDS,2,fog-2,4800.000,0.040000
FOG_NO_IDS_seed2,FOG_NO_IDS,2,fog-3,4800.000,0.000000
FOG_NO_IDS_seed2,FOG_NO_IDS,2,cloud,4825.000,0.000000
FOG_NO_IDS_seed2,FOG_NO_IDS,2,proxy,4825.000,0.000000
FOG_NO_IDS_seed2,FOG_NO_IDS,2,fog-1,4825.000,0.040000
FOG_NO_IDS_seed2,FOG_NO_IDS,2,fog-2,4825.000,0.080000
FOG_NO_IDS_seed2,FOG_NO_IDS,2,fog-3,4825.000,0.040000
FOG_NO_IDS_seed2,FOG_NO_IDS,2,cloud,4850.000,0.000000
FOG_NO_IDS_seed2,FOG_NO_IDS,2,proxy,4850.000,0.000000
FOG_NO_IDS_seed2,FOG_NO_IDS,2,fog-1,4850.000,0.000000
FOG_NO_IDS_seed2,FOG_NO_IDS,2,fog-2,4850.000,0.000000
FOG_NO_IDS_seed2,FOG_NO_IDS,2,fog-3,4850.000,0.000000
FOG_NO_IDS_seed2,FOG_NO_IDS,2,cloud,4875.000,0.000000
FOG_NO_IDS_seed2,FOG_NO_IDS,2,proxy,4875.000,0.000000
FOG_NO_IDS_seed2,FOG_NO_IDS,2,fog-1,4875.000,0.040000
FOG_NO_IDS_seed2,FOG_NO_IDS,2,fog-2,4875.000,0.040000
FOG_NO_IDS_seed2,FOG_NO_IDS,2,fog-3,4875.000,0.040000
FOG_NO_IDS_seed2,FOG_NO_IDS,2,cloud,4900.000,0.000000
FOG_NO_IDS_seed2,FOG_NO_IDS,2,proxy,4900.000,0.000000
FOG_NO_IDS_seed2,FOG_NO_IDS,2,fog-1,4900.000,0.000000
FOG_NO_IDS_seed2,FOG_NO_IDS,2,fog-2,4900.000,0.040000
FOG_NO_IDS_seed2,FOG_NO_IDS,2,fog-3,4900.000,0.000000
FOG_NO_IDS_seed2,FOG_NO_IDS,2,cloud,4925.000,0.000000
FOG_NO_IDS_seed2,FOG_NO_IDS,2,proxy,4925.000,0.000000
FOG_NO_IDS_seed2,FOG_NO_IDS,2,fog-1,4925.000,0.040000
FOG_NO_IDS_seed2,FOG_NO_IDS,2,fog-2,4925.000,0.080000
FOG_NO_IDS_seed2,FOG_NO_IDS,2,fog-3,4925.000,0.040000
FOG_NO_IDS_seed2,FOG_NO_IDS,2,cloud,4950.000,0.000000
FOG_NO_IDS_seed2,FOG_NO_IDS,2,proxy,4950.000,0.000000
FOG_NO_IDS_seed2,FOG_NO_IDS,2,fog-1,4950.000,0.000000
FOG_NO_IDS_seed2,FOG_NO_IDS,2,fog-2,4950.000,0.000000
FOG_NO_IDS_seed2,FOG_NO_IDS,2,fog-3,4950.000,0.000000
FOG_NO_IDS_seed2,FOG_NO_IDS,2,cloud,4975.000,0.000000
FOG_NO_IDS_seed2,FOG_NO_IDS,2,proxy,4975.000,0.000000
FOG_NO_IDS_seed2,FOG_NO_IDS,2,fog-1,4975.000,0.040000
FOG_NO_IDS_seed2,FOG_NO_IDS,2,fog-2,4975.000,0.040000
FOG_NO_IDS_seed2,FOG_NO_IDS,2,fog-3,4975.000,0.040000
FOG_NO_IDS_seed2,FOG_NO_IDS,2,cloud,5000.000,0.000000
FOG_NO_IDS_seed2,FOG_NO_IDS,2,proxy,5000.000,0.000000
FOG_NO_IDS_seed2,FOG_NO_IDS,2,fog-1,5000.000,0.000000
FOG_NO_IDS_seed2,FOG_NO_IDS,2,fog-2,5000.000,0.000000
FOG_NO_IDS_seed2,FOG_NO_IDS,2,fog-3,5000.000,0.000000
FOG_NO_IDS_seed3,FOG_NO_IDS,3,cloud,25.000,0.000179
FOG_NO_IDS_seed3,FOG_NO_IDS,3,proxy,25.000,0.000000
FOG_NO_IDS_seed3,FOG_NO_IDS,3,fog-1,25.000,0.002500
FOG_NO_IDS_seed3,FOG_NO_IDS,3,fog-2,25.000,0.002500
FOG_NO_IDS_seed3,FOG_NO_IDS,3,fog-3,25.000,0.002500
FOG_NO_IDS_seed3,FOG_NO_IDS,3,cloud,50.000,0.000179
FOG_NO_IDS_seed3,FOG_NO_IDS,3,proxy,50.000,0.000000
FOG_NO_IDS_seed3,FOG_NO_IDS,3,fog-1,50.000,0.002500
FOG_NO_IDS_seed3,FOG_NO_IDS,3,fog-2,50.000,0.002500
FOG_NO_IDS_seed3,FOG_NO_IDS,3,fog-3,50.000,0.002500
FOG_NO_IDS_seed3,FOG_NO_IDS,3,cloud,75.000,0.000179
FOG_NO_IDS_seed3,FOG_NO_IDS,3,proxy,75.000,0.000000
FOG_NO_IDS_seed3,FOG_NO_IDS,3,fog-1,75.000,0.002500
FOG_NO_IDS_seed3,FOG_NO_IDS,3,fog-2,75.000,0.002500
FOG_NO_IDS_seed3,FOG_NO_IDS,3,fog-3,75.000,0.002500
FOG_NO_IDS_seed3,FOG_NO_IDS,3,cloud,100.000,0.000179
FOG_NO_IDS_seed3,FOG_NO_IDS,3,proxy,100.000,0.000000
FOG_NO_IDS_seed3,FOG_NO_IDS,3,fog-1,100.000,0.002500
FOG_NO_IDS_seed3,FOG_NO_IDS,3,fog-2,100.000,0.002500
FOG_NO_IDS_seed3,FOG_NO_IDS,3,fog-3,100.000,0.002500
FOG_NO_IDS_seed3,FOG_NO_IDS,3,cloud,125.000,0.000179
FOG_NO_IDS_seed3,FOG_NO_IDS,3,proxy,125.000,0.000000
FOG_NO_IDS_seed3,FOG_NO_IDS,3,fog-1,125.000,0.040100
FOG_NO_IDS_seed3,FOG_NO_IDS,3,fog-2,125.000,0.040100
FOG_NO_IDS_seed3,FOG_NO_IDS,3,fog-3,125.000,0.040100
FOG_NO_IDS_seed3,FOG_NO_IDS,3,cloud,150.000,0.000179
FOG_NO_IDS_seed3,FOG_NO_IDS,3,proxy,150.000,0.000000
FOG_NO_IDS_seed3,FOG_NO_IDS,3,fog-1,150.000,0.000000
FOG_NO_IDS_seed3,FOG_NO_IDS,3,fog-2,150.000,0.000000
FOG_NO_IDS_seed3,FOG_NO_IDS,3,fog-3,150.000,0.000000
FOG_NO_IDS_seed3,FOG_NO_IDS,3,cloud,175.000,0.000071
FOG_NO_IDS_seed3,FOG_NO_IDS,3,proxy,175.000,0.000000
FOG_NO_IDS_seed3,FOG_NO_IDS,3,fog-1,175.000,0.040000
FOG_NO_IDS_seed3,FOG_NO_IDS,3,fog-2,175.000,0.040000
FOG_NO_IDS_seed3,FOG_NO_IDS,3,fog-3,175.000,0.040000
FOG_NO_IDS_seed3,FOG_NO_IDS,3,cloud,200.000,0.000000
FOG_NO_IDS_seed3,FOG_NO_IDS,3,proxy,200.000,0.000000
FOG_NO_IDS_seed3,FOG_NO_IDS,3,fog-1,200.000,0.000000
FOG_NO_IDS_seed3,FOG_NO_IDS,3,fog-2,200.000,0.040000
FOG_NO_IDS_seed3,FOG_NO_IDS,3,fog-3,200.000,0.000000
FOG_NO_IDS_seed3,FOG_NO_IDS,3,cloud,225.000,0.000000
FOG_NO_IDS_seed3,FOG_NO_IDS,3,proxy,225.000,0.000000
FOG_NO_IDS_seed3,FOG_NO_IDS,3,fog-1,225.000,0.040000
FOG_NO_IDS_seed3,FOG_NO_IDS,3,fog-2,225.000,0.080000
FOG_NO_IDS_seed3,FOG_NO_IDS,3,fog-3,225.000,0.040000
FOG_NO_IDS_seed3,FOG_NO_IDS,3,cloud,250.000,0.000000
FOG_NO_IDS_seed3,FOG_NO_IDS,3,proxy,250.000,0.000000
FOG_NO_IDS_seed3,FOG_NO_IDS,3,fog-1,250.000,0.000000
FOG_NO_IDS_seed3,FOG_NO_IDS,3,fog-2,250.000,0.000000
FOG_NO_IDS_seed3,FOG_NO_IDS,3,fog-3,250.000,0.000000
FOG_NO_IDS_seed3,FOG_NO_IDS,3,cloud,275.000,0.000000
FOG_NO_IDS_seed3,FOG_NO_IDS,3,proxy,275.000,0.000000
FOG_NO_IDS_seed3,FOG_NO_IDS,3,fog-1,275.000,0.040000
FOG_NO_IDS_seed3,FOG_NO_IDS,3,fog-2,275.000,0.040000
FOG_NO_IDS_seed3,FOG_NO_IDS,3,fog-3,275.000,0.040000
FOG_NO_IDS_seed3,FOG_NO_IDS,3,cloud,300.000,0.000000
FOG_NO_IDS_seed3,FOG_NO_IDS,3,proxy,300.000,0.000000
FOG_NO_IDS_seed3,FOG_NO_IDS,3,fog-1,300.000,0.040000
FOG_NO_IDS_seed3,FOG_NO_IDS,3,fog-2,300.000,0.040000
FOG_NO_IDS_seed3,FOG_NO_IDS,3,fog-3,300.000,0.040000
FOG_NO_IDS_seed3,FOG_NO_IDS,3,cloud,325.000,0.000000
FOG_NO_IDS_seed3,FOG_NO_IDS,3,proxy,325.000,0.000000
FOG_NO_IDS_seed3,FOG_NO_IDS,3,fog-1,325.000,0.080000
FOG_NO_IDS_seed3,FOG_NO_IDS,3,fog-2,325.000,0.080000
FOG_NO_IDS_seed3,FOG_NO_IDS,3,fog-3,325.000,0.080000
FOG_NO_IDS_seed3,FOG_NO_IDS,3,cloud,350.000,0.000000
FOG_NO_IDS_seed3,FOG_NO_IDS,3,proxy,350.000,0.000000
FOG_NO_IDS_seed3,FOG_NO_IDS,3,fog-1,350.000,0.000000
FOG_NO_IDS_seed3,FOG_NO_IDS,3,fog-2,350.000,0.000000
FOG_NO_IDS_seed3,FOG_NO_IDS,3,fog-3,350.000,0.000000
FOG_NO_IDS_seed3,FOG_NO_IDS,3,cloud,375.000,0.000000
FOG_NO_IDS_seed3,FOG_NO_IDS,3,proxy,375.000,0.000000
FOG_NO_IDS_seed3,FOG_NO_IDS,3,fog-1,375.000,0.040000
FOG_NO_IDS_seed3,FOG_NO_IDS,3,fog-2,375.000,0.040000
FOG_NO_IDS_seed3,FOG_NO_IDS,3,fog-3,375.000,0.040000
FOG_NO_IDS_seed3,FOG_NO_IDS,3,cloud,400.000,0.000000
FOG_NO_IDS_seed3,FOG_NO_IDS,3,proxy,400.000,0.000000
FOG_NO_IDS_seed3,FOG_NO_IDS,3,fog-1,400.000,0.000000
FOG_NO_IDS_seed3,FOG_NO_IDS,3,fog-2,400.000,0.040000
FOG_NO_IDS_seed3,FOG_NO_IDS,3,fog-3,400.000,0.040000
FOG_NO_IDS_seed3,FOG_NO_IDS,3,cloud,425.000,0.000000
FOG_NO_IDS_seed3,FOG_NO_IDS,3,proxy,425.000,0.000000
FOG_NO_IDS_seed3,FOG_NO_IDS,3,fog-1,425.000,0.040000
FOG_NO_IDS_seed3,FOG_NO_IDS,3,fog-2,425.000,0.080000
FOG_NO_IDS_seed3,FOG_NO_IDS,3,fog-3,425.000,0.080000
FOG_NO_IDS_seed3,FOG_NO_IDS,3,cloud,450.000,0.000000
FOG_NO_IDS_seed3,FOG_NO_IDS,3,proxy,450.000,0.000000
FOG_NO_IDS_seed3,FOG_NO_IDS,3,fog-1,450.000,0.000000
FOG_NO_IDS_seed3,FOG_NO_IDS,3,fog-2,450.000,0.000000
FOG_NO_IDS_seed3,FOG_NO_IDS,3,fog-3,450.000,0.000000
FOG_NO_IDS_seed3,FOG_NO_IDS,3,cloud,475.000,0.000000
FOG_NO_IDS_seed3,FOG_NO_IDS,3,proxy,475.000,0.000000
FOG_NO_IDS_seed3,FOG_NO_IDS,3,fog-1,475.000,0.040000
FOG_NO_IDS_seed3,FOG_NO_IDS,3,fog-2,475.000,0.040000
FOG_NO_IDS_seed3,FOG_NO_IDS,3,fog-3,475.000,0.040000
FOG_NO_IDS_seed3,FOG_NO_IDS,3,cloud,500.000,0.000000
FOG_NO_IDS_seed3,FOG_NO_IDS,3,proxy,500.000,0.000000
FOG_NO_IDS_seed3,FOG_NO_IDS,3,fog-1,500.000,0.040000
FOG_NO_IDS_seed3,FOG_NO_IDS,3,fog-2,500.000,0.040000
FOG_NO_IDS_seed3,FOG_NO_IDS,3,fog-3,500.000,0.000000
FOG_NO_IDS_seed3,FOG_NO_IDS,3,cloud,525.000,0.000000
FOG_NO_IDS_seed3,FOG_NO_IDS,3,proxy,525.000,0.000000
FOG_NO_IDS_seed3,FOG_NO_IDS,3,fog-1,525.000,0.080000
FOG_NO_IDS_seed3,FOG_NO_IDS,3,fog-2,525.000,0.080000
FOG_NO_IDS_seed3,FOG_NO_IDS,3,fog-3,525.000,0.040000
FOG_NO_IDS_seed3,FOG_NO_IDS,3,cloud,550.000,0.000000
FOG_NO_IDS_seed3,FOG_NO_IDS,3,proxy,550.000,0.000000
FOG_NO_IDS_seed3,FOG_NO_IDS,3,fog-1,550.000,0.000000
FOG_NO_IDS_seed3,FOG_NO_IDS,3,fog-2,550.000,0.000000
FOG_NO_IDS_seed3,FOG_NO_IDS,3,fog-3,550.000,0.000000
FOG_NO_IDS_seed3,FOG_NO_IDS,3,cloud,575.000,0.000000
FOG_NO_IDS_seed3,FOG_NO_IDS,3,proxy,575.000,0.000000
FOG_NO_IDS_seed3,FOG_NO_IDS,3,fog-1,575.000,0.040000
FOG_NO_IDS_seed3,FOG_NO_IDS,3,fog-2,575.000,0.040000
FOG_NO_IDS_seed3,FOG_NO_IDS,3,fog-3,575.000,0.040000
FOG_NO_IDS_seed3,FOG_NO_IDS,3,cloud,600.000,0.000000
FOG_NO_IDS_seed3,FOG_NO_IDS,3,proxy,600.000,0.000000
FOG_NO_IDS_seed3,FOG_NO_IDS,3,fog-1,600.000,0.040000
FOG_NO_IDS_seed3,FOG_NO_IDS,3,fog-2,600.000,0.040000
FOG_NO_IDS_seed3,FOG_NO_IDS,3,fog-3,600.000,0.000000
FOG_NO_IDS_seed3,FOG_NO_IDS,3,cloud,625.000,0.000000
FOG_NO_IDS_seed3,FOG_NO_IDS,3,proxy,625.000,0.000000
FOG_NO_IDS_seed3,FOG_NO_IDS,3,fog-1,625.000,0.080000
FOG_NO_IDS_seed3,FOG_NO_IDS,3,fog-2,625.000,0.080000
FOG_NO_IDS_seed3,FOG_NO_IDS,3,fog-3,625.000,0.040000
FOG_NO_IDS_seed3,FOG_NO_IDS,3,cloud,650.000,0.000000
FOG_NO_IDS_seed3,FOG_NO_IDS,3,proxy,650.000,0.000000
FOG_NO_IDS_seed3,FOG_NO_IDS,3,fog-1,650.000,0.000000
FOG_NO_IDS_seed3,FOG_NO_IDS,3,fog-2,650.000,0.000000
FOG_NO_IDS_seed3,FOG_NO_IDS,3,fog-3,650.000,0.000000
FOG_NO_IDS_seed3,FOG_NO_IDS,3,cloud,675.000,0.000000
FOG_NO_IDS_seed3,FOG_NO_IDS,3,proxy,675.000,0.000000
FOG_NO_IDS_seed3,FOG_NO_IDS,3,fog-1,675.000,0.040000
FOG_NO_IDS_seed3,FOG_NO_IDS,3,fog-2,675.000,0.040000
FOG_NO_IDS_seed3,FOG_NO_IDS,3,fog-3,675.000,0.040000
FOG_NO_IDS_seed3,FOG_NO_IDS,3,cloud,700.000,0.000000
FOG_NO_IDS_seed3,FOG_NO_IDS,3,proxy,700.000,0.000000
FOG_NO_IDS_seed3,FOG_NO_IDS,3,fog-1,700.000,0.040000
FOG_NO_IDS_seed3,FOG_NO_IDS,3,fog-2,700.000,0.040000
FOG_NO_IDS_seed3,FOG_NO_IDS,3,fog-3,700.000,0.040000
FOG_NO_IDS_seed3,FOG_NO_IDS,3,cloud,725.000,0.000000
FOG_NO_IDS_seed3,FOG_NO_IDS,3,proxy,725.000,0.000000
FOG_NO_IDS_seed3,FOG_NO_IDS,3,fog-1,725.000,0.080000
FOG_NO_IDS_seed3,FOG_NO_IDS,3,fog-2,725.000,0.080000
FOG_NO_IDS_seed3,FOG_NO_IDS,3,fog-3,725.000,0.080000
FOG_NO_IDS_seed3,FOG_NO_IDS,3,cloud,750.000,0.000000
FOG_NO_IDS_seed3,FOG_NO_IDS,3,proxy,750.000,0.000000
FOG_NO_IDS_seed3,FOG_NO_IDS,3,fog-1,750.000,0.000000
FOG_NO_IDS_seed3,FOG_NO_IDS,3,fog-2,750.000,0.000000
FOG_NO_IDS_seed3,FOG_NO_IDS,3,fog-3,750.000,0.000000
FOG_NO_IDS_seed3,FOG_NO_IDS,3,cloud,775.000,0.000000
FOG_NO_IDS_seed3,FOG_NO_IDS,3,proxy,775.000,0.000000
FOG_NO_IDS_seed3,FOG_NO_IDS,3,fog-1,775.000,0.040000
FOG_NO_IDS_seed3,FOG_NO_IDS,3,fog-2,775.000,0.040000
FOG_NO_IDS_seed3,FOG_NO_IDS,3,fog-3,775.000,0.040000
FOG_NO_IDS_seed3,FOG_NO_IDS,3,cloud,800.000,0.000000
FOG_NO_IDS_seed3,FOG_NO_IDS,3,proxy,800.000,0.000000
FOG_NO_IDS_seed3,FOG_NO_IDS,3,fog-1,800.000,0.040000
FOG_NO_IDS_seed3,FOG_NO_IDS,3,fog-2,800.000,0.040000
FOG_NO_IDS_seed3,FOG_NO_IDS,3,fog-3,800.000,0.040000
FOG_NO_IDS_seed3,FOG_NO_IDS,3,cloud,825.000,0.000000
FOG_NO_IDS_seed3,FOG_NO_IDS,3,proxy,825.000,0.000000
FOG_NO_IDS_seed3,FOG_NO_IDS,3,fog-1,825.000,0.080000
FOG_NO_IDS_seed3,FOG_NO_IDS,3,fog-2,825.000,0.080000
FOG_NO_IDS_seed3,FOG_NO_IDS,3,fog-3,825.000,0.080000
FOG_NO_IDS_seed3,FOG_NO_IDS,3,cloud,850.000,0.000000
FOG_NO_IDS_seed3,FOG_NO_IDS,3,proxy,850.000,0.000000
FOG_NO_IDS_seed3,FOG_NO_IDS,3,fog-1,850.000,0.000000
FOG_NO_IDS_seed3,FOG_NO_IDS,3,fog-2,850.000,0.000000
FOG_NO_IDS_seed3,FOG_NO_IDS,3,fog-3,850.000,0.000000
FOG_NO_IDS_seed3,FOG_NO_IDS,3,cloud,875.000,0.000000
FOG_NO_IDS_seed3,FOG_NO_IDS,3,proxy,875.000,0.000000
FOG_NO_IDS_seed3,FOG_NO_IDS,3,fog-1,875.000,0.040000
FOG_NO_IDS_seed3,FOG_NO_IDS,3,fog-2,875.000,0.040000
FOG_NO_IDS_seed3,FOG_NO_IDS,3,fog-3,875.000,0.040000
FOG_NO_IDS_seed3,FOG_NO_IDS,3,cloud,900.000,0.000000
FOG_NO_IDS_seed3,FOG_NO_IDS,3,proxy,900.000,0.000000
FOG_NO_IDS_seed3,FOG_NO_IDS,3,fog-1,900.000,0.000000
FOG_NO_IDS_seed3,FOG_NO_IDS,3,fog-2,900.000,0.040000
FOG_NO_IDS_seed3,FOG_NO_IDS,3,fog-3,900.000,0.000000
FOG_NO_IDS_seed3,FOG_NO_IDS,3,cloud,925.000,0.000000
FOG_NO_IDS_seed3,FOG_NO_IDS,3,proxy,925.000,0.000000
FOG_NO_IDS_seed3,FOG_NO_IDS,3,fog-1,925.000,0.040000
FOG_NO_IDS_seed3,FOG_NO_IDS,3,fog-2,925.000,0.080000
FOG_NO_IDS_seed3,FOG_NO_IDS,3,fog-3,925.000,0.040000
FOG_NO_IDS_seed3,FOG_NO_IDS,3,cloud,950.000,0.000000
FOG_NO_IDS_seed3,FOG_NO_IDS,3,proxy,950.000,0.000000
FOG_NO_IDS_seed3,FOG_NO_IDS,3,fog-1,950.000,0.000000
FOG_NO_IDS_seed3,FOG_NO_IDS,3,fog-2,950.000,0.000000
FOG_NO_IDS_seed3,FOG_NO_IDS,3,fog-3,950.000,0.000000
FOG_NO_IDS_seed3,FOG_NO_IDS,3,cloud,975.000,0.000000
FOG_NO_IDS_seed3,FOG_NO_IDS,3,proxy,975.000,0.000000
FOG_NO_IDS_seed3,FOG_NO_IDS,3,fog-1,975.000,0.040000
FOG_NO_IDS_seed3,FOG_NO_IDS,3,fog-2,975.000,0.040000
FOG_NO_IDS_seed3,FOG_NO_IDS,3,fog-3,975.000,0.040000
FOG_NO_IDS_seed3,FOG_NO_IDS,3,cloud,1000.000,0.000000
FOG_NO_IDS_seed3,FOG_NO_IDS,3,proxy,1000.000,0.000000
FOG_NO_IDS_seed3,FOG_NO_IDS,3,fog-1,1000.000,0.000000
FOG_NO_IDS_seed3,FOG_NO_IDS,3,fog-2,1000.000,0.040000
FOG_NO_IDS_seed3,FOG_NO_IDS,3,fog-3,1000.000,0.000000
FOG_NO_IDS_seed3,FOG_NO_IDS,3,cloud,1025.000,0.000000
FOG_NO_IDS_seed3,FOG_NO_IDS,3,proxy,1025.000,0.000000
FOG_NO_IDS_seed3,FOG_NO_IDS,3,fog-1,1025.000,0.040000
FOG_NO_IDS_seed3,FOG_NO_IDS,3,fog-2,1025.000,0.080000
FOG_NO_IDS_seed3,FOG_NO_IDS,3,fog-3,1025.000,0.040000
FOG_NO_IDS_seed3,FOG_NO_IDS,3,cloud,1050.000,0.000000
FOG_NO_IDS_seed3,FOG_NO_IDS,3,proxy,1050.000,0.000000
FOG_NO_IDS_seed3,FOG_NO_IDS,3,fog-1,1050.000,0.000000
FOG_NO_IDS_seed3,FOG_NO_IDS,3,fog-2,1050.000,0.000000
FOG_NO_IDS_seed3,FOG_NO_IDS,3,fog-3,1050.000,0.000000
FOG_NO_IDS_seed3,FOG_NO_IDS,3,cloud,1075.000,0.000000
FOG_NO_IDS_seed3,FOG_NO_IDS,3,proxy,1075.000,0.000000
FOG_NO_IDS_seed3,FOG_NO_IDS,3,fog-1,1075.000,0.040000
FOG_NO_IDS_seed3,FOG_NO_IDS,3,fog-2,1075.000,0.040000
FOG_NO_IDS_seed3,FOG_NO_IDS,3,fog-3,1075.000,0.040000
FOG_NO_IDS_seed3,FOG_NO_IDS,3,cloud,1100.000,0.000000
FOG_NO_IDS_seed3,FOG_NO_IDS,3,proxy,1100.000,0.000000
FOG_NO_IDS_seed3,FOG_NO_IDS,3,fog-1,1100.000,0.040000
FOG_NO_IDS_seed3,FOG_NO_IDS,3,fog-2,1100.000,0.040000
FOG_NO_IDS_seed3,FOG_NO_IDS,3,fog-3,1100.000,0.040000
FOG_NO_IDS_seed3,FOG_NO_IDS,3,cloud,1125.000,0.000000
FOG_NO_IDS_seed3,FOG_NO_IDS,3,proxy,1125.000,0.000000
FOG_NO_IDS_seed3,FOG_NO_IDS,3,fog-1,1125.000,0.080000
FOG_NO_IDS_seed3,FOG_NO_IDS,3,fog-2,1125.000,0.080000
FOG_NO_IDS_seed3,FOG_NO_IDS,3,fog-3,1125.000,0.080000
FOG_NO_IDS_seed3,FOG_NO_IDS,3,cloud,1150.000,0.000000
FOG_NO_IDS_seed3,FOG_NO_IDS,3,proxy,1150.000,0.000000
FOG_NO_IDS_seed3,FOG_NO_IDS,3,fog-1,1150.000,0.000000
FOG_NO_IDS_seed3,FOG_NO_IDS,3,fog-2,1150.000,0.000000
FOG_NO_IDS_seed3,FOG_NO_IDS,3,fog-3,1150.000,0.000000
FOG_NO_IDS_seed3,FOG_NO_IDS,3,cloud,1175.000,0.000000
FOG_NO_IDS_seed3,FOG_NO_IDS,3,proxy,1175.000,0.000000
FOG_NO_IDS_seed3,FOG_NO_IDS,3,fog-1,1175.000,0.040000
FOG_NO_IDS_seed3,FOG_NO_IDS,3,fog-2,1175.000,0.040000
FOG_NO_IDS_seed3,FOG_NO_IDS,3,fog-3,1175.000,0.040000
FOG_NO_IDS_seed3,FOG_NO_IDS,3,cloud,1200.000,0.000000
FOG_NO_IDS_seed3,FOG_NO_IDS,3,proxy,1200.000,0.000000
FOG_NO_IDS_seed3,FOG_NO_IDS,3,fog-1,1200.000,0.000000
FOG_NO_IDS_seed3,FOG_NO_IDS,3,fog-2,1200.000,0.040000
FOG_NO_IDS_seed3,FOG_NO_IDS,3,fog-3,1200.000,0.040000
FOG_NO_IDS_seed3,FOG_NO_IDS,3,cloud,1225.000,0.000000
FOG_NO_IDS_seed3,FOG_NO_IDS,3,proxy,1225.000,0.000000
FOG_NO_IDS_seed3,FOG_NO_IDS,3,fog-1,1225.000,0.040000
FOG_NO_IDS_seed3,FOG_NO_IDS,3,fog-2,1225.000,0.080000
FOG_NO_IDS_seed3,FOG_NO_IDS,3,fog-3,1225.000,0.080000
FOG_NO_IDS_seed3,FOG_NO_IDS,3,cloud,1250.000,0.000000
FOG_NO_IDS_seed3,FOG_NO_IDS,3,proxy,1250.000,0.000000
FOG_NO_IDS_seed3,FOG_NO_IDS,3,fog-1,1250.000,0.000000
FOG_NO_IDS_seed3,FOG_NO_IDS,3,fog-2,1250.000,0.000000
FOG_NO_IDS_seed3,FOG_NO_IDS,3,fog-3,1250.000,0.000000
FOG_NO_IDS_seed3,FOG_NO_IDS,3,cloud,1275.000,0.000000
FOG_NO_IDS_seed3,FOG_NO_IDS,3,proxy,1275.000,0.000000
FOG_NO_IDS_seed3,FOG_NO_IDS,3,fog-1,1275.000,0.040000
FOG_NO_IDS_seed3,FOG_NO_IDS,3,fog-2,1275.000,0.040000
FOG_NO_IDS_seed3,FOG_NO_IDS,3,fog-3,1275.000,0.040000
FOG_NO_IDS_seed3,FOG_NO_IDS,3,cloud,1300.000,0.000000
FOG_NO_IDS_seed3,FOG_NO_IDS,3,proxy,1300.000,0.000000
FOG_NO_IDS_seed3,FOG_NO_IDS,3,fog-1,1300.000,0.000000
FOG_NO_IDS_seed3,FOG_NO_IDS,3,fog-2,1300.000,0.040000
FOG_NO_IDS_seed3,FOG_NO_IDS,3,fog-3,1300.000,0.000000
FOG_NO_IDS_seed3,FOG_NO_IDS,3,cloud,1325.000,0.000000
FOG_NO_IDS_seed3,FOG_NO_IDS,3,proxy,1325.000,0.000000
FOG_NO_IDS_seed3,FOG_NO_IDS,3,fog-1,1325.000,0.040000
FOG_NO_IDS_seed3,FOG_NO_IDS,3,fog-2,1325.000,0.080000
FOG_NO_IDS_seed3,FOG_NO_IDS,3,fog-3,1325.000,0.040000
FOG_NO_IDS_seed3,FOG_NO_IDS,3,cloud,1350.000,0.000000
FOG_NO_IDS_seed3,FOG_NO_IDS,3,proxy,1350.000,0.000000
FOG_NO_IDS_seed3,FOG_NO_IDS,3,fog-1,1350.000,0.000000
FOG_NO_IDS_seed3,FOG_NO_IDS,3,fog-2,1350.000,0.000000
FOG_NO_IDS_seed3,FOG_NO_IDS,3,fog-3,1350.000,0.000000
FOG_NO_IDS_seed3,FOG_NO_IDS,3,cloud,1375.000,0.000000
FOG_NO_IDS_seed3,FOG_NO_IDS,3,proxy,1375.000,0.000000
FOG_NO_IDS_seed3,FOG_NO_IDS,3,fog-1,1375.000,0.040000
FOG_NO_IDS_seed3,FOG_NO_IDS,3,fog-2,1375.000,0.040000
FOG_NO_IDS_seed3,FOG_NO_IDS,3,fog-3,1375.000,0.040000
FOG_NO_IDS_seed3,FOG_NO_IDS,3,cloud,1400.000,0.000000
FOG_NO_IDS_seed3,FOG_NO_IDS,3,proxy,1400.000,0.000000
FOG_NO_IDS_seed3,FOG_NO_IDS,3,fog-1,1400.000,0.040000
FOG_NO_IDS_seed3,FOG_NO_IDS,3,fog-2,1400.000,0.040000
FOG_NO_IDS_seed3,FOG_NO_IDS,3,fog-3,1400.000,0.040000
FOG_NO_IDS_seed3,FOG_NO_IDS,3,cloud,1425.000,0.000000
FOG_NO_IDS_seed3,FOG_NO_IDS,3,proxy,1425.000,0.000000
FOG_NO_IDS_seed3,FOG_NO_IDS,3,fog-1,1425.000,0.080000
FOG_NO_IDS_seed3,FOG_NO_IDS,3,fog-2,1425.000,0.080000
FOG_NO_IDS_seed3,FOG_NO_IDS,3,fog-3,1425.000,0.080000
FOG_NO_IDS_seed3,FOG_NO_IDS,3,cloud,1450.000,0.000000
FOG_NO_IDS_seed3,FOG_NO_IDS,3,proxy,1450.000,0.000000
FOG_NO_IDS_seed3,FOG_NO_IDS,3,fog-1,1450.000,0.000000
FOG_NO_IDS_seed3,FOG_NO_IDS,3,fog-2,1450.000,0.000000
FOG_NO_IDS_seed3,FOG_NO_IDS,3,fog-3,1450.000,0.000000
FOG_NO_IDS_seed3,FOG_NO_IDS,3,cloud,1475.000,0.000000
FOG_NO_IDS_seed3,FOG_NO_IDS,3,proxy,1475.000,0.000000
FOG_NO_IDS_seed3,FOG_NO_IDS,3,fog-1,1475.000,0.040000
FOG_NO_IDS_seed3,FOG_NO_IDS,3,fog-2,1475.000,0.040000
FOG_NO_IDS_seed3,FOG_NO_IDS,3,fog-3,1475.000,0.040000
FOG_NO_IDS_seed3,FOG_NO_IDS,3,cloud,1500.000,0.000000
FOG_NO_IDS_seed3,FOG_NO_IDS,3,proxy,1500.000,0.000000
FOG_NO_IDS_seed3,FOG_NO_IDS,3,fog-1,1500.000,0.000000
FOG_NO_IDS_seed3,FOG_NO_IDS,3,fog-2,1500.000,0.040000
FOG_NO_IDS_seed3,FOG_NO_IDS,3,fog-3,1500.000,0.000000
FOG_NO_IDS_seed3,FOG_NO_IDS,3,cloud,1525.000,0.000000
FOG_NO_IDS_seed3,FOG_NO_IDS,3,proxy,1525.000,0.000000
FOG_NO_IDS_seed3,FOG_NO_IDS,3,fog-1,1525.000,0.040000
FOG_NO_IDS_seed3,FOG_NO_IDS,3,fog-2,1525.000,0.080000
FOG_NO_IDS_seed3,FOG_NO_IDS,3,fog-3,1525.000,0.040000
FOG_NO_IDS_seed3,FOG_NO_IDS,3,cloud,1550.000,0.000000
FOG_NO_IDS_seed3,FOG_NO_IDS,3,proxy,1550.000,0.000000
FOG_NO_IDS_seed3,FOG_NO_IDS,3,fog-1,1550.000,0.000000
FOG_NO_IDS_seed3,FOG_NO_IDS,3,fog-2,1550.000,0.000000
FOG_NO_IDS_seed3,FOG_NO_IDS,3,fog-3,1550.000,0.000000
FOG_NO_IDS_seed3,FOG_NO_IDS,3,cloud,1575.000,0.000000
FOG_NO_IDS_seed3,FOG_NO_IDS,3,proxy,1575.000,0.000000
FOG_NO_IDS_seed3,FOG_NO_IDS,3,fog-1,1575.000,0.040000
FOG_NO_IDS_seed3,FOG_NO_IDS,3,fog-2,1575.000,0.040000
FOG_NO_IDS_seed3,FOG_NO_IDS,3,fog-3,1575.000,0.040000
FOG_NO_IDS_seed3,FOG_NO_IDS,3,cloud,1600.000,0.000000
FOG_NO_IDS_seed3,FOG_NO_IDS,3,proxy,1600.000,0.000000
FOG_NO_IDS_seed3,FOG_NO_IDS,3,fog-1,1600.000,0.040000
FOG_NO_IDS_seed3,FOG_NO_IDS,3,fog-2,1600.000,0.040000
FOG_NO_IDS_seed3,FOG_NO_IDS,3,fog-3,1600.000,0.000000
FOG_NO_IDS_seed3,FOG_NO_IDS,3,cloud,1625.000,0.000000
FOG_NO_IDS_seed3,FOG_NO_IDS,3,proxy,1625.000,0.000000
FOG_NO_IDS_seed3,FOG_NO_IDS,3,fog-1,1625.000,0.080000
FOG_NO_IDS_seed3,FOG_NO_IDS,3,fog-2,1625.000,0.080000
FOG_NO_IDS_seed3,FOG_NO_IDS,3,fog-3,1625.000,0.040000
FOG_NO_IDS_seed3,FOG_NO_IDS,3,cloud,1650.000,0.000000
FOG_NO_IDS_seed3,FOG_NO_IDS,3,proxy,1650.000,0.000000
FOG_NO_IDS_seed3,FOG_NO_IDS,3,fog-1,1650.000,0.000000
FOG_NO_IDS_seed3,FOG_NO_IDS,3,fog-2,1650.000,0.000000
FOG_NO_IDS_seed3,FOG_NO_IDS,3,fog-3,1650.000,0.000000
FOG_NO_IDS_seed3,FOG_NO_IDS,3,cloud,1675.000,0.000000
FOG_NO_IDS_seed3,FOG_NO_IDS,3,proxy,1675.000,0.000000
FOG_NO_IDS_seed3,FOG_NO_IDS,3,fog-1,1675.000,0.040000
FOG_NO_IDS_seed3,FOG_NO_IDS,3,fog-2,1675.000,0.040000
FOG_NO_IDS_seed3,FOG_NO_IDS,3,fog-3,1675.000,0.040000
FOG_NO_IDS_seed3,FOG_NO_IDS,3,cloud,1700.000,0.000000
FOG_NO_IDS_seed3,FOG_NO_IDS,3,proxy,1700.000,0.000000
FOG_NO_IDS_seed3,FOG_NO_IDS,3,fog-1,1700.000,0.040000
FOG_NO_IDS_seed3,FOG_NO_IDS,3,fog-2,1700.000,0.040000
FOG_NO_IDS_seed3,FOG_NO_IDS,3,fog-3,1700.000,0.000000
FOG_NO_IDS_seed3,FOG_NO_IDS,3,cloud,1725.000,0.000000
FOG_NO_IDS_seed3,FOG_NO_IDS,3,proxy,1725.000,0.000000
FOG_NO_IDS_seed3,FOG_NO_IDS,3,fog-1,1725.000,0.080000
FOG_NO_IDS_seed3,FOG_NO_IDS,3,fog-2,1725.000,0.080000
FOG_NO_IDS_seed3,FOG_NO_IDS,3,fog-3,1725.000,0.040000
FOG_NO_IDS_seed3,FOG_NO_IDS,3,cloud,1750.000,0.000000
FOG_NO_IDS_seed3,FOG_NO_IDS,3,proxy,1750.000,0.000000
FOG_NO_IDS_seed3,FOG_NO_IDS,3,fog-1,1750.000,0.000000
FOG_NO_IDS_seed3,FOG_NO_IDS,3,fog-2,1750.000,0.000000
FOG_NO_IDS_seed3,FOG_NO_IDS,3,fog-3,1750.000,0.000000
FOG_NO_IDS_seed3,FOG_NO_IDS,3,cloud,1775.000,0.000000
FOG_NO_IDS_seed3,FOG_NO_IDS,3,proxy,1775.000,0.000000
FOG_NO_IDS_seed3,FOG_NO_IDS,3,fog-1,1775.000,0.040000
FOG_NO_IDS_seed3,FOG_NO_IDS,3,fog-2,1775.000,0.040000
FOG_NO_IDS_seed3,FOG_NO_IDS,3,fog-3,1775.000,0.040000
FOG_NO_IDS_seed3,FOG_NO_IDS,3,cloud,1800.000,0.000000
FOG_NO_IDS_seed3,FOG_NO_IDS,3,proxy,1800.000,0.000000
FOG_NO_IDS_seed3,FOG_NO_IDS,3,fog-1,1800.000,0.000000
FOG_NO_IDS_seed3,FOG_NO_IDS,3,fog-2,1800.000,0.040000
FOG_NO_IDS_seed3,FOG_NO_IDS,3,fog-3,1800.000,0.000000
FOG_NO_IDS_seed3,FOG_NO_IDS,3,cloud,1825.000,0.000000
FOG_NO_IDS_seed3,FOG_NO_IDS,3,proxy,1825.000,0.000000
FOG_NO_IDS_seed3,FOG_NO_IDS,3,fog-1,1825.000,0.040000
FOG_NO_IDS_seed3,FOG_NO_IDS,3,fog-2,1825.000,0.080000
FOG_NO_IDS_seed3,FOG_NO_IDS,3,fog-3,1825.000,0.040000
FOG_NO_IDS_seed3,FOG_NO_IDS,3,cloud,1850.000,0.000000
FOG_NO_IDS_seed3,FOG_NO_IDS,3,proxy,1850.000,0.000000
FOG_NO_IDS_seed3,FOG_NO_IDS,3,fog-1,1850.000,0.000000
FOG_NO_IDS_seed3,FOG_NO_IDS,3,fog-2,1850.000,0.000000
FOG_NO_IDS_seed3,FOG_NO_IDS,3,fog-3,1850.000,0.000000
FOG_NO_IDS_seed3,FOG_NO_IDS,3,cloud,1875.000,0.000000
FOG_NO_IDS_seed3,FOG_NO_IDS,3,proxy,1875.000,0.000000
FOG_NO_IDS_seed3,FOG_NO_IDS,3,fog-1,1875.000,0.040000
FOG_NO_IDS_seed3,FOG_NO_IDS,3,fog-2,1875.000,0.040000
FOG_NO_IDS_seed3,FOG_NO_IDS,3,fog-3,1875.000,0.040000
FOG_NO_IDS_seed3,FOG_NO_IDS,3,cloud,1900.000,0.000000
FOG_NO_IDS_seed3,FOG_NO_IDS,3,proxy,1900.000,0.000000
FOG_NO_IDS_seed3,FOG_NO_IDS,3,fog-1,1900.000,0.040000
FOG_NO_IDS_seed3,FOG_NO_IDS,3,fog-2,1900.000,0.040000
FOG_NO_IDS_seed3,FOG_NO_IDS,3,fog-3,1900.000,0.000000
FOG_NO_IDS_seed3,FOG_NO_IDS,3,cloud,1925.000,0.000000
FOG_NO_IDS_seed3,FOG_NO_IDS,3,proxy,1925.000,0.000000
FOG_NO_IDS_seed3,FOG_NO_IDS,3,fog-1,1925.000,0.080000
FOG_NO_IDS_seed3,FOG_NO_IDS,3,fog-2,1925.000,0.080000
FOG_NO_IDS_seed3,FOG_NO_IDS,3,fog-3,1925.000,0.040000
FOG_NO_IDS_seed3,FOG_NO_IDS,3,cloud,1950.000,0.000000
FOG_NO_IDS_seed3,FOG_NO_IDS,3,proxy,1950.000,0.000000
FOG_NO_IDS_seed3,FOG_NO_IDS,3,fog-1,1950.000,0.000000
FOG_NO_IDS_seed3,FOG_NO_IDS,3,fog-2,1950.000,0.000000
FOG_NO_IDS_seed3,FOG_NO_IDS,3,fog-3,1950.000,0.000000
FOG_NO_IDS_seed3,FOG_NO_IDS,3,cloud,1975.000,0.000000
FOG_NO_IDS_seed3,FOG_NO_IDS,3,proxy,1975.000,0.000000
FOG_NO_IDS_seed3,FOG_NO_IDS,3,fog-1,1975.000,0.040000
FOG_NO_IDS_seed3,FOG_NO_IDS,3,fog-2,1975.000,0.040000
FOG_NO_IDS_seed3,FOG_NO_IDS,3,fog-3,1975.000,0.040000
FOG_NO_IDS_seed3,FOG_NO_IDS,3,cloud,2000.000,0.000000
FOG_NO_IDS_seed3,FOG_NO_IDS,3,proxy,2000.000,0.000000
FOG_NO_IDS_seed3,FOG_NO_IDS,3,fog-1,2000.000,0.040000
FOG_NO_IDS_seed3,FOG_NO_IDS,3,fog-2,2000.000,0.040000
FOG_NO_IDS_seed3,FOG_NO_IDS,3,fog-3,2000.000,0.040000
FOG_NO_IDS_seed3,FOG_NO_IDS,3,cloud,2025.000,0.000000
FOG_NO_IDS_seed3,FOG_NO_IDS,3,proxy,2025.000,0.000000
FOG_NO_IDS_seed3,FOG_NO_IDS,3,fog-1,2025.000,0.080000
FOG_NO_IDS_seed3,FOG_NO_IDS,3,fog-2,2025.000,0.080000
FOG_NO_IDS_seed3,FOG_NO_IDS,3,fog-3,2025.000,0.080000
FOG_NO_IDS_seed3,FOG_NO_IDS,3,cloud,2050.000,0.000000
FOG_NO_IDS_seed3,FOG_NO_IDS,3,proxy,2050.000,0.000000
FOG_NO_IDS_seed3,FOG_NO_IDS,3,fog-1,2050.000,0.000000
FOG_NO_IDS_seed3,FOG_NO_IDS,3,fog-2,2050.000,0.000000
FOG_NO_IDS_seed3,FOG_NO_IDS,3,fog-3,2050.000,0.000000
FOG_NO_IDS_seed3,FOG_NO_IDS,3,cloud,2075.000,0.000000
FOG_NO_IDS_seed3,FOG_NO_IDS,3,proxy,2075.000,0.000000
FOG_NO_IDS_seed3,FOG_NO_IDS,3,fog-1,2075.000,0.040000
FOG_NO_IDS_seed3,FOG_NO_IDS,3,fog-2,2075.000,0.040000
FOG_NO_IDS_seed3,FOG_NO_IDS,3,fog-3,2075.000,0.040000
FOG_NO_IDS_seed3,FOG_NO_IDS,3,cloud,2100.000,0.000000
FOG_NO_IDS_seed3,FOG_NO_IDS,3,proxy,2100.000,0.000000
FOG_NO_IDS_seed3,FOG_NO_IDS,3,fog-1,2100.000,0.000000
FOG_NO_IDS_seed3,FOG_NO_IDS,3,fog-2,2100.000,0.000000
FOG_NO_IDS_seed3,FOG_NO_IDS,3,fog-3,2100.000,0.000000
FOG_NO_IDS_seed3,FOG_NO_IDS,3,cloud,2125.000,0.000000
FOG_NO_IDS_seed3,FOG_NO_IDS,3,proxy,2125.000,0.000000
FOG_NO_IDS_seed3,FOG_NO_IDS,3,fog-1,2125.000,0.040000
FOG_NO_IDS_seed3,FOG_NO_IDS,3,fog-2,2125.000,0.040000
FOG_NO_IDS_seed3,FOG_NO_IDS,3,fog-3,2125.000,0.040000
FOG_NO_IDS_seed3,FOG_NO_IDS,3,cloud,2150.000,0.000000
FOG_NO_IDS_seed3,FOG_NO_IDS,3,proxy,2150.000,0.000000
FOG_NO_IDS_seed3,FOG_NO_IDS,3,fog-1,2150.000,0.000000
FOG_NO_IDS_seed3,FOG_NO_IDS,3,fog-2,2150.000,0.000000
FOG_NO_IDS_seed3,FOG_NO_IDS,3,fog-3,2150.000,0.000000
FOG_NO_IDS_seed3,FOG_NO_IDS,3,cloud,2175.000,0.000000
FOG_NO_IDS_seed3,FOG_NO_IDS,3,proxy,2175.000,0.000000
FOG_NO_IDS_seed3,FOG_NO_IDS,3,fog-1,2175.000,0.040000
FOG_NO_IDS_seed3,FOG_NO_IDS,3,fog-2,2175.000,0.040000
FOG_NO_IDS_seed3,FOG_NO_IDS,3,fog-3,2175.000,0.040000
FOG_NO_IDS_seed3,FOG_NO_IDS,3,cloud,2200.000,0.000000
FOG_NO_IDS_seed3,FOG_NO_IDS,3,proxy,2200.000,0.000000
FOG_NO_IDS_seed3,FOG_NO_IDS,3,fog-1,2200.000,0.040000
FOG_NO_IDS_seed3,FOG_NO_IDS,3,fog-2,2200.000,0.000000
FOG_NO_IDS_seed3,FOG_NO_IDS,3,fog-3,2200.000,0.040000
FOG_NO_IDS_seed3,FOG_NO_IDS,3,cloud,2225.000,0.000000
FOG_NO_IDS_seed3,FOG_NO_IDS,3,proxy,2225.000,0.000000
FOG_NO_IDS_seed3,FOG_NO_IDS,3,fog-1,2225.000,0.080000
FOG_NO_IDS_seed3,FOG_NO_IDS,3,fog-2,2225.000,0.040000
FOG_NO_IDS_seed3,FOG_NO_IDS,3,fog-3,2225.000,0.080000
FOG_NO_IDS_seed3,FOG_NO_IDS,3,cloud,2250.000,0.000000
FOG_NO_IDS_seed3,FOG_NO_IDS,3,proxy,2250.000,0.000000
FOG_NO_IDS_seed3,FOG_NO_IDS,3,fog-1,2250.000,0.000000
FOG_NO_IDS_seed3,FOG_NO_IDS,3,fog-2,2250.000,0.000000
FOG_NO_IDS_seed3,FOG_NO_IDS,3,fog-3,2250.000,0.000000
FOG_NO_IDS_seed3,FOG_NO_IDS,3,cloud,2275.000,0.000000
FOG_NO_IDS_seed3,FOG_NO_IDS,3,proxy,2275.000,0.000000
FOG_NO_IDS_seed3,FOG_NO_IDS,3,fog-1,2275.000,0.040000
FOG_NO_IDS_seed3,FOG_NO_IDS,3,fog-2,2275.000,0.040000
FOG_NO_IDS_seed3,FOG_NO_IDS,3,fog-3,2275.000,0.040000
FOG_NO_IDS_seed3,FOG_NO_IDS,3,cloud,2300.000,0.000000
FOG_NO_IDS_seed3,FOG_NO_IDS,3,proxy,2300.000,0.000000
FOG_NO_IDS_seed3,FOG_NO_IDS,3,fog-1,2300.000,0.040000
FOG_NO_IDS_seed3,FOG_NO_IDS,3,fog-2,2300.000,0.040000
FOG_NO_IDS_seed3,FOG_NO_IDS,3,fog-3,2300.000,0.000000
FOG_NO_IDS_seed3,FOG_NO_IDS,3,cloud,2325.000,0.000000
FOG_NO_IDS_seed3,FOG_NO_IDS,3,proxy,2325.000,0.000000
FOG_NO_IDS_seed3,FOG_NO_IDS,3,fog-1,2325.000,0.080000
FOG_NO_IDS_seed3,FOG_NO_IDS,3,fog-2,2325.000,0.080000
FOG_NO_IDS_seed3,FOG_NO_IDS,3,fog-3,2325.000,0.040000
FOG_NO_IDS_seed3,FOG_NO_IDS,3,cloud,2350.000,0.000000
FOG_NO_IDS_seed3,FOG_NO_IDS,3,proxy,2350.000,0.000000
FOG_NO_IDS_seed3,FOG_NO_IDS,3,fog-1,2350.000,0.000000
FOG_NO_IDS_seed3,FOG_NO_IDS,3,fog-2,2350.000,0.000000
FOG_NO_IDS_seed3,FOG_NO_IDS,3,fog-3,2350.000,0.000000
FOG_NO_IDS_seed3,FOG_NO_IDS,3,cloud,2375.000,0.000000
FOG_NO_IDS_seed3,FOG_NO_IDS,3,proxy,2375.000,0.000000
FOG_NO_IDS_seed3,FOG_NO_IDS,3,fog-1,2375.000,0.040000
FOG_NO_IDS_seed3,FOG_NO_IDS,3,fog-2,2375.000,0.040000
FOG_NO_IDS_seed3,FOG_NO_IDS,3,fog-3,2375.000,0.040000
FOG_NO_IDS_seed3,FOG_NO_IDS,3,cloud,2400.000,0.000000
FOG_NO_IDS_seed3,FOG_NO_IDS,3,proxy,2400.000,0.000000
FOG_NO_IDS_seed3,FOG_NO_IDS,3,fog-1,2400.000,0.040000
FOG_NO_IDS_seed3,FOG_NO_IDS,3,fog-2,2400.000,0.040000
FOG_NO_IDS_seed3,FOG_NO_IDS,3,fog-3,2400.000,0.000000
FOG_NO_IDS_seed3,FOG_NO_IDS,3,cloud,2425.000,0.000000
FOG_NO_IDS_seed3,FOG_NO_IDS,3,proxy,2425.000,0.000000
FOG_NO_IDS_seed3,FOG_NO_IDS,3,fog-1,2425.000,0.080000
FOG_NO_IDS_seed3,FOG_NO_IDS,3,fog-2,2425.000,0.080000
FOG_NO_IDS_seed3,FOG_NO_IDS,3,fog-3,2425.000,0.040000
FOG_NO_IDS_seed3,FOG_NO_IDS,3,cloud,2450.000,0.000000
FOG_NO_IDS_seed3,FOG_NO_IDS,3,proxy,2450.000,0.000000
FOG_NO_IDS_seed3,FOG_NO_IDS,3,fog-1,2450.000,0.000000
FOG_NO_IDS_seed3,FOG_NO_IDS,3,fog-2,2450.000,0.000000
FOG_NO_IDS_seed3,FOG_NO_IDS,3,fog-3,2450.000,0.000000
FOG_NO_IDS_seed3,FOG_NO_IDS,3,cloud,2475.000,0.000000
FOG_NO_IDS_seed3,FOG_NO_IDS,3,proxy,2475.000,0.000000
FOG_NO_IDS_seed3,FOG_NO_IDS,3,fog-1,2475.000,0.040000
FOG_NO_IDS_seed3,FOG_NO_IDS,3,fog-2,2475.000,0.040000
FOG_NO_IDS_seed3,FOG_NO_IDS,3,fog-3,2475.000,0.040000
FOG_NO_IDS_seed3,FOG_NO_IDS,3,cloud,2500.000,0.000000
FOG_NO_IDS_seed3,FOG_NO_IDS,3,proxy,2500.000,0.000000
FOG_NO_IDS_seed3,FOG_NO_IDS,3,fog-1,2500.000,0.000000
FOG_NO_IDS_seed3,FOG_NO_IDS,3,fog-2,2500.000,0.040000
FOG_NO_IDS_seed3,FOG_NO_IDS,3,fog-3,2500.000,0.040000
FOG_NO_IDS_seed3,FOG_NO_IDS,3,cloud,2525.000,0.000000
FOG_NO_IDS_seed3,FOG_NO_IDS,3,proxy,2525.000,0.000000
FOG_NO_IDS_seed3,FOG_NO_IDS,3,fog-1,2525.000,0.040000
FOG_NO_IDS_seed3,FOG_NO_IDS,3,fog-2,2525.000,0.080000
FOG_NO_IDS_seed3,FOG_NO_IDS,3,fog-3,2525.000,0.080000
FOG_NO_IDS_seed3,FOG_NO_IDS,3,cloud,2550.000,0.000000
FOG_NO_IDS_seed3,FOG_NO_IDS,3,proxy,2550.000,0.000000
FOG_NO_IDS_seed3,FOG_NO_IDS,3,fog-1,2550.000,0.000000
FOG_NO_IDS_seed3,FOG_NO_IDS,3,fog-2,2550.000,0.000000
FOG_NO_IDS_seed3,FOG_NO_IDS,3,fog-3,2550.000,0.000000
FOG_NO_IDS_seed3,FOG_NO_IDS,3,cloud,2575.000,0.000000
FOG_NO_IDS_seed3,FOG_NO_IDS,3,proxy,2575.000,0.000000
FOG_NO_IDS_seed3,FOG_NO_IDS,3,fog-1,2575.000,0.040000
FOG_NO_IDS_seed3,FOG_NO_IDS,3,fog-2,2575.000,0.040000
FOG_NO_IDS_seed3,FOG_NO_IDS,3,fog-3,2575.000,0.040000
FOG_NO_IDS_seed3,FOG_NO_IDS,3,cloud,2600.000,0.000000
FOG_NO_IDS_seed3,FOG_NO_IDS,3,proxy,2600.000,0.000000
FOG_NO_IDS_seed3,FOG_NO_IDS,3,fog-1,2600.000,0.040000
FOG_NO_IDS_seed3,FOG_NO_IDS,3,fog-2,2600.000,0.040000
FOG_NO_IDS_seed3,FOG_NO_IDS,3,fog-3,2600.000,0.000000
FOG_NO_IDS_seed3,FOG_NO_IDS,3,cloud,2625.000,0.000000
FOG_NO_IDS_seed3,FOG_NO_IDS,3,proxy,2625.000,0.000000
FOG_NO_IDS_seed3,FOG_NO_IDS,3,fog-1,2625.000,0.080000
FOG_NO_IDS_seed3,FOG_NO_IDS,3,fog-2,2625.000,0.080000
FOG_NO_IDS_seed3,FOG_NO_IDS,3,fog-3,2625.000,0.040000
FOG_NO_IDS_seed3,FOG_NO_IDS,3,cloud,2650.000,0.000000
FOG_NO_IDS_seed3,FOG_NO_IDS,3,proxy,2650.000,0.000000
FOG_NO_IDS_seed3,FOG_NO_IDS,3,fog-1,2650.000,0.000000
FOG_NO_IDS_seed3,FOG_NO_IDS,3,fog-2,2650.000,0.000000
FOG_NO_IDS_seed3,FOG_NO_IDS,3,fog-3,2650.000,0.000000
FOG_NO_IDS_seed3,FOG_NO_IDS,3,cloud,2675.000,0.000000
FOG_NO_IDS_seed3,FOG_NO_IDS,3,proxy,2675.000,0.000000
FOG_NO_IDS_seed3,FOG_NO_IDS,3,fog-1,2675.000,0.040000
FOG_NO_IDS_seed3,FOG_NO_IDS,3,fog-2,2675.000,0.040000
FOG_NO_IDS_seed3,FOG_NO_IDS,3,fog-3,2675.000,0.040000
FOG_NO_IDS_seed3,FOG_NO_IDS,3,cloud,2700.000,0.000000
FOG_NO_IDS_seed3,FOG_NO_IDS,3,proxy,2700.000,0.000000
FOG_NO_IDS_seed3,FOG_NO_IDS,3,fog-1,2700.000,0.000000
FOG_NO_IDS_seed3,FOG_NO_IDS,3,fog-2,2700.000,0.040000
FOG_NO_IDS_seed3,FOG_NO_IDS,3,fog-3,2700.000,0.040000
FOG_NO_IDS_seed3,FOG_NO_IDS,3,cloud,2725.000,0.000000
FOG_NO_IDS_seed3,FOG_NO_IDS,3,proxy,2725.000,0.000000
FOG_NO_IDS_seed3,FOG_NO_IDS,3,fog-1,2725.000,0.040000
FOG_NO_IDS_seed3,FOG_NO_IDS,3,fog-2,2725.000,0.080000
FOG_NO_IDS_seed3,FOG_NO_IDS,3,fog-3,2725.000,0.080000
FOG_NO_IDS_seed3,FOG_NO_IDS,3,cloud,2750.000,0.000000
FOG_NO_IDS_seed3,FOG_NO_IDS,3,proxy,2750.000,0.000000
FOG_NO_IDS_seed3,FOG_NO_IDS,3,fog-1,2750.000,0.000000
FOG_NO_IDS_seed3,FOG_NO_IDS,3,fog-2,2750.000,0.000000
FOG_NO_IDS_seed3,FOG_NO_IDS,3,fog-3,2750.000,0.000000
FOG_NO_IDS_seed3,FOG_NO_IDS,3,cloud,2775.000,0.000000
FOG_NO_IDS_seed3,FOG_NO_IDS,3,proxy,2775.000,0.000000
FOG_NO_IDS_seed3,FOG_NO_IDS,3,fog-1,2775.000,0.040000
FOG_NO_IDS_seed3,FOG_NO_IDS,3,fog-2,2775.000,0.040000
FOG_NO_IDS_seed3,FOG_NO_IDS,3,fog-3,2775.000,0.040000
FOG_NO_IDS_seed3,FOG_NO_IDS,3,cloud,2800.000,0.000000
FOG_NO_IDS_seed3,FOG_NO_IDS,3,proxy,2800.000,0.000000
FOG_NO_IDS_seed3,FOG_NO_IDS,3,fog-1,2800.000,0.040000
FOG_NO_IDS_seed3,FOG_NO_IDS,3,fog-2,2800.000,0.000000
FOG_NO_IDS_seed3,FOG_NO_IDS,3,fog-3,2800.000,0.040000
FOG_NO_IDS_seed3,FOG_NO_IDS,3,cloud,2825.000,0.000000
FOG_NO_IDS_seed3,FOG_NO_IDS,3,proxy,2825.000,0.000000
FOG_NO_IDS_seed3,FOG_NO_IDS,3,fog-1,2825.000,0.080000
FOG_NO_IDS_seed3,FOG_NO_IDS,3,fog-2,2825.000,0.040000
FOG_NO_IDS_seed3,FOG_NO_IDS,3,fog-3,2825.000,0.080000
FOG_NO_IDS_seed3,FOG_NO_IDS,3,cloud,2850.000,0.000000
FOG_NO_IDS_seed3,FOG_NO_IDS,3,proxy,2850.000,0.000000
FOG_NO_IDS_seed3,FOG_NO_IDS,3,fog-1,2850.000,0.000000
FOG_NO_IDS_seed3,FOG_NO_IDS,3,fog-2,2850.000,0.000000
FOG_NO_IDS_seed3,FOG_NO_IDS,3,fog-3,2850.000,0.000000
FOG_NO_IDS_seed3,FOG_NO_IDS,3,cloud,2875.000,0.000000
FOG_NO_IDS_seed3,FOG_NO_IDS,3,proxy,2875.000,0.000000
FOG_NO_IDS_seed3,FOG_NO_IDS,3,fog-1,2875.000,0.040000
FOG_NO_IDS_seed3,FOG_NO_IDS,3,fog-2,2875.000,0.040000
FOG_NO_IDS_seed3,FOG_NO_IDS,3,fog-3,2875.000,0.040000
FOG_NO_IDS_seed3,FOG_NO_IDS,3,cloud,2900.000,0.000000
FOG_NO_IDS_seed3,FOG_NO_IDS,3,proxy,2900.000,0.000000
FOG_NO_IDS_seed3,FOG_NO_IDS,3,fog-1,2900.000,0.040000
FOG_NO_IDS_seed3,FOG_NO_IDS,3,fog-2,2900.000,0.040000
FOG_NO_IDS_seed3,FOG_NO_IDS,3,fog-3,2900.000,0.040000
FOG_NO_IDS_seed3,FOG_NO_IDS,3,cloud,2925.000,0.000000
FOG_NO_IDS_seed3,FOG_NO_IDS,3,proxy,2925.000,0.000000
FOG_NO_IDS_seed3,FOG_NO_IDS,3,fog-1,2925.000,0.080000
FOG_NO_IDS_seed3,FOG_NO_IDS,3,fog-2,2925.000,0.080000
FOG_NO_IDS_seed3,FOG_NO_IDS,3,fog-3,2925.000,0.080000
FOG_NO_IDS_seed3,FOG_NO_IDS,3,cloud,2950.000,0.000000
FOG_NO_IDS_seed3,FOG_NO_IDS,3,proxy,2950.000,0.000000
FOG_NO_IDS_seed3,FOG_NO_IDS,3,fog-1,2950.000,0.000000
FOG_NO_IDS_seed3,FOG_NO_IDS,3,fog-2,2950.000,0.000000
FOG_NO_IDS_seed3,FOG_NO_IDS,3,fog-3,2950.000,0.000000
FOG_NO_IDS_seed3,FOG_NO_IDS,3,cloud,2975.000,0.000000
FOG_NO_IDS_seed3,FOG_NO_IDS,3,proxy,2975.000,0.000000
FOG_NO_IDS_seed3,FOG_NO_IDS,3,fog-1,2975.000,0.040000
FOG_NO_IDS_seed3,FOG_NO_IDS,3,fog-2,2975.000,0.040000
FOG_NO_IDS_seed3,FOG_NO_IDS,3,fog-3,2975.000,0.040000
FOG_NO_IDS_seed3,FOG_NO_IDS,3,cloud,3000.000,0.000000
FOG_NO_IDS_seed3,FOG_NO_IDS,3,proxy,3000.000,0.000000
FOG_NO_IDS_seed3,FOG_NO_IDS,3,fog-1,3000.000,0.040000
FOG_NO_IDS_seed3,FOG_NO_IDS,3,fog-2,3000.000,0.040000
FOG_NO_IDS_seed3,FOG_NO_IDS,3,fog-3,3000.000,0.000000
FOG_NO_IDS_seed3,FOG_NO_IDS,3,cloud,3025.000,0.000000
FOG_NO_IDS_seed3,FOG_NO_IDS,3,proxy,3025.000,0.000000
FOG_NO_IDS_seed3,FOG_NO_IDS,3,fog-1,3025.000,0.080000
FOG_NO_IDS_seed3,FOG_NO_IDS,3,fog-2,3025.000,0.080000
FOG_NO_IDS_seed3,FOG_NO_IDS,3,fog-3,3025.000,0.040000
FOG_NO_IDS_seed3,FOG_NO_IDS,3,cloud,3050.000,0.000000
FOG_NO_IDS_seed3,FOG_NO_IDS,3,proxy,3050.000,0.000000
FOG_NO_IDS_seed3,FOG_NO_IDS,3,fog-1,3050.000,0.000000
FOG_NO_IDS_seed3,FOG_NO_IDS,3,fog-2,3050.000,0.000000
FOG_NO_IDS_seed3,FOG_NO_IDS,3,fog-3,3050.000,0.000000
FOG_NO_IDS_seed3,FOG_NO_IDS,3,cloud,3075.000,0.000000
FOG_NO_IDS_seed3,FOG_NO_IDS,3,proxy,3075.000,0.000000
FOG_NO_IDS_seed3,FOG_NO_IDS,3,fog-1,3075.000,0.040000
FOG_NO_IDS_seed3,FOG_NO_IDS,3,fog-2,3075.000,0.040000
FOG_NO_IDS_seed3,FOG_NO_IDS,3,fog-3,3075.000,0.040000
FOG_NO_IDS_seed3,FOG_NO_IDS,3,cloud,3100.000,0.000000
FOG_NO_IDS_seed3,FOG_NO_IDS,3,proxy,3100.000,0.000000
FOG_NO_IDS_seed3,FOG_NO_IDS,3,fog-1,3100.000,0.000000
FOG_NO_IDS_seed3,FOG_NO_IDS,3,fog-2,3100.000,0.040000
FOG_NO_IDS_seed3,FOG_NO_IDS,3,fog-3,3100.000,0.040000
FOG_NO_IDS_seed3,FOG_NO_IDS,3,cloud,3125.000,0.000000
FOG_NO_IDS_seed3,FOG_NO_IDS,3,proxy,3125.000,0.000000
FOG_NO_IDS_seed3,FOG_NO_IDS,3,fog-1,3125.000,0.040000
FOG_NO_IDS_seed3,FOG_NO_IDS,3,fog-2,3125.000,0.080000
FOG_NO_IDS_seed3,FOG_NO_IDS,3,fog-3,3125.000,0.080000
FOG_NO_IDS_seed3,FOG_NO_IDS,3,cloud,3150.000,0.000000
FOG_NO_IDS_seed3,FOG_NO_IDS,3,proxy,3150.000,0.000000
FOG_NO_IDS_seed3,FOG_NO_IDS,3,fog-1,3150.000,0.000000
FOG_NO_IDS_seed3,FOG_NO_IDS,3,fog-2,3150.000,0.000000
FOG_NO_IDS_seed3,FOG_NO_IDS,3,fog-3,3150.000,0.000000
FOG_NO_IDS_seed3,FOG_NO_IDS,3,cloud,3175.000,0.000000
FOG_NO_IDS_seed3,FOG_NO_IDS,3,proxy,3175.000,0.000000
FOG_NO_IDS_seed3,FOG_NO_IDS,3,fog-1,3175.000,0.040000
FOG_NO_IDS_seed3,FOG_NO_IDS,3,fog-2,3175.000,0.040000
FOG_NO_IDS_seed3,FOG_NO_IDS,3,fog-3,3175.000,0.040000
FOG_NO_IDS_seed3,FOG_NO_IDS,3,cloud,3200.000,0.000000
FOG_NO_IDS_seed3,FOG_NO_IDS,3,proxy,3200.000,0.000000
FOG_NO_IDS_seed3,FOG_NO_IDS,3,fog-1,3200.000,0.000000
FOG_NO_IDS_seed3,FOG_NO_IDS,3,fog-2,3200.000,0.040000
FOG_NO_IDS_seed3,FOG_NO_IDS,3,fog-3,3200.000,0.000000
FOG_NO_IDS_seed3,FOG_NO_IDS,3,cloud,3225.000,0.000000
FOG_NO_IDS_seed3,FOG_NO_IDS,3,proxy,3225.000,0.000000
FOG_NO_IDS_seed3,FOG_NO_IDS,3,fog-1,3225.000,0.040000
FOG_NO_IDS_seed3,FOG_NO_IDS,3,fog-2,3225.000,0.080000
FOG_NO_IDS_seed3,FOG_NO_IDS,3,fog-3,3225.000,0.040000
FOG_NO_IDS_seed3,FOG_NO_IDS,3,cloud,3250.000,0.000000
FOG_NO_IDS_seed3,FOG_NO_IDS,3,proxy,3250.000,0.000000
FOG_NO_IDS_seed3,FOG_NO_IDS,3,fog-1,3250.000,0.000000
FOG_NO_IDS_seed3,FOG_NO_IDS,3,fog-2,3250.000,0.000000
FOG_NO_IDS_seed3,FOG_NO_IDS,3,fog-3,3250.000,0.000000
FOG_NO_IDS_seed3,FOG_NO_IDS,3,cloud,3275.000,0.000000
FOG_NO_IDS_seed3,FOG_NO_IDS,3,proxy,3275.000,0.000000
FOG_NO_IDS_seed3,FOG_NO_IDS,3,fog-1,3275.000,0.040000
FOG_NO_IDS_seed3,FOG_NO_IDS,3,fog-2,3275.000,0.040000
FOG_NO_IDS_seed3,FOG_NO_IDS,3,fog-3,3275.000,0.040000
FOG_NO_IDS_seed3,FOG_NO_IDS,3,cloud,3300.000,0.000000
FOG_NO_IDS_seed3,FOG_NO_IDS,3,proxy,3300.000,0.000000
FOG_NO_IDS_seed3,FOG_NO_IDS,3,fog-1,3300.000,0.040000
FOG_NO_IDS_seed3,FOG_NO_IDS,3,fog-2,3300.000,0.040000
FOG_NO_IDS_seed3,FOG_NO_IDS,3,fog-3,3300.000,0.040000
FOG_NO_IDS_seed3,FOG_NO_IDS,3,cloud,3325.000,0.000000
FOG_NO_IDS_seed3,FOG_NO_IDS,3,proxy,3325.000,0.000000
FOG_NO_IDS_seed3,FOG_NO_IDS,3,fog-1,3325.000,0.080000
FOG_NO_IDS_seed3,FOG_NO_IDS,3,fog-2,3325.000,0.080000
FOG_NO_IDS_seed3,FOG_NO_IDS,3,fog-3,3325.000,0.080000
FOG_NO_IDS_seed3,FOG_NO_IDS,3,cloud,3350.000,0.000000
FOG_NO_IDS_seed3,FOG_NO_IDS,3,proxy,3350.000,0.000000
FOG_NO_IDS_seed3,FOG_NO_IDS,3,fog-1,3350.000,0.000000
FOG_NO_IDS_seed3,FOG_NO_IDS,3,fog-2,3350.000,0.000000
FOG_NO_IDS_seed3,FOG_NO_IDS,3,fog-3,3350.000,0.000000
FOG_NO_IDS_seed3,FOG_NO_IDS,3,cloud,3375.000,0.000000
FOG_NO_IDS_seed3,FOG_NO_IDS,3,proxy,3375.000,0.000000
FOG_NO_IDS_seed3,FOG_NO_IDS,3,fog-1,3375.000,0.040000
FOG_NO_IDS_seed3,FOG_NO_IDS,3,fog-2,3375.000,0.040000
FOG_NO_IDS_seed3,FOG_NO_IDS,3,fog-3,3375.000,0.040000
FOG_NO_IDS_seed3,FOG_NO_IDS,3,cloud,3400.000,0.000000
FOG_NO_IDS_seed3,FOG_NO_IDS,3,proxy,3400.000,0.000000
FOG_NO_IDS_seed3,FOG_NO_IDS,3,fog-1,3400.000,0.040000
FOG_NO_IDS_seed3,FOG_NO_IDS,3,fog-2,3400.000,0.000000
FOG_NO_IDS_seed3,FOG_NO_IDS,3,fog-3,3400.000,0.000000
FOG_NO_IDS_seed3,FOG_NO_IDS,3,cloud,3425.000,0.000000
FOG_NO_IDS_seed3,FOG_NO_IDS,3,proxy,3425.000,0.000000
FOG_NO_IDS_seed3,FOG_NO_IDS,3,fog-1,3425.000,0.080000
FOG_NO_IDS_seed3,FOG_NO_IDS,3,fog-2,3425.000,0.040000
FOG_NO_IDS_seed3,FOG_NO_IDS,3,fog-3,3425.000,0.040000
FOG_NO_IDS_seed3,FOG_NO_IDS,3,cloud,3450.000,0.000000
FOG_NO_IDS_seed3,FOG_NO_IDS,3,proxy,3450.000,0.000000
FOG_NO_IDS_seed3,FOG_NO_IDS,3,fog-1,3450.000,0.000000
FOG_NO_IDS_seed3,FOG_NO_IDS,3,fog-2,3450.000,0.000000
FOG_NO_IDS_seed3,FOG_NO_IDS,3,fog-3,3450.000,0.000000
FOG_NO_IDS_seed3,FOG_NO_IDS,3,cloud,3475.000,0.000000
FOG_NO_IDS_seed3,FOG_NO_IDS,3,proxy,3475.000,0.000000
FOG_NO_IDS_seed3,FOG_NO_IDS,3,fog-1,3475.000,0.040000
FOG_NO_IDS_seed3,FOG_NO_IDS,3,fog-2,3475.000,0.040000
FOG_NO_IDS_seed3,FOG_NO_IDS,3,fog-3,3475.000,0.040000
FOG_NO_IDS_seed3,FOG_NO_IDS,3,cloud,3500.000,0.000000
FOG_NO_IDS_seed3,FOG_NO_IDS,3,proxy,3500.000,0.000000
FOG_NO_IDS_seed3,FOG_NO_IDS,3,fog-1,3500.000,0.000000
FOG_NO_IDS_seed3,FOG_NO_IDS,3,fog-2,3500.000,0.040000
FOG_NO_IDS_seed3,FOG_NO_IDS,3,fog-3,3500.000,0.040000
FOG_NO_IDS_seed3,FOG_NO_IDS,3,cloud,3525.000,0.000000
FOG_NO_IDS_seed3,FOG_NO_IDS,3,proxy,3525.000,0.000000
FOG_NO_IDS_seed3,FOG_NO_IDS,3,fog-1,3525.000,0.040000
FOG_NO_IDS_seed3,FOG_NO_IDS,3,fog-2,3525.000,0.080000
FOG_NO_IDS_seed3,FOG_NO_IDS,3,fog-3,3525.000,0.080000
FOG_NO_IDS_seed3,FOG_NO_IDS,3,cloud,3550.000,0.000000
FOG_NO_IDS_seed3,FOG_NO_IDS,3,proxy,3550.000,0.000000
FOG_NO_IDS_seed3,FOG_NO_IDS,3,fog-1,3550.000,0.000000
FOG_NO_IDS_seed3,FOG_NO_IDS,3,fog-2,3550.000,0.000000
FOG_NO_IDS_seed3,FOG_NO_IDS,3,fog-3,3550.000,0.000000
FOG_NO_IDS_seed3,FOG_NO_IDS,3,cloud,3575.000,0.000000
FOG_NO_IDS_seed3,FOG_NO_IDS,3,proxy,3575.000,0.000000
FOG_NO_IDS_seed3,FOG_NO_IDS,3,fog-1,3575.000,0.040000
FOG_NO_IDS_seed3,FOG_NO_IDS,3,fog-2,3575.000,0.040000
FOG_NO_IDS_seed3,FOG_NO_IDS,3,fog-3,3575.000,0.040000
FOG_NO_IDS_seed3,FOG_NO_IDS,3,cloud,3600.000,0.000000
FOG_NO_IDS_seed3,FOG_NO_IDS,3,proxy,3600.000,0.000000
FOG_NO_IDS_seed3,FOG_NO_IDS,3,fog-1,3600.000,0.000000
FOG_NO_IDS_seed3,FOG_NO_IDS,3,fog-2,3600.000,0.040000
FOG_NO_IDS_seed3,FOG_NO_IDS,3,fog-3,3600.000,0.040000
FOG_NO_IDS_seed3,FOG_NO_IDS,3,cloud,3625.000,0.000000
FOG_NO_IDS_seed3,FOG_NO_IDS,3,proxy,3625.000,0.000000
FOG_NO_IDS_seed3,FOG_NO_IDS,3,fog-1,3625.000,0.040000
FOG_NO_IDS_seed3,FOG_NO_IDS,3,fog-2,3625.000,0.080000
FOG_NO_IDS_seed3,FOG_NO_IDS,3,fog-3,3625.000,0.080000
FOG_NO_IDS_seed3,FOG_NO_IDS,3,cloud,3650.000,0.000000
FOG_NO_IDS_seed3,FOG_NO_IDS,3,proxy,3650.000,0.000000
FOG_NO_IDS_seed3,FOG_NO_IDS,3,fog-1,3650.000,0.000000
FOG_NO_IDS_seed3,FOG_NO_IDS,3,fog-2,3650.000,0.000000
FOG_NO_IDS_seed3,FOG_NO_IDS,3,fog-3,3650.000,0.000000
FOG_NO_IDS_seed3,FOG_NO_IDS,3,cloud,3675.000,0.000000
FOG_NO_IDS_seed3,FOG_NO_IDS,3,proxy,3675.000,0.000000
FOG_NO_IDS_seed3,FOG_NO_IDS,3,fog-1,3675.000,0.040000
FOG_NO_IDS_seed3,FOG_NO_IDS,3,fog-2,3675.000,0.040000
FOG_NO_IDS_seed3,FOG_NO_IDS,3,fog-3,3675.000,0.040000
FOG_NO_IDS_seed3,FOG_NO_IDS,3,cloud,3700.000,0.000000
FOG_NO_IDS_seed3,FOG_NO_IDS,3,proxy,3700.000,0.000000
FOG_NO_IDS_seed3,FOG_NO_IDS,3,fog-1,3700.000,0.000000
FOG_NO_IDS_seed3,FOG_NO_IDS,3,fog-2,3700.000,0.040000
FOG_NO_IDS_seed3,FOG_NO_IDS,3,fog-3,3700.000,0.000000
FOG_NO_IDS_seed3,FOG_NO_IDS,3,cloud,3725.000,0.000000
FOG_NO_IDS_seed3,FOG_NO_IDS,3,proxy,3725.000,0.000000
FOG_NO_IDS_seed3,FOG_NO_IDS,3,fog-1,3725.000,0.040000
FOG_NO_IDS_seed3,FOG_NO_IDS,3,fog-2,3725.000,0.080000
FOG_NO_IDS_seed3,FOG_NO_IDS,3,fog-3,3725.000,0.040000
FOG_NO_IDS_seed3,FOG_NO_IDS,3,cloud,3750.000,0.000000
FOG_NO_IDS_seed3,FOG_NO_IDS,3,proxy,3750.000,0.000000
FOG_NO_IDS_seed3,FOG_NO_IDS,3,fog-1,3750.000,0.000000
FOG_NO_IDS_seed3,FOG_NO_IDS,3,fog-2,3750.000,0.000000
FOG_NO_IDS_seed3,FOG_NO_IDS,3,fog-3,3750.000,0.000000
FOG_NO_IDS_seed3,FOG_NO_IDS,3,cloud,3775.000,0.000000
FOG_NO_IDS_seed3,FOG_NO_IDS,3,proxy,3775.000,0.000000
FOG_NO_IDS_seed3,FOG_NO_IDS,3,fog-1,3775.000,0.040000
FOG_NO_IDS_seed3,FOG_NO_IDS,3,fog-2,3775.000,0.040000
FOG_NO_IDS_seed3,FOG_NO_IDS,3,fog-3,3775.000,0.040000
FOG_NO_IDS_seed3,FOG_NO_IDS,3,cloud,3800.000,0.000000
FOG_NO_IDS_seed3,FOG_NO_IDS,3,proxy,3800.000,0.000000
FOG_NO_IDS_seed3,FOG_NO_IDS,3,fog-1,3800.000,0.040000
FOG_NO_IDS_seed3,FOG_NO_IDS,3,fog-2,3800.000,0.040000
FOG_NO_IDS_seed3,FOG_NO_IDS,3,fog-3,3800.000,0.040000
FOG_NO_IDS_seed3,FOG_NO_IDS,3,cloud,3825.000,0.000000
FOG_NO_IDS_seed3,FOG_NO_IDS,3,proxy,3825.000,0.000000
FOG_NO_IDS_seed3,FOG_NO_IDS,3,fog-1,3825.000,0.080000
FOG_NO_IDS_seed3,FOG_NO_IDS,3,fog-2,3825.000,0.080000
FOG_NO_IDS_seed3,FOG_NO_IDS,3,fog-3,3825.000,0.080000
FOG_NO_IDS_seed3,FOG_NO_IDS,3,cloud,3850.000,0.000000
FOG_NO_IDS_seed3,FOG_NO_IDS,3,proxy,3850.000,0.000000
FOG_NO_IDS_seed3,FOG_NO_IDS,3,fog-1,3850.000,0.000000
FOG_NO_IDS_seed3,FOG_NO_IDS,3,fog-2,3850.000,0.000000
FOG_NO_IDS_seed3,FOG_NO_IDS,3,fog-3,3850.000,0.000000
FOG_NO_IDS_seed3,FOG_NO_IDS,3,cloud,3875.000,0.000000
FOG_NO_IDS_seed3,FOG_NO_IDS,3,proxy,3875.000,0.000000
FOG_NO_IDS_seed3,FOG_NO_IDS,3,fog-1,3875.000,0.040000
FOG_NO_IDS_seed3,FOG_NO_IDS,3,fog-2,3875.000,0.040000
FOG_NO_IDS_seed3,FOG_NO_IDS,3,fog-3,3875.000,0.040000
FOG_NO_IDS_seed3,FOG_NO_IDS,3,cloud,3900.000,0.000000
FOG_NO_IDS_seed3,FOG_NO_IDS,3,proxy,3900.000,0.000000
FOG_NO_IDS_seed3,FOG_NO_IDS,3,fog-1,3900.000,0.000000
FOG_NO_IDS_seed3,FOG_NO_IDS,3,fog-2,3900.000,0.040000
FOG_NO_IDS_seed3,FOG_NO_IDS,3,fog-3,3900.000,0.000000
FOG_NO_IDS_seed3,FOG_NO_IDS,3,cloud,3925.000,0.000000
FOG_NO_IDS_seed3,FOG_NO_IDS,3,proxy,3925.000,0.000000
FOG_NO_IDS_seed3,FOG_NO_IDS,3,fog-1,3925.000,0.040000
FOG_NO_IDS_seed3,FOG_NO_IDS,3,fog-2,3925.000,0.080000
FOG_NO_IDS_seed3,FOG_NO_IDS,3,fog-3,3925.000,0.040000
FOG_NO_IDS_seed3,FOG_NO_IDS,3,cloud,3950.000,0.000000
FOG_NO_IDS_seed3,FOG_NO_IDS,3,proxy,3950.000,0.000000
FOG_NO_IDS_seed3,FOG_NO_IDS,3,fog-1,3950.000,0.000000
FOG_NO_IDS_seed3,FOG_NO_IDS,3,fog-2,3950.000,0.000000
FOG_NO_IDS_seed3,FOG_NO_IDS,3,fog-3,3950.000,0.000000
FOG_NO_IDS_seed3,FOG_NO_IDS,3,cloud,3975.000,0.000000
FOG_NO_IDS_seed3,FOG_NO_IDS,3,proxy,3975.000,0.000000
FOG_NO_IDS_seed3,FOG_NO_IDS,3,fog-1,3975.000,0.040000
FOG_NO_IDS_seed3,FOG_NO_IDS,3,fog-2,3975.000,0.040000
FOG_NO_IDS_seed3,FOG_NO_IDS,3,fog-3,3975.000,0.040000
FOG_NO_IDS_seed3,FOG_NO_IDS,3,cloud,4000.000,0.000000
FOG_NO_IDS_seed3,FOG_NO_IDS,3,proxy,4000.000,0.000000
FOG_NO_IDS_seed3,FOG_NO_IDS,3,fog-1,4000.000,0.000000
FOG_NO_IDS_seed3,FOG_NO_IDS,3,fog-2,4000.000,0.040000
FOG_NO_IDS_seed3,FOG_NO_IDS,3,fog-3,4000.000,0.000000
FOG_NO_IDS_seed3,FOG_NO_IDS,3,cloud,4025.000,0.000000
FOG_NO_IDS_seed3,FOG_NO_IDS,3,proxy,4025.000,0.000000
FOG_NO_IDS_seed3,FOG_NO_IDS,3,fog-1,4025.000,0.040000
FOG_NO_IDS_seed3,FOG_NO_IDS,3,fog-2,4025.000,0.080000
FOG_NO_IDS_seed3,FOG_NO_IDS,3,fog-3,4025.000,0.040000
FOG_NO_IDS_seed3,FOG_NO_IDS,3,cloud,4050.000,0.000000
FOG_NO_IDS_seed3,FOG_NO_IDS,3,proxy,4050.000,0.000000
FOG_NO_IDS_seed3,FOG_NO_IDS,3,fog-1,4050.000,0.000000
FOG_NO_IDS_seed3,FOG_NO_IDS,3,fog-2,4050.000,0.000000
FOG_NO_IDS_seed3,FOG_NO_IDS,3,fog-3,4050.000,0.000000
FOG_NO_IDS_seed3,FOG_NO_IDS,3,cloud,4075.000,0.000000
FOG_NO_IDS_seed3,FOG_NO_IDS,3,proxy,4075.000,0.000000
FOG_NO_IDS_seed3,FOG_NO_IDS,3,fog-1,4075.000,0.040000
FOG_NO_IDS_seed3,FOG_NO_IDS,3,fog-2,4075.000,0.040000
FOG_NO_IDS_seed3,FOG_NO_IDS,3,fog-3,4075.000,0.040000
FOG_NO_IDS_seed3,FOG_NO_IDS,3,cloud,4100.000,0.000000
FOG_NO_IDS_seed3,FOG_NO_IDS,3,proxy,4100.000,0.000000
FOG_NO_IDS_seed3,FOG_NO_IDS,3,fog-1,4100.000,0.000000
FOG_NO_IDS_seed3,FOG_NO_IDS,3,fog-2,4100.000,0.040000
FOG_NO_IDS_seed3,FOG_NO_IDS,3,fog-3,4100.000,0.000000
FOG_NO_IDS_seed3,FOG_NO_IDS,3,cloud,4125.000,0.000000
FOG_NO_IDS_seed3,FOG_NO_IDS,3,proxy,4125.000,0.000000
FOG_NO_IDS_seed3,FOG_NO_IDS,3,fog-1,4125.000,0.040000
FOG_NO_IDS_seed3,FOG_NO_IDS,3,fog-2,4125.000,0.080000
FOG_NO_IDS_seed3,FOG_NO_IDS,3,fog-3,4125.000,0.040000
FOG_NO_IDS_seed3,FOG_NO_IDS,3,cloud,4150.000,0.000000
FOG_NO_IDS_seed3,FOG_NO_IDS,3,proxy,4150.000,0.000000
FOG_NO_IDS_seed3,FOG_NO_IDS,3,fog-1,4150.000,0.000000
FOG_NO_IDS_seed3,FOG_NO_IDS,3,fog-2,4150.000,0.000000
FOG_NO_IDS_seed3,FOG_NO_IDS,3,fog-3,4150.000,0.000000
FOG_NO_IDS_seed3,FOG_NO_IDS,3,cloud,4175.000,0.000000
FOG_NO_IDS_seed3,FOG_NO_IDS,3,proxy,4175.000,0.000000
FOG_NO_IDS_seed3,FOG_NO_IDS,3,fog-1,4175.000,0.040000
FOG_NO_IDS_seed3,FOG_NO_IDS,3,fog-2,4175.000,0.040000
FOG_NO_IDS_seed3,FOG_NO_IDS,3,fog-3,4175.000,0.040000
FOG_NO_IDS_seed3,FOG_NO_IDS,3,cloud,4200.000,0.000000
FOG_NO_IDS_seed3,FOG_NO_IDS,3,proxy,4200.000,0.000000
FOG_NO_IDS_seed3,FOG_NO_IDS,3,fog-1,4200.000,0.040000
FOG_NO_IDS_seed3,FOG_NO_IDS,3,fog-2,4200.000,0.040000
FOG_NO_IDS_seed3,FOG_NO_IDS,3,fog-3,4200.000,0.040000
FOG_NO_IDS_seed3,FOG_NO_IDS,3,cloud,4225.000,0.000000
FOG_NO_IDS_seed3,FOG_NO_IDS,3,proxy,4225.000,0.000000
FOG_NO_IDS_seed3,FOG_NO_IDS,3,fog-1,4225.000,0.080000
FOG_NO_IDS_seed3,FOG_NO_IDS,3,fog-2,4225.000,0.080000
FOG_NO_IDS_seed3,FOG_NO_IDS,3,fog-3,4225.000,0.080000
FOG_NO_IDS_seed3,FOG_NO_IDS,3,cloud,4250.000,0.000000
FOG_NO_IDS_seed3,FOG_NO_IDS,3,proxy,4250.000,0.000000
FOG_NO_IDS_seed3,FOG_NO_IDS,3,fog-1,4250.000,0.000000
FOG_NO_IDS_seed3,FOG_NO_IDS,3,fog-2,4250.000,0.000000
FOG_NO_IDS_seed3,FOG_NO_IDS,3,fog-3,4250.000,0.000000
FOG_NO_IDS_seed3,FOG_NO_IDS,3,cloud,4275.000,0.000000
FOG_NO_IDS_seed3,FOG_NO_IDS,3,proxy,4275.000,0.000000
FOG_NO_IDS_seed3,FOG_NO_IDS,3,fog-1,4275.000,0.040000
FOG_NO_IDS_seed3,FOG_NO_IDS,3,fog-2,4275.000,0.040000
FOG_NO_IDS_seed3,FOG_NO_IDS,3,fog-3,4275.000,0.040000
FOG_NO_IDS_seed3,FOG_NO_IDS,3,cloud,4300.000,0.000000
FOG_NO_IDS_seed3,FOG_NO_IDS,3,proxy,4300.000,0.000000
FOG_NO_IDS_seed3,FOG_NO_IDS,3,fog-1,4300.000,0.040000
FOG_NO_IDS_seed3,FOG_NO_IDS,3,fog-2,4300.000,0.000000
FOG_NO_IDS_seed3,FOG_NO_IDS,3,fog-3,4300.000,0.000000
FOG_NO_IDS_seed3,FOG_NO_IDS,3,cloud,4325.000,0.000000
FOG_NO_IDS_seed3,FOG_NO_IDS,3,proxy,4325.000,0.000000
FOG_NO_IDS_seed3,FOG_NO_IDS,3,fog-1,4325.000,0.080000
FOG_NO_IDS_seed3,FOG_NO_IDS,3,fog-2,4325.000,0.040000
FOG_NO_IDS_seed3,FOG_NO_IDS,3,fog-3,4325.000,0.040000
FOG_NO_IDS_seed3,FOG_NO_IDS,3,cloud,4350.000,0.000000
FOG_NO_IDS_seed3,FOG_NO_IDS,3,proxy,4350.000,0.000000
FOG_NO_IDS_seed3,FOG_NO_IDS,3,fog-1,4350.000,0.000000
FOG_NO_IDS_seed3,FOG_NO_IDS,3,fog-2,4350.000,0.000000
FOG_NO_IDS_seed3,FOG_NO_IDS,3,fog-3,4350.000,0.000000
FOG_NO_IDS_seed3,FOG_NO_IDS,3,cloud,4375.000,0.000000
FOG_NO_IDS_seed3,FOG_NO_IDS,3,proxy,4375.000,0.000000
FOG_NO_IDS_seed3,FOG_NO_IDS,3,fog-1,4375.000,0.040000
FOG_NO_IDS_seed3,FOG_NO_IDS,3,fog-2,4375.000,0.040000
FOG_NO_IDS_seed3,FOG_NO_IDS,3,fog-3,4375.000,0.040000
FOG_NO_IDS_seed3,FOG_NO_IDS,3,cloud,4400.000,0.000000
FOG_NO_IDS_seed3,FOG_NO_IDS,3,proxy,4400.000,0.000000
FOG_NO_IDS_seed3,FOG_NO_IDS,3,fog-1,4400.000,0.000000
FOG_NO_IDS_seed3,FOG_NO_IDS,3,fog-2,4400.000,0.000000
FOG_NO_IDS_seed3,FOG_NO_IDS,3,fog-3,4400.000,0.040000
FOG_NO_IDS_seed3,FOG_NO_IDS,3,cloud,4425.000,0.000000
FOG_NO_IDS_seed3,FOG_NO_IDS,3,proxy,4425.000,0.000000
FOG_NO_IDS_seed3,FOG_NO_IDS,3,fog-1,4425.000,0.040000
FOG_NO_IDS_seed3,FOG_NO_IDS,3,fog-2,4425.000,0.040000
FOG_NO_IDS_seed3,FOG_NO_IDS,3,fog-3,4425.000,0.080000
FOG_NO_IDS_seed3,FOG_NO_IDS,3,cloud,4450.000,0.000000
FOG_NO_IDS_seed3,FOG_NO_IDS,3,proxy,4450.000,0.000000
FOG_NO_IDS_seed3,FOG_NO_IDS,3,fog-1,4450.000,0.000000
FOG_NO_IDS_seed3,FOG_NO_IDS,3,fog-2,4450.000,0.000000
FOG_NO_IDS_seed3,FOG_NO_IDS,3,fog-3,4450.000,0.000000
FOG_NO_IDS_seed3,FOG_NO_IDS,3,cloud,4475.000,0.000000
FOG_NO_IDS_seed3,FOG_NO_IDS,3,proxy,4475.000,0.000000
FOG_NO_IDS_seed3,FOG_NO_IDS,3,fog-1,4475.000,0.040000
FOG_NO_IDS_seed3,FOG_NO_IDS,3,fog-2,4475.000,0.040000
FOG_NO_IDS_seed3,FOG_NO_IDS,3,fog-3,4475.000,0.040000
FOG_NO_IDS_seed3,FOG_NO_IDS,3,cloud,4500.000,0.000000
FOG_NO_IDS_seed3,FOG_NO_IDS,3,proxy,4500.000,0.000000
FOG_NO_IDS_seed3,FOG_NO_IDS,3,fog-1,4500.000,0.000000
FOG_NO_IDS_seed3,FOG_NO_IDS,3,fog-2,4500.000,0.040000
FOG_NO_IDS_seed3,FOG_NO_IDS,3,fog-3,4500.000,0.000000
FOG_NO_IDS_seed3,FOG_NO_IDS,3,cloud,4525.000,0.000000
FOG_NO_IDS_seed3,FOG_NO_IDS,3,proxy,4525.000,0.000000
FOG_NO_IDS_seed3,FOG_NO_IDS,3,fog-1,4525.000,0.040000
FOG_NO_IDS_seed3,FOG_NO_IDS,3,fog-2,4525.000,0.080000
FOG_NO_IDS_seed3,FOG_NO_IDS,3,fog-3,4525.000,0.040000
FOG_NO_IDS_seed3,FOG_NO_IDS,3,cloud,4550.000,0.000000
FOG_NO_IDS_seed3,FOG_NO_IDS,3,proxy,4550.000,0.000000
FOG_NO_IDS_seed3,FOG_NO_IDS,3,fog-1,4550.000,0.000000
FOG_NO_IDS_seed3,FOG_NO_IDS,3,fog-2,4550.000,0.000000
FOG_NO_IDS_seed3,FOG_NO_IDS,3,fog-3,4550.000,0.000000
FOG_NO_IDS_seed3,FOG_NO_IDS,3,cloud,4575.000,0.000000
FOG_NO_IDS_seed3,FOG_NO_IDS,3,proxy,4575.000,0.000000
FOG_NO_IDS_seed3,FOG_NO_IDS,3,fog-1,4575.000,0.040000
FOG_NO_IDS_seed3,FOG_NO_IDS,3,fog-2,4575.000,0.040000
FOG_NO_IDS_seed3,FOG_NO_IDS,3,fog-3,4575.000,0.040000
FOG_NO_IDS_seed3,FOG_NO_IDS,3,cloud,4600.000,0.000000
FOG_NO_IDS_seed3,FOG_NO_IDS,3,proxy,4600.000,0.000000
FOG_NO_IDS_seed3,FOG_NO_IDS,3,fog-1,4600.000,0.040000
FOG_NO_IDS_seed3,FOG_NO_IDS,3,fog-2,4600.000,0.040000
FOG_NO_IDS_seed3,FOG_NO_IDS,3,fog-3,4600.000,0.000000
FOG_NO_IDS_seed3,FOG_NO_IDS,3,cloud,4625.000,0.000000
FOG_NO_IDS_seed3,FOG_NO_IDS,3,proxy,4625.000,0.000000
FOG_NO_IDS_seed3,FOG_NO_IDS,3,fog-1,4625.000,0.080000
FOG_NO_IDS_seed3,FOG_NO_IDS,3,fog-2,4625.000,0.080000
FOG_NO_IDS_seed3,FOG_NO_IDS,3,fog-3,4625.000,0.040000
FOG_NO_IDS_seed3,FOG_NO_IDS,3,cloud,4650.000,0.000000
FOG_NO_IDS_seed3,FOG_NO_IDS,3,proxy,4650.000,0.000000
FOG_NO_IDS_seed3,FOG_NO_IDS,3,fog-1,4650.000,0.000000
FOG_NO_IDS_seed3,FOG_NO_IDS,3,fog-2,4650.000,0.000000
FOG_NO_IDS_seed3,FOG_NO_IDS,3,fog-3,4650.000,0.000000
FOG_NO_IDS_seed3,FOG_NO_IDS,3,cloud,4675.000,0.000000
FOG_NO_IDS_seed3,FOG_NO_IDS,3,proxy,4675.000,0.000000
FOG_NO_IDS_seed3,FOG_NO_IDS,3,fog-1,4675.000,0.040000
FOG_NO_IDS_seed3,FOG_NO_IDS,3,fog-2,4675.000,0.040000
FOG_NO_IDS_seed3,FOG_NO_IDS,3,fog-3,4675.000,0.040000
FOG_NO_IDS_seed3,FOG_NO_IDS,3,cloud,4700.000,0.000000
FOG_NO_IDS_seed3,FOG_NO_IDS,3,proxy,4700.000,0.000000
FOG_NO_IDS_seed3,FOG_NO_IDS,3,fog-1,4700.000,0.040000
FOG_NO_IDS_seed3,FOG_NO_IDS,3,fog-2,4700.000,0.040000
FOG_NO_IDS_seed3,FOG_NO_IDS,3,fog-3,4700.000,0.000000
FOG_NO_IDS_seed3,FOG_NO_IDS,3,cloud,4725.000,0.000000
FOG_NO_IDS_seed3,FOG_NO_IDS,3,proxy,4725.000,0.000000
FOG_NO_IDS_seed3,FOG_NO_IDS,3,fog-1,4725.000,0.080000
FOG_NO_IDS_seed3,FOG_NO_IDS,3,fog-2,4725.000,0.080000
FOG_NO_IDS_seed3,FOG_NO_IDS,3,fog-3,4725.000,0.040000
FOG_NO_IDS_seed3,FOG_NO_IDS,3,cloud,4750.000,0.000000
FOG_NO_IDS_seed3,FOG_NO_IDS,3,proxy,4750.000,0.000000
FOG_NO_IDS_seed3,FOG_NO_IDS,3,fog-1,4750.000,0.000000
FOG_NO_IDS_seed3,FOG_NO_IDS,3,fog-2,4750.000,0.000000
FOG_NO_IDS_seed3,FOG_NO_IDS,3,fog-3,4750.000,0.000000
FOG_NO_IDS_seed3,FOG_NO_IDS,3,cloud,4775.000,0.000000
FOG_NO_IDS_seed3,FOG_NO_IDS,3,proxy,4775.000,0.000000
FOG_NO_IDS_seed3,FOG_NO_IDS,3,fog-1,4775.000,0.040000
FOG_NO_IDS_seed3,FOG_NO_IDS,3,fog-2,4775.000,0.040000
FOG_NO_IDS_seed3,FOG_NO_IDS,3,fog-3,4775.000,0.040000
FOG_NO_IDS_seed3,FOG_NO_IDS,3,cloud,4800.000,0.000000
FOG_NO_IDS_seed3,FOG_NO_IDS,3,proxy,4800.000,0.000000
FOG_NO_IDS_seed3,FOG_NO_IDS,3,fog-1,4800.000,0.040000
FOG_NO_IDS_seed3,FOG_NO_IDS,3,fog-2,4800.000,0.000000
FOG_NO_IDS_seed3,FOG_NO_IDS,3,fog-3,4800.000,0.000000
FOG_NO_IDS_seed3,FOG_NO_IDS,3,cloud,4825.000,0.000000
FOG_NO_IDS_seed3,FOG_NO_IDS,3,proxy,4825.000,0.000000
FOG_NO_IDS_seed3,FOG_NO_IDS,3,fog-1,4825.000,0.080000
FOG_NO_IDS_seed3,FOG_NO_IDS,3,fog-2,4825.000,0.040000
FOG_NO_IDS_seed3,FOG_NO_IDS,3,fog-3,4825.000,0.040000
FOG_NO_IDS_seed3,FOG_NO_IDS,3,cloud,4850.000,0.000000
FOG_NO_IDS_seed3,FOG_NO_IDS,3,proxy,4850.000,0.000000
FOG_NO_IDS_seed3,FOG_NO_IDS,3,fog-1,4850.000,0.000000
FOG_NO_IDS_seed3,FOG_NO_IDS,3,fog-2,4850.000,0.000000
FOG_NO_IDS_seed3,FOG_NO_IDS,3,fog-3,4850.000,0.000000
FOG_NO_IDS_seed3,FOG_NO_IDS,3,cloud,4875.000,0.000000
FOG_NO_IDS_seed3,FOG_NO_IDS,3,proxy,4875.000,0.000000
FOG_NO_IDS_seed3,FOG_NO_IDS,3,fog-1,4875.000,0.040000
FOG_NO_IDS_seed3,FOG_NO_IDS,3,fog-2,4875.000,0.040000
FOG_NO_IDS_seed3,FOG_NO_IDS,3,fog-3,4875.000,0.040000
FOG_NO_IDS_seed3,FOG_NO_IDS,3,cloud,4900.000,0.000000
FOG_NO_IDS_seed3,FOG_NO_IDS,3,proxy,4900.000,0.000000
FOG_NO_IDS_seed3,FOG_NO_IDS,3,fog-1,4900.000,0.000000
FOG_NO_IDS_seed3,FOG_NO_IDS,3,fog-2,4900.000,0.000000
FOG_NO_IDS_seed3,FOG_NO_IDS,3,fog-3,4900.000,0.040000
FOG_NO_IDS_seed3,FOG_NO_IDS,3,cloud,4925.000,0.000000
FOG_NO_IDS_seed3,FOG_NO_IDS,3,proxy,4925.000,0.000000
FOG_NO_IDS_seed3,FOG_NO_IDS,3,fog-1,4925.000,0.040000
FOG_NO_IDS_seed3,FOG_NO_IDS,3,fog-2,4925.000,0.040000
FOG_NO_IDS_seed3,FOG_NO_IDS,3,fog-3,4925.000,0.080000
FOG_NO_IDS_seed3,FOG_NO_IDS,3,cloud,4950.000,0.000000
FOG_NO_IDS_seed3,FOG_NO_IDS,3,proxy,4950.000,0.000000
FOG_NO_IDS_seed3,FOG_NO_IDS,3,fog-1,4950.000,0.000000
FOG_NO_IDS_seed3,FOG_NO_IDS,3,fog-2,4950.000,0.000000
FOG_NO_IDS_seed3,FOG_NO_IDS,3,fog-3,4950.000,0.000000
FOG_NO_IDS_seed3,FOG_NO_IDS,3,cloud,4975.000,0.000000
FOG_NO_IDS_seed3,FOG_NO_IDS,3,proxy,4975.000,0.000000
FOG_NO_IDS_seed3,FOG_NO_IDS,3,fog-1,4975.000,0.040000
FOG_NO_IDS_seed3,FOG_NO_IDS,3,fog-2,4975.000,0.040000
FOG_NO_IDS_seed3,FOG_NO_IDS,3,fog-3,4975.000,0.040000
FOG_NO_IDS_seed3,FOG_NO_IDS,3,cloud,5000.000,0.000000
FOG_NO_IDS_seed3,FOG_NO_IDS,3,proxy,5000.000,0.000000
FOG_NO_IDS_seed3,FOG_NO_IDS,3,fog-1,5000.000,0.000000
FOG_NO_IDS_seed3,FOG_NO_IDS,3,fog-2,5000.000,0.000000
FOG_NO_IDS_seed3,FOG_NO_IDS,3,fog-3,5000.000,0.000000
FOG_NO_IDS_seed4,FOG_NO_IDS,4,cloud,25.000,0.000179
FOG_NO_IDS_seed4,FOG_NO_IDS,4,proxy,25.000,0.000000
FOG_NO_IDS_seed4,FOG_NO_IDS,4,fog-1,25.000,0.002500
FOG_NO_IDS_seed4,FOG_NO_IDS,4,fog-2,25.000,0.002500
FOG_NO_IDS_seed4,FOG_NO_IDS,4,fog-3,25.000,0.002500
FOG_NO_IDS_seed4,FOG_NO_IDS,4,cloud,50.000,0.000179
FOG_NO_IDS_seed4,FOG_NO_IDS,4,proxy,50.000,0.000000
FOG_NO_IDS_seed4,FOG_NO_IDS,4,fog-1,50.000,0.002500
FOG_NO_IDS_seed4,FOG_NO_IDS,4,fog-2,50.000,0.002500
FOG_NO_IDS_seed4,FOG_NO_IDS,4,fog-3,50.000,0.002500
FOG_NO_IDS_seed4,FOG_NO_IDS,4,cloud,75.000,0.000179
FOG_NO_IDS_seed4,FOG_NO_IDS,4,proxy,75.000,0.000000
FOG_NO_IDS_seed4,FOG_NO_IDS,4,fog-1,75.000,0.002500
FOG_NO_IDS_seed4,FOG_NO_IDS,4,fog-2,75.000,0.002500
FOG_NO_IDS_seed4,FOG_NO_IDS,4,fog-3,75.000,0.002500
FOG_NO_IDS_seed4,FOG_NO_IDS,4,cloud,100.000,0.000179
FOG_NO_IDS_seed4,FOG_NO_IDS,4,proxy,100.000,0.000000
FOG_NO_IDS_seed4,FOG_NO_IDS,4,fog-1,100.000,0.002500
FOG_NO_IDS_seed4,FOG_NO_IDS,4,fog-2,100.000,0.002500
FOG_NO_IDS_seed4,FOG_NO_IDS,4,fog-3,100.000,0.002500
FOG_NO_IDS_seed4,FOG_NO_IDS,4,cloud,125.000,0.000179
FOG_NO_IDS_seed4,FOG_NO_IDS,4,proxy,125.000,0.000000
FOG_NO_IDS_seed4,FOG_NO_IDS,4,fog-1,125.000,0.040100
FOG_NO_IDS_seed4,FOG_NO_IDS,4,fog-2,125.000,0.040100
FOG_NO_IDS_seed4,FOG_NO_IDS,4,fog-3,125.000,0.040100
FOG_NO_IDS_seed4,FOG_NO_IDS,4,cloud,150.000,0.000179
FOG_NO_IDS_seed4,FOG_NO_IDS,4,proxy,150.000,0.000000
FOG_NO_IDS_seed4,FOG_NO_IDS,4,fog-1,150.000,0.000000
FOG_NO_IDS_seed4,FOG_NO_IDS,4,fog-2,150.000,0.000000
FOG_NO_IDS_seed4,FOG_NO_IDS,4,fog-3,150.000,0.000000
FOG_NO_IDS_seed4,FOG_NO_IDS,4,cloud,175.000,0.000071
FOG_NO_IDS_seed4,FOG_NO_IDS,4,proxy,175.000,0.000000
FOG_NO_IDS_seed4,FOG_NO_IDS,4,fog-1,175.000,0.040000
FOG_NO_IDS_seed4,FOG_NO_IDS,4,fog-2,175.000,0.040000
FOG_NO_IDS_seed4,FOG_NO_IDS,4,fog-3,175.000,0.040000
FOG_NO_IDS_seed4,FOG_NO_IDS,4,cloud,200.000,0.000000
FOG_NO_IDS_seed4,FOG_NO_IDS,4,proxy,200.000,0.000000
FOG_NO_IDS_seed4,FOG_NO_IDS,4,fog-1,200.000,0.000000
FOG_NO_IDS_seed4,FOG_NO_IDS,4,fog-2,200.000,0.000000
FOG_NO_IDS_seed4,FOG_NO_IDS,4,fog-3,200.000,0.000000
FOG_NO_IDS_seed4,FOG_NO_IDS,4,cloud,225.000,0.000000
FOG_NO_IDS_seed4,FOG_NO_IDS,4,proxy,225.000,0.000000
FOG_NO_IDS_seed4,FOG_NO_IDS,4,fog-1,225.000,0.040000
FOG_NO_IDS_seed4,FOG_NO_IDS,4,fog-2,225.000,0.040000
FOG_NO_IDS_seed4,FOG_NO_IDS,4,fog-3,225.000,0.040000
FOG_NO_IDS_seed4,FOG_NO_IDS,4,cloud,250.000,0.000000
FOG_NO_IDS_seed4,FOG_NO_IDS,4,proxy,250.000,0.000000
FOG_NO_IDS_seed4,FOG_NO_IDS,4,fog-1,250.000,0.000000
FOG_NO_IDS_seed4,FOG_NO_IDS,4,fog-2,250.000,0.000000
FOG_NO_IDS_seed4,FOG_NO_IDS,4,fog-3,250.000,0.000000
FOG_NO_IDS_seed4,FOG_NO_IDS,4,cloud,275.000,0.000000
FOG_NO_IDS_seed4,FOG_NO_IDS,4,proxy,275.000,0.000000
FOG_NO_IDS_seed4,FOG_NO_IDS,4,fog-1,275.000,0.040000
FOG_NO_IDS_seed4,FOG_NO_IDS,4,fog-2,275.000,0.040000
FOG_NO_IDS_seed4,FOG_NO_IDS,4,fog-3,275.000,0.040000
FOG_NO_IDS_seed4,FOG_NO_IDS,4,cloud,300.000,0.000000
FOG_NO_IDS_seed4,FOG_NO_IDS,4,proxy,300.000,0.000000
FOG_NO_IDS_seed4,FOG_NO_IDS,4,fog-1,300.000,0.040000
FOG_NO_IDS_seed4,FOG_NO_IDS,4,fog-2,300.000,0.000000
FOG_NO_IDS_seed4,FOG_NO_IDS,4,fog-3,300.000,0.040000
FOG_NO_IDS_seed4,FOG_NO_IDS,4,cloud,325.000,0.000000
FOG_NO_IDS_seed4,FOG_NO_IDS,4,proxy,325.000,0.000000
FOG_NO_IDS_seed4,FOG_NO_IDS,4,fog-1,325.000,0.080000
FOG_NO_IDS_seed4,FOG_NO_IDS,4,fog-2,325.000,0.040000
FOG_NO_IDS_seed4,FOG_NO_IDS,4,fog-3,325.000,0.080000
FOG_NO_IDS_seed4,FOG_NO_IDS,4,cloud,350.000,0.000000
FOG_NO_IDS_seed4,FOG_NO_IDS,4,proxy,350.000,0.000000
FOG_NO_IDS_seed4,FOG_NO_IDS,4,fog-1,350.000,0.000000
FOG_NO_IDS_seed4,FOG_NO_IDS,4,fog-2,350.000,0.000000
FOG_NO_IDS_seed4,FOG_NO_IDS,4,fog-3,350.000,0.000000
FOG_NO_IDS_seed4,FOG_NO_IDS,4,cloud,375.000,0.000000
FOG_NO_IDS_seed4,FOG_NO_IDS,4,proxy,375.000,0.000000
FOG_NO_IDS_seed4,FOG_NO_IDS,4,fog-1,375.000,0.040000
FOG_NO_IDS_seed4,FOG_NO_IDS,4,fog-2,375.000,0.040000
FOG_NO_IDS_seed4,FOG_NO_IDS,4,fog-3,375.000,0.040000
FOG_NO_IDS_seed4,FOG_NO_IDS,4,cloud,400.000,0.000000
FOG_NO_IDS_seed4,FOG_NO_IDS,4,proxy,400.000,0.000000
FOG_NO_IDS_seed4,FOG_NO_IDS,4,fog-1,400.000,0.000000
FOG_NO_IDS_seed4,FOG_NO_IDS,4,fog-2,400.000,0.000000
FOG_NO_IDS_seed4,FOG_NO_IDS,4,fog-3,400.000,0.040000
FOG_NO_IDS_seed4,FOG_NO_IDS,4,cloud,425.000,0.000000
FOG_NO_IDS_seed4,FOG_NO_IDS,4,proxy,425.000,0.000000
FOG_NO_IDS_seed4,FOG_NO_IDS,4,fog-1,425.000,0.040000
FOG_NO_IDS_seed4,FOG_NO_IDS,4,fog-2,425.000,0.040000
FOG_NO_IDS_seed4,FOG_NO_IDS,4,fog-3,425.000,0.080000
FOG_NO_IDS_seed4,FOG_NO_IDS,4,cloud,450.000,0.000000
FOG_NO_IDS_seed4,FOG_NO_IDS,4,proxy,450.000,0.000000
FOG_NO_IDS_seed4,FOG_NO_IDS,4,fog-1,450.000,0.000000
FOG_NO_IDS_seed4,FOG_NO_IDS,4,fog-2,450.000,0.000000
FOG_NO_IDS_seed4,FOG_NO_IDS,4,fog-3,450.000,0.000000
FOG_NO_IDS_seed4,FOG_NO_IDS,4,cloud,475.000,0.000000
FOG_NO_IDS_seed4,FOG_NO_IDS,4,proxy,475.000,0.000000
FOG_NO_IDS_seed4,FOG_NO_IDS,4,fog-1,475.000,0.040000
FOG_NO_IDS_seed4,FOG_NO_IDS,4,fog-2,475.000,0.040000
FOG_NO_IDS_seed4,FOG_NO_IDS,4,fog-3,475.000,0.040000
FOG_NO_IDS_seed4,FOG_NO_IDS,4,cloud,500.000,0.000000
FOG_NO_IDS_seed4,FOG_NO_IDS,4,proxy,500.000,0.000000
FOG_NO_IDS_seed4,FOG_NO_IDS,4,fog-1,500.000,0.000000
FOG_NO_IDS_seed4,FOG_NO_IDS,4,fog-2,500.000,0.040000
FOG_NO_IDS_seed4,FOG_NO_IDS,4,fog-3,500.000,0.000000
FOG_NO_IDS_seed4,FOG_NO_IDS,4,cloud,525.000,0.000000
FOG_NO_IDS_seed4,FOG_NO_IDS,4,proxy,525.000,0.000000
FOG_NO_IDS_seed4,FOG_NO_IDS,4,fog-1,525.000,0.040000
FOG_NO_IDS_seed4,FOG_NO_IDS,4,fog-2,525.000,0.080000
FOG_NO_IDS_seed4,FOG_NO_IDS,4,fog-3,525.000,0.040000
FOG_NO_IDS_seed4,FOG_NO_IDS,4,cloud,550.000,0.000000
FOG_NO_IDS_seed4,FOG_NO_IDS,4,proxy,550.000,0.000000
FOG_NO_IDS_seed4,FOG_NO_IDS,4,fog-1,550.000,0.000000
FOG_NO_IDS_seed4,FOG_NO_IDS,4,fog-2,550.000,0.000000
FOG_NO_IDS_seed4,FOG_NO_IDS,4,fog-3,550.000,0.000000
FOG_NO_IDS_seed4,FOG_NO_IDS,4,cloud,575.000,0.000000
FOG_NO_IDS_seed4,FOG_NO_IDS,4,proxy,575.000,0.000000
FOG_NO_IDS_seed4,FOG_NO_IDS,4,fog-1,575.000,0.040000
FOG_NO_IDS_seed4,FOG_NO_IDS,4,fog-2,575.000,0.040000
FOG_NO_IDS_seed4,FOG_NO_IDS,4,fog-3,575.000,0.040000
FOG_NO_IDS_seed4,FOG_NO_IDS,4,cloud,600.000,0.000000
FOG_NO_IDS_seed4,FOG_NO_IDS,4,proxy,600.000,0.000000
FOG_NO_IDS_seed4,FOG_NO_IDS,4,fog-1,600.000,0.000000
FOG_NO_IDS_seed4,FOG_NO_IDS,4,fog-2,600.000,0.000000
FOG_NO_IDS_seed4,FOG_NO_IDS,4,fog-3,600.000,0.000000
FOG_NO_IDS_seed4,FOG_NO_IDS,4,cloud,625.000,0.000000
FOG_NO_IDS_seed4,FOG_NO_IDS,4,proxy,625.000,0.000000
FOG_NO_IDS_seed4,FOG_NO_IDS,4,fog-1,625.000,0.040000
FOG_NO_IDS_seed4,FOG_NO_IDS,4,fog-2,625.000,0.040000
FOG_NO_IDS_seed4,FOG_NO_IDS,4,fog-3,625.000,0.040000
FOG_NO_IDS_seed4,FOG_NO_IDS,4,cloud,650.000,0.000000
FOG_NO_IDS_seed4,FOG_NO_IDS,4,proxy,650.000,0.000000
FOG_NO_IDS_seed4,FOG_NO_IDS,4,fog-1,650.000,0.000000
FOG_NO_IDS_seed4,FOG_NO_IDS,4,fog-2,650.000,0.000000
FOG_NO_IDS_seed4,FOG_NO_IDS,4,fog-3,650.000,0.000000
FOG_NO_IDS_seed4,FOG_NO_IDS,4,cloud,675.000,0.000000
FOG_NO_IDS_seed4,FOG_NO_IDS,4,proxy,675.000,0.000000
FOG_NO_IDS_seed4,FOG_NO_IDS,4,fog-1,675.000,0.040000
FOG_NO_IDS_seed4,FOG_NO_IDS,4,fog-2,675.000,0.040000
FOG_NO_IDS_seed4,FOG_NO_IDS,4,fog-3,675.000,0.040000
FOG_NO_IDS_seed4,FOG_NO_IDS,4,cloud,700.000,0.000000
FOG_NO_IDS_seed4,FOG_NO_IDS,4,proxy,700.000,0.000000
FOG_NO_IDS_seed4,FOG_NO_IDS,4,fog-1,700.000,0.000000
FOG_NO_IDS_seed4,FOG_NO_IDS,4,fog-2,700.000,0.040000
FOG_NO_IDS_seed4,FOG_NO_IDS,4,fog-3,700.000,0.000000
FOG_NO_IDS_seed4,FOG_NO_IDS,4,cloud,725.000,0.000000
FOG_NO_IDS_seed4,FOG_NO_IDS,4,proxy,725.000,0.000000
FOG_NO_IDS_seed4,FOG_NO_IDS,4,fog-1,725.000,0.040000
FOG_NO_IDS_seed4,FOG_NO_IDS,4,fog-2,725.000,0.080000
FOG_NO_IDS_seed4,FOG_NO_IDS,4,fog-3,725.000,0.040000
FOG_NO_IDS_seed4,FOG_NO_IDS,4,cloud,750.000,0.000000
FOG_NO_IDS_seed4,FOG_NO_IDS,4,proxy,750.000,0.000000
FOG_NO_IDS_seed4,FOG_NO_IDS,4,fog-1,750.000,0.000000
FOG_NO_IDS_seed4,FOG_NO_IDS,4,fog-2,750.000,0.000000
FOG_NO_IDS_seed4,FOG_NO_IDS,4,fog-3,750.000,0.000000
FOG_NO_IDS_seed4,FOG_NO_IDS,4,cloud,775.000,0.000000
FOG_NO_IDS_seed4,FOG_NO_IDS,4,proxy,775.000,0.000000
FOG_NO_IDS_seed4,FOG_NO_IDS,4,fog-1,775.000,0.040000
FOG_NO_IDS_seed4,FOG_NO_IDS,4,fog-2,775.000,0.040000
FOG_NO_IDS_seed4,FOG_NO_IDS,4,fog-3,775.000,0.040000
FOG_NO_IDS_seed4,FOG_NO_IDS,4,cloud,800.000,0.000000
FOG_NO_IDS_seed4,FOG_NO_IDS,4,proxy,800.000,0.000000
FOG_NO_IDS_seed4,FOG_NO_IDS,4,fog-1,800.000,0.040000
FOG_NO_IDS_seed4,FOG_NO_IDS,4,fog-2,800.000,0.040000
FOG_NO_IDS_seed4,FOG_NO_IDS,4,fog-3,800.000,0.040000
FOG_NO_IDS_seed4,FOG_NO_IDS,4,cloud,825.000,0.000000
FOG_NO_IDS_seed4,FOG_NO_IDS,4,proxy,825.000,0.000000
FOG_NO_IDS_seed4,FOG_NO_IDS,4,fog-1,825.000,0.080000
FOG_NO_IDS_seed4,FOG_NO_IDS,4,fog-2,825.000,0.080000
FOG_NO_IDS_seed4,FOG_NO_IDS,4,fog-3,825.000,0.080000
FOG_NO_IDS_seed4,FOG_NO_IDS,4,cloud,850.000,0.000000
FOG_NO_IDS_seed4,FOG_NO_IDS,4,proxy,850.000,0.000000
FOG_NO_IDS_seed4,FOG_NO_IDS,4,fog-1,850.000,0.000000
FOG_NO_IDS_seed4,FOG_NO_IDS,4,fog-2,850.000,0.000000
FOG_NO_IDS_seed4,FOG_NO_IDS,4,fog-3,850.000,0.000000
FOG_NO_IDS_seed4,FOG_NO_IDS,4,cloud,875.000,0.000000
FOG_NO_IDS_seed4,FOG_NO_IDS,4,proxy,875.000,0.000000
FOG_NO_IDS_seed4,FOG_NO_IDS,4,fog-1,875.000,0.040000
FOG_NO_IDS_seed4,FOG_NO_IDS,4,fog-2,875.000,0.040000
FOG_NO_IDS_seed4,FOG_NO_IDS,4,fog-3,875.000,0.040000
FOG_NO_IDS_seed4,FOG_NO_IDS,4,cloud,900.000,0.000000
FOG_NO_IDS_seed4,FOG_NO_IDS,4,proxy,900.000,0.000000
FOG_NO_IDS_seed4,FOG_NO_IDS,4,fog-1,900.000,0.040000
FOG_NO_IDS_seed4,FOG_NO_IDS,4,fog-2,900.000,0.040000
FOG_NO_IDS_seed4,FOG_NO_IDS,4,fog-3,900.000,0.000000
FOG_NO_IDS_seed4,FOG_NO_IDS,4,cloud,925.000,0.000000
FOG_NO_IDS_seed4,FOG_NO_IDS,4,proxy,925.000,0.000000
FOG_NO_IDS_seed4,FOG_NO_IDS,4,fog-1,925.000,0.080000
FOG_NO_IDS_seed4,FOG_NO_IDS,4,fog-2,925.000,0.080000
FOG_NO_IDS_seed4,FOG_NO_IDS,4,fog-3,925.000,0.040000
FOG_NO_IDS_seed4,FOG_NO_IDS,4,cloud,950.000,0.000000
FOG_NO_IDS_seed4,FOG_NO_IDS,4,proxy,950.000,0.000000
FOG_NO_IDS_seed4,FOG_NO_IDS,4,fog-1,950.000,0.000000
FOG_NO_IDS_seed4,FOG_NO_IDS,4,fog-2,950.000,0.000000
FOG_NO_IDS_seed4,FOG_NO_IDS,4,fog-3,950.000,0.000000
FOG_NO_IDS_seed4,FOG_NO_IDS,4,cloud,975.000,0.000000
FOG_NO_IDS_seed4,FOG_NO_IDS,4,proxy,975.000,0.000000
FOG_NO_IDS_seed4,FOG_NO_IDS,4,fog-1,975.000,0.040000
FOG_NO_IDS_seed4,FOG_NO_IDS,4,fog-2,975.000,0.040000
FOG_NO_IDS_seed4,FOG_NO_IDS,4,fog-3,975.000,0.040000
FOG_NO_IDS_seed4,FOG_NO_IDS,4,cloud,1000.000,0.000000
FOG_NO_IDS_seed4,FOG_NO_IDS,4,proxy,1000.000,0.000000
FOG_NO_IDS_seed4,FOG_NO_IDS,4,fog-1,1000.000,0.040000
FOG_NO_IDS_seed4,FOG_NO_IDS,4,fog-2,1000.000,0.040000
FOG_NO_IDS_seed4,FOG_NO_IDS,4,fog-3,1000.000,0.040000
FOG_NO_IDS_seed4,FOG_NO_IDS,4,cloud,1025.000,0.000000
FOG_NO_IDS_seed4,FOG_NO_IDS,4,proxy,1025.000,0.000000
FOG_NO_IDS_seed4,FOG_NO_IDS,4,fog-1,1025.000,0.080000
FOG_NO_IDS_seed4,FOG_NO_IDS,4,fog-2,1025.000,0.080000
FOG_NO_IDS_seed4,FOG_NO_IDS,4,fog-3,1025.000,0.080000
FOG_NO_IDS_seed4,FOG_NO_IDS,4,cloud,1050.000,0.000000
FOG_NO_IDS_seed4,FOG_NO_IDS,4,proxy,1050.000,0.000000
FOG_NO_IDS_seed4,FOG_NO_IDS,4,fog-1,1050.000,0.000000
FOG_NO_IDS_seed4,FOG_NO_IDS,4,fog-2,1050.000,0.000000
FOG_NO_IDS_seed4,FOG_NO_IDS,4,fog-3,1050.000,0.000000
FOG_NO_IDS_seed4,FOG_NO_IDS,4,cloud,1075.000,0.000000
FOG_NO_IDS_seed4,FOG_NO_IDS,4,proxy,1075.000,0.000000
FOG_NO_IDS_seed4,FOG_NO_IDS,4,fog-1,1075.000,0.040000
FOG_NO_IDS_seed4,FOG_NO_IDS,4,fog-2,1075.000,0.040000
FOG_NO_IDS_seed4,FOG_NO_IDS,4,fog-3,1075.000,0.040000
FOG_NO_IDS_seed4,FOG_NO_IDS,4,cloud,1100.000,0.000000
FOG_NO_IDS_seed4,FOG_NO_IDS,4,proxy,1100.000,0.000000
FOG_NO_IDS_seed4,FOG_NO_IDS,4,fog-1,1100.000,0.040000
FOG_NO_IDS_seed4,FOG_NO_IDS,4,fog-2,1100.000,0.040000
FOG_NO_IDS_seed4,FOG_NO_IDS,4,fog-3,1100.000,0.000000
FOG_NO_IDS_seed4,FOG_NO_IDS,4,cloud,1125.000,0.000000
FOG_NO_IDS_seed4,FOG_NO_IDS,4,proxy,1125.000,0.000000
FOG_NO_IDS_seed4,FOG_NO_IDS,4,fog-1,1125.000,0.080000
FOG_NO_IDS_seed4,FOG_NO_IDS,4,fog-2,1125.000,0.080000
FOG_NO_IDS_seed4,FOG_NO_IDS,4,fog-3,1125.000,0.040000
FOG_NO_IDS_seed4,FOG_NO_IDS,4,cloud,1150.000,0.000000
FOG_NO_IDS_seed4,FOG_NO_IDS,4,proxy,1150.000,0.000000
FOG_NO_IDS_seed4,FOG_NO_IDS,4,fog-1,1150.000,0.000000
FOG_NO_IDS_seed4,FOG_NO_IDS,4,fog-2,1150.000,0.000000
FOG_NO_IDS_seed4,FOG_NO_IDS,4,fog-3,1150.000,0.000000
FOG_NO_IDS_seed4,FOG_NO_IDS,4,cloud,1175.000,0.000000
FOG_NO_IDS_seed4,FOG_NO_IDS,4,proxy,1175.000,0.000000
FOG_NO_IDS_seed4,FOG_NO_IDS,4,fog-1,1175.000,0.040000
FOG_NO_IDS_seed4,FOG_NO_IDS,4,fog-2,1175.000,0.040000
FOG_NO_IDS_seed4,FOG_NO_IDS,4,fog-3,1175.000,0.040000
FOG_NO_IDS_seed4,FOG_NO_IDS,4,cloud,1200.000,0.000000
FOG_NO_IDS_seed4,FOG_NO_IDS,4,proxy,1200.000,0.000000
FOG_NO_IDS_seed4,FOG_NO_IDS,4,fog-1,1200.000,0.040000
FOG_NO_IDS_seed4,FOG_NO_IDS,4,fog-2,1200.000,0.040000
FOG_NO_IDS_seed4,FOG_NO_IDS,4,fog-3,1200.000,0.000000
FOG_NO_IDS_seed4,FOG_NO_IDS,4,cloud,1225.000,0.000000
FOG_NO_IDS_seed4,FOG_NO_IDS,4,proxy,1225.000,0.000000
FOG_NO_IDS_seed4,FOG_NO_IDS,4,fog-1,1225.000,0.080000
FOG_NO_IDS_seed4,FOG_NO_IDS,4,fog-2,1225.000,0.080000
FOG_NO_IDS_seed4,FOG_NO_IDS,4,fog-3,1225.000,0.040000
FOG_NO_IDS_seed4,FOG_NO_IDS,4,cloud,1250.000,0.000000
FOG_NO_IDS_seed4,FOG_NO_IDS,4,proxy,1250.000,0.000000
FOG_NO_IDS_seed4,FOG_NO_IDS,4,fog-1,1250.000,0.000000
FOG_NO_IDS_seed4,FOG_NO_IDS,4,fog-2,1250.000,0.000000
FOG_NO_IDS_seed4,FOG_NO_IDS,4,fog-3,1250.000,0.000000
FOG_NO_IDS_seed4,FOG_NO_IDS,4,cloud,1275.000,0.000000
FOG_NO_IDS_seed4,FOG_NO_IDS,4,proxy,1275.000,0.000000
FOG_NO_IDS_seed4,FOG_NO_IDS,4,fog-1,1275.000,0.040000
FOG_NO_IDS_seed4,FOG_NO_IDS,4,fog-2,1275.000,0.040000
FOG_NO_IDS_seed4,FOG_NO_IDS,4,fog-3,1275.000,0.040000
FOG_NO_IDS_seed4,FOG_NO_IDS,4,cloud,1300.000,0.000000
FOG_NO_IDS_seed4,FOG_NO_IDS,4,proxy,1300.000,0.000000
FOG_NO_IDS_seed4,FOG_NO_IDS,4,fog-1,1300.000,0.000000
FOG_NO_IDS_seed4,FOG_NO_IDS,4,fog-2,1300.000,0.040000
FOG_NO_IDS_seed4,FOG_NO_IDS,4,fog-3,1300.000,0.040000
FOG_NO_IDS_seed4,FOG_NO_IDS,4,cloud,1325.000,0.000000
FOG_NO_IDS_seed4,FOG_NO_IDS,4,proxy,1325.000,0.000000
FOG_NO_IDS_seed4,FOG_NO_IDS,4,fog-1,1325.000,0.040000
FOG_NO_IDS_seed4,FOG_NO_IDS,4,fog-2,1325.000,0.080000
FOG_NO_IDS_seed4,FOG_NO_IDS,4,fog-3,1325.000,0.080000
FOG_NO_IDS_seed4,FOG_NO_IDS,4,cloud,1350.000,0.000000
FOG_NO_IDS_seed4,FOG_NO_IDS,4,proxy,1350.000,0.000000
FOG_NO_IDS_seed4,FOG_NO_IDS,4,fog-1,1350.000,0.000000
FOG_NO_IDS_seed4,FOG_NO_IDS,4,fog-2,1350.000,0.000000
FOG_NO_IDS_seed4,FOG_NO_IDS,4,fog-3,1350.000,0.000000
FOG_NO_IDS_seed4,FOG_NO_IDS,4,cloud,1375.000,0.000000
FOG_NO_IDS_seed4,FOG_NO_IDS,4,proxy,1375.000,0.000000
FOG_NO_IDS_seed4,FOG_NO_IDS,4,fog-1,1375.000,0.040000
FOG_NO_IDS_seed4,FOG_NO_IDS,4,fog-2,1375.000,0.040000
FOG_NO_IDS_seed4,FOG_NO_IDS,4,fog-3,1375.000,0.040000
FOG_NO_IDS_seed4,FOG_NO_IDS,4,cloud,1400.000,0.000000
FOG_NO_IDS_seed4,FOG_NO_IDS,4,proxy,1400.000,0.000000
FOG_NO_IDS_seed4,FOG_NO_IDS,4,fog-1,1400.000,0.000000
FOG_NO_IDS_seed4,FOG_NO_IDS,4,fog-2,1400.000,0.040000
FOG_NO_IDS_seed4,FOG_NO_IDS,4,fog-3,1400.000,0.040000
FOG_NO_IDS_seed4,FOG_NO_IDS,4,cloud,1425.000,0.000000
FOG_NO_IDS_seed4,FOG_NO_IDS,4,proxy,1425.000,0.000000
FOG_NO_IDS_seed4,FOG_NO_IDS,4,fog-1,1425.000,0.040000
FOG_NO_IDS_seed4,FOG_NO_IDS,4,fog-2,1425.000,0.080000
FOG_NO_IDS_seed4,FOG_NO_IDS,4,fog-3,1425.000,0.080000
FOG_NO_IDS_seed4,FOG_NO_IDS,4,cloud,1450.000,0.000000
FOG_NO_IDS_seed4,FOG_NO_IDS,4,proxy,1450.000,0.000000
FOG_NO_IDS_seed4,FOG_NO_IDS,4,fog-1,1450.000,0.000000
FOG_NO_IDS_seed4,FOG_NO_IDS,4,fog-2,1450.000,0.000000
FOG_NO_IDS_seed4,FOG_NO_IDS,4,fog-3,1450.000,0.000000
FOG_NO_IDS_seed4,FOG_NO_IDS,4,cloud,1475.000,0.000000
FOG_NO_IDS_seed4,FOG_NO_IDS,4,proxy,1475.000,0.000000
FOG_NO_IDS_seed4,FOG_NO_IDS,4,fog-1,1475.000,0.040000
FOG_NO_IDS_seed4,FOG_NO_IDS,4,fog-2,1475.000,0.040000
FOG_NO_IDS_seed4,FOG_NO_IDS,4,fog-3,1475.000,0.040000
FOG_NO_IDS_seed4,FOG_NO_IDS,4,cloud,1500.000,0.000000
FOG_NO_IDS_seed4,FOG_NO_IDS,4,proxy,1500.000,0.000000
FOG_NO_IDS_seed4,FOG_NO_IDS,4,fog-1,1500.000,0.040000
FOG_NO_IDS_seed4,FOG_NO_IDS,4,fog-2,1500.000,0.040000
FOG_NO_IDS_seed4,FOG_NO_IDS,4,fog-3,1500.000,0.040000
FOG_NO_IDS_seed4,FOG_NO_IDS,4,cloud,1525.000,0.000000
FOG_NO_IDS_seed4,FOG_NO_IDS,4,proxy,1525.000,0.000000
FOG_NO_IDS_seed4,FOG_NO_IDS,4,fog-1,1525.000,0.080000
FOG_NO_IDS_seed4,FOG_NO_IDS,4,fog-2,1525.000,0.080000
FOG_NO_IDS_seed4,FOG_NO_IDS,4,fog-3,1525.000,0.080000
FOG_NO_IDS_seed4,FOG_NO_IDS,4,cloud,1550.000,0.000000
FOG_NO_IDS_seed4,FOG_NO_IDS,4,proxy,1550.000,0.000000
FOG_NO_IDS_seed4,FOG_NO_IDS,4,fog-1,1550.000,0.000000
FOG_NO_IDS_seed4,FOG_NO_IDS,4,fog-2,1550.000,0.000000
FOG_NO_IDS_seed4,FOG_NO_IDS,4,fog-3,1550.000,0.000000
FOG_NO_IDS_seed4,FOG_NO_IDS,4,cloud,1575.000,0.000000
FOG_NO_IDS_seed4,FOG_NO_IDS,4,proxy,1575.000,0.000000
FOG_NO_IDS_seed4,FOG_NO_IDS,4,fog-1,1575.000,0.040000
FOG_NO_IDS_seed4,FOG_NO_IDS,4,fog-2,1575.000,0.040000
FOG_NO_IDS_seed4,FOG_NO_IDS,4,fog-3,1575.000,0.040000
FOG_NO_IDS_seed4,FOG_NO_IDS,4,cloud,1600.000,0.000000
FOG_NO_IDS_seed4,FOG_NO_IDS,4,proxy,1600.000,0.000000
FOG_NO_IDS_seed4,FOG_NO_IDS,4,fog-1,1600.000,0.040000
FOG_NO_IDS_seed4,FOG_NO_IDS,4,fog-2,1600.000,0.000000
FOG_NO_IDS_seed4,FOG_NO_IDS,4,fog-3,1600.000,0.000000
FOG_NO_IDS_seed4,FOG_NO_IDS,4,cloud,1625.000,0.000000
FOG_NO_IDS_seed4,FOG_NO_IDS,4,proxy,1625.000,0.000000
FOG_NO_IDS_seed4,FOG_NO_IDS,4,fog-1,1625.000,0.080000
FOG_NO_IDS_seed4,FOG_NO_IDS,4,fog-2,1625.000,0.040000
FOG_NO_IDS_seed4,FOG_NO_IDS,4,fog-3,1625.000,0.040000
FOG_NO_IDS_seed4,FOG_NO_IDS,4,cloud,1650.000,0.000000
FOG_NO_IDS_seed4,FOG_NO_IDS,4,proxy,1650.000,0.000000
FOG_NO_IDS_seed4,FOG_NO_IDS,4,fog-1,1650.000,0.000000
FOG_NO_IDS_seed4,FOG_NO_IDS,4,fog-2,1650.000,0.000000
FOG_NO_IDS_seed4,FOG_NO_IDS,4,fog-3,1650.000,0.000000
FOG_NO_IDS_seed4,FOG_NO_IDS,4,cloud,1675.000,0.000000
FOG_NO_IDS_seed4,FOG_NO_IDS,4,proxy,1675.000,0.000000
FOG_NO_IDS_seed4,FOG_NO_IDS,4,fog-1,1675.000,0.040000
FOG_NO_IDS_seed4,FOG_NO_IDS,4,fog-2,1675.000,0.040000
FOG_NO_IDS_seed4,FOG_NO_IDS,4,fog-3,1675.000,0.040000
FOG_NO_IDS_seed4,FOG_NO_IDS,4,cloud,1700.000,0.000000
FOG_NO_IDS_seed4,FOG_NO_IDS,4,proxy,1700.000,0.000000
FOG_NO_IDS_seed4,FOG_NO_IDS,4,fog-1,1700.000,0.000000
FOG_NO_IDS_seed4,FOG_NO_IDS,4,fog-2,1700.000,0.000000
FOG_NO_IDS_seed4,FOG_NO_IDS,4,fog-3,1700.000,0.000000
FOG_NO_IDS_seed4,FOG_NO_IDS,4,cloud,1725.000,0.000000
FOG_NO_IDS_seed4,FOG_NO_IDS,4,proxy,1725.000,0.000000
FOG_NO_IDS_seed4,FOG_NO_IDS,4,fog-1,1725.000,0.040000
FOG_NO_IDS_seed4,FOG_NO_IDS,4,fog-2,1725.000,0.040000
FOG_NO_IDS_seed4,FOG_NO_IDS,4,fog-3,1725.000,0.040000
FOG_NO_IDS_seed4,FOG_NO_IDS,4,cloud,1750.000,0.000000
FOG_NO_IDS_seed4,FOG_NO_IDS,4,proxy,1750.000,0.000000
FOG_NO_IDS_seed4,FOG_NO_IDS,4,fog-1,1750.000,0.000000
FOG_NO_IDS_seed4,FOG_NO_IDS,4,fog-2,1750.000,0.000000
FOG_NO_IDS_seed4,FOG_NO_IDS,4,fog-3,1750.000,0.000000
FOG_NO_IDS_seed4,FOG_NO_IDS,4,cloud,1775.000,0.000000
FOG_NO_IDS_seed4,FOG_NO_IDS,4,proxy,1775.000,0.000000
FOG_NO_IDS_seed4,FOG_NO_IDS,4,fog-1,1775.000,0.040000
FOG_NO_IDS_seed4,FOG_NO_IDS,4,fog-2,1775.000,0.040000
FOG_NO_IDS_seed4,FOG_NO_IDS,4,fog-3,1775.000,0.040000
FOG_NO_IDS_seed4,FOG_NO_IDS,4,cloud,1800.000,0.000000
FOG_NO_IDS_seed4,FOG_NO_IDS,4,proxy,1800.000,0.000000
FOG_NO_IDS_seed4,FOG_NO_IDS,4,fog-1,1800.000,0.040000
FOG_NO_IDS_seed4,FOG_NO_IDS,4,fog-2,1800.000,0.040000
FOG_NO_IDS_seed4,FOG_NO_IDS,4,fog-3,1800.000,0.000000
FOG_NO_IDS_seed4,FOG_NO_IDS,4,cloud,1825.000,0.000000
FOG_NO_IDS_seed4,FOG_NO_IDS,4,proxy,1825.000,0.000000
FOG_NO_IDS_seed4,FOG_NO_IDS,4,fog-1,1825.000,0.080000
FOG_NO_IDS_seed4,FOG_NO_IDS,4,fog-2,1825.000,0.080000
FOG_NO_IDS_seed4,FOG_NO_IDS,4,fog-3,1825.000,0.040000
FOG_NO_IDS_seed4,FOG_NO_IDS,4,cloud,1850.000,0.000000
FOG_NO_IDS_seed4,FOG_NO_IDS,4,proxy,1850.000,0.000000
FOG_NO_IDS_seed4,FOG_NO_IDS,4,fog-1,1850.000,0.000000
FOG_NO_IDS_seed4,FOG_NO_IDS,4,fog-2,1850.000,0.000000
FOG_NO_IDS_seed4,FOG_NO_IDS,4,fog-3,1850.000,0.000000
FOG_NO_IDS_seed4,FOG_NO_IDS,4,cloud,1875.000,0.000000
FOG_NO_IDS_seed4,FOG_NO_IDS,4,proxy,1875.000,0.000000
FOG_NO_IDS_seed4,FOG_NO_IDS,4,fog-1,1875.000,0.040000
FOG_NO_IDS_seed4,FOG_NO_IDS,4,fog-2,1875.000,0.040000
FOG_NO_IDS_seed4,FOG_NO_IDS,4,fog-3,1875.000,0.040000
FOG_NO_IDS_seed4,FOG_NO_IDS,4,cloud,1900.000,0.000000
FOG_NO_IDS_seed4,FOG_NO_IDS,4,proxy,1900.000,0.000000
FOG_NO_IDS_seed4,FOG_NO_IDS,4,fog-1,1900.000,0.040000
FOG_NO_IDS_seed4,FOG_NO_IDS,4,fog-2,1900.000,0.000000
FOG_NO_IDS_seed4,FOG_NO_IDS,4,fog-3,1900.000,0.000000
FOG_NO_IDS_seed4,FOG_NO_IDS,4,cloud,1925.000,0.000000
FOG_NO_IDS_seed4,FOG_NO_IDS,4,proxy,1925.000,0.000000
FOG_NO_IDS_seed4,FOG_NO_IDS,4,fog-1,1925.000,0.080000
FOG_NO_IDS_seed4,FOG_NO_IDS,4,fog-2,1925.000,0.040000
FOG_NO_IDS_seed4,FOG_NO_IDS,4,fog-3,1925.000,0.040000
FOG_NO_IDS_seed4,FOG_NO_IDS,4,cloud,1950.000,0.000000
FOG_NO_IDS_seed4,FOG_NO_IDS,4,proxy,1950.000,0.000000
FOG_NO_IDS_seed4,FOG_NO_IDS,4,fog-1,1950.000,0.000000
FOG_NO_IDS_seed4,FOG_NO_IDS,4,fog-2,1950.000,0.000000
FOG_NO_IDS_seed4,FOG_NO_IDS,4,fog-3,1950.000,0.000000
FOG_NO_IDS_seed4,FOG_NO_IDS,4,cloud,1975.000,0.000000
FOG_NO_IDS_seed4,FOG_NO_IDS,4,proxy,1975.000,0.000000
FOG_NO_IDS_seed4,FOG_NO_IDS,4,fog-1,1975.000,0.040000
FOG_NO_IDS_seed4,FOG_NO_IDS,4,fog-2,1975.000,0.040000
FOG_NO_IDS_seed4,FOG_NO_IDS,4,fog-3,1975.000,0.040000
FOG_NO_IDS_seed4,FOG_NO_IDS,4,cloud,2000.000,0.000000
FOG_NO_IDS_seed4,FOG_NO_IDS,4,proxy,2000.000,0.000000
FOG_NO_IDS_seed4,FOG_NO_IDS,4,fog-1,2000.000,0.000000
FOG_NO_IDS_seed4,FOG_NO_IDS,4,fog-2,2000.000,0.040000
FOG_NO_IDS_seed4,FOG_NO_IDS,4,fog-3,2000.000,0.000000
FOG_NO_IDS_seed4,FOG_NO_IDS,4,cloud,2025.000,0.000000
FOG_NO_IDS_seed4,FOG_NO_IDS,4,proxy,2025.000,0.000000
FOG_NO_IDS_seed4,FOG_NO_IDS,4,fog-1,2025.000,0.040000
FOG_NO_IDS_seed4,FOG_NO_IDS,4,fog-2,2025.000,0.080000
FOG_NO_IDS_seed4,FOG_NO_IDS,4,fog-3,2025.000,0.040000
FOG_NO_IDS_seed4,FOG_NO_IDS,4,cloud,2050.000,0.000000
FOG_NO_IDS_seed4,FOG_NO_IDS,4,proxy,2050.000,0.000000
FOG_NO_IDS_seed4,FOG_NO_IDS,4,fog-1,2050.000,0.000000
FOG_NO_IDS_seed4,FOG_NO_IDS,4,fog-2,2050.000,0.000000
FOG_NO_IDS_seed4,FOG_NO_IDS,4,fog-3,2050.000,0.000000
FOG_NO_IDS_seed4,FOG_NO_IDS,4,cloud,2075.000,0.000000
FOG_NO_IDS_seed4,FOG_NO_IDS,4,proxy,2075.000,0.000000
FOG_NO_IDS_seed4,FOG_NO_IDS,4,fog-1,2075.000,0.040000
FOG_NO_IDS_seed4,FOG_NO_IDS,4,fog-2,2075.000,0.040000
FOG_NO_IDS_seed4,FOG_NO_IDS,4,fog-3,2075.000,0.040000
FOG_NO_IDS_seed4,FOG_NO_IDS,4,cloud,2100.000,0.000000
FOG_NO_IDS_seed4,FOG_NO_IDS,4,proxy,2100.000,0.000000
FOG_NO_IDS_seed4,FOG_NO_IDS,4,fog-1,2100.000,0.000000
FOG_NO_IDS_seed4,FOG_NO_IDS,4,fog-2,2100.000,0.040000
FOG_NO_IDS_seed4,FOG_NO_IDS,4,fog-3,2100.000,0.000000
FOG_NO_IDS_seed4,FOG_NO_IDS,4,cloud,2125.000,0.000000
FOG_NO_IDS_seed4,FOG_NO_IDS,4,proxy,2125.000,0.000000
FOG_NO_IDS_seed4,FOG_NO_IDS,4,fog-1,2125.000,0.040000
FOG_NO_IDS_seed4,FOG_NO_IDS,4,fog-2,2125.000,0.080000
FOG_NO_IDS_seed4,FOG_NO_IDS,4,fog-3,2125.000,0.040000
FOG_NO_IDS_seed4,FOG_NO_IDS,4,cloud,2150.000,0.000000
FOG_NO_IDS_seed4,FOG_NO_IDS,4,proxy,2150.000,0.000000
FOG_NO_IDS_seed4,FOG_NO_IDS,4,fog-1,2150.000,0.000000
FOG_NO_IDS_seed4,FOG_NO_IDS,4,fog-2,2150.000,0.000000
FOG_NO_IDS_seed4,FOG_NO_IDS,4,fog-3,2150.000,0.000000
FOG_NO_IDS_seed4,FOG_NO_IDS,4,cloud,2175.000,0.000000
FOG_NO_IDS_seed4,FOG_NO_IDS,4,proxy,2175.000,0.000000
FOG_NO_IDS_seed4,FOG_NO_IDS,4,fog-1,2175.000,0.040000
FOG_NO_IDS_seed4,FOG_NO_IDS,4,fog-2,2175.000,0.040000
FOG_NO_IDS_seed4,FOG_NO_IDS,4,fog-3,2175.000,0.040000
FOG_NO_IDS_seed4,FOG_NO_IDS,4,cloud,2200.000,0.000000
FOG_NO_IDS_seed4,FOG_NO_IDS,4,proxy,2200.000,0.000000
FOG_NO_IDS_seed4,FOG_NO_IDS,4,fog-1,2200.000,0.000000
FOG_NO_IDS_seed4,FOG_NO_IDS,4,fog-2,2200.000,0.040000
FOG_NO_IDS_seed4,FOG_NO_IDS,4,fog-3,2200.000,0.040000
FOG_NO_IDS_seed4,FOG_NO_IDS,4,cloud,2225.000,0.000000
FOG_NO_IDS_seed4,FOG_NO_IDS,4,proxy,2225.000,0.000000
FOG_NO_IDS_seed4,FOG_NO_IDS,4,fog-1,2225.000,0.040000
FOG_NO_IDS_seed4,FOG_NO_IDS,4,fog-2,2225.000,0.080000
FOG_NO_IDS_seed4,FOG_NO_IDS,4,fog-3,2225.000,0.080000
FOG_NO_IDS_seed4,FOG_NO_IDS,4,cloud,2250.000,0.000000
FOG_NO_IDS_seed4,FOG_NO_IDS,4,proxy,2250.000,0.000000
FOG_NO_IDS_seed4,FOG_NO_IDS,4,fog-1,2250.000,0.000000
FOG_NO_IDS_seed4,FOG_NO_IDS,4,fog-2,2250.000,0.000000
FOG_NO_IDS_seed4,FOG_NO_IDS,4,fog-3,2250.000,0.000000
FOG_NO_IDS_seed4,FOG_NO_IDS,4,cloud,2275.000,0.000000
FOG_NO_IDS_seed4,FOG_NO_IDS,4,proxy,2275.000,0.000000
FOG_NO_IDS_seed4,FOG_NO_IDS,4,fog-1,2275.000,0.040000
FOG_NO_IDS_seed4,FOG_NO_IDS,4,fog-2,2275.000,0.040000
FOG_NO_IDS_seed4,FOG_NO_IDS,4,fog-3,2275.000,0.040000
FOG_NO_IDS_seed4,FOG_NO_IDS,4,cloud,2300.000,0.000000
FOG_NO_IDS_seed4,FOG_NO_IDS,4,proxy,2300.000,0.000000
FOG_NO_IDS_seed4,FOG_NO_IDS,4,fog-1,2300.000,0.040000
FOG_NO_IDS_seed4,FOG_NO_IDS,4,fog-2,2300.000,0.040000
FOG_NO_IDS_seed4,FOG_NO_IDS,4,fog-3,2300.000,0.000000
FOG_NO_IDS_seed4,FOG_NO_IDS,4,cloud,2325.000,0.000000
FOG_NO_IDS_seed4,FOG_NO_IDS,4,proxy,2325.000,0.000000
FOG_NO_IDS_seed4,FOG_NO_IDS,4,fog-1,2325.000,0.080000
FOG_NO_IDS_seed4,FOG_NO_IDS,4,fog-2,2325.000,0.080000
FOG_NO_IDS_seed4,FOG_NO_IDS,4,fog-3,2325.000,0.040000
FOG_NO_IDS_seed4,FOG_NO_IDS,4,cloud,2350.000,0.000000
FOG_NO_IDS_seed4,FOG_NO_IDS,4,proxy,2350.000,0.000000
FOG_NO_IDS_seed4,FOG_NO_IDS,4,fog-1,2350.000,0.000000
FOG_NO_IDS_seed4,FOG_NO_IDS,4,fog-2,2350.000,0.000000
FOG_NO_IDS_seed4,FOG_NO_IDS,4,fog-3,2350.000,0.000000
FOG_NO_IDS_seed4,FOG_NO_IDS,4,cloud,2375.000,0.000000
FOG_NO_IDS_seed4,FOG_NO_IDS,4,proxy,2375.000,0.000000
FOG_NO_IDS_seed4,FOG_NO_IDS,4,fog-1,2375.000,0.040000
FOG_NO_IDS_seed4,FOG_NO_IDS,4,fog-2,2375.000,0.040000
FOG_NO_IDS_seed4,FOG_NO_IDS,4,fog-3,2375.000,0.040000
FOG_NO_IDS_seed4,FOG_NO_IDS,4,cloud,2400.000,0.000000
FOG_NO_IDS_seed4,FOG_NO_IDS,4,proxy,2400.000,0.000000
FOG_NO_IDS_seed4,FOG_NO_IDS,4,fog-1,2400.000,0.040000
FOG_NO_IDS_seed4,FOG_NO_IDS,4,fog-2,2400.000,0.040000
FOG_NO_IDS_seed4,FOG_NO_IDS,4,fog-3,2400.000,0.000000
FOG_NO_IDS_seed4,FOG_NO_IDS,4,cloud,2425.000,0.000000
FOG_NO_IDS_seed4,FOG_NO_IDS,4,proxy,2425.000,0.000000
FOG_NO_IDS_seed4,FOG_NO_IDS,4,fog-1,2425.000,0.080000
FOG_NO_IDS_seed4,FOG_NO_IDS,4,fog-2,2425.000,0.080000
FOG_NO_IDS_seed4,FOG_NO_IDS,4,fog-3,2425.000,0.040000
FOG_NO_IDS_seed4,FOG_NO_IDS,4,cloud,2450.000,0.000000
FOG_NO_IDS_seed4,FOG_NO_IDS,4,proxy,2450.000,0.000000
FOG_NO_IDS_seed4,FOG_NO_IDS,4,fog-1,2450.000,0.000000
FOG_NO_IDS_seed4,FOG_NO_IDS,4,fog-2,2450.000,0.000000
FOG_NO_IDS_seed4,FOG_NO_IDS,4,fog-3,2450.000,0.000000
FOG_NO_IDS_seed4,FOG_NO_IDS,4,cloud,2475.000,0.000000
FOG_NO_IDS_seed4,FOG_NO_IDS,4,proxy,2475.000,0.000000
FOG_NO_IDS_seed4,FOG_NO_IDS,4,fog-1,2475.000,0.040000
FOG_NO_IDS_seed4,FOG_NO_IDS,4,fog-2,2475.000,0.040000
FOG_NO_IDS_seed4,FOG_NO_IDS,4,fog-3,2475.000,0.040000
FOG_NO_IDS_seed4,FOG_NO_IDS,4,cloud,2500.000,0.000000
FOG_NO_IDS_seed4,FOG_NO_IDS,4,proxy,2500.000,0.000000
FOG_NO_IDS_seed4,FOG_NO_IDS,4,fog-1,2500.000,0.000000
FOG_NO_IDS_seed4,FOG_NO_IDS,4,fog-2,2500.000,0.040000
FOG_NO_IDS_seed4,FOG_NO_IDS,4,fog-3,2500.000,0.000000
FOG_NO_IDS_seed4,FOG_NO_IDS,4,cloud,2525.000,0.000000
FOG_NO_IDS_seed4,FOG_NO_IDS,4,proxy,2525.000,0.000000
FOG_NO_IDS_seed4,FOG_NO_IDS,4,fog-1,2525.000,0.040000
FOG_NO_IDS_seed4,FOG_NO_IDS,4,fog-2,2525.000,0.080000
FOG_NO_IDS_seed4,FOG_NO_IDS,4,fog-3,2525.000,0.040000
FOG_NO_IDS_seed4,FOG_NO_IDS,4,cloud,2550.000,0.000000
FOG_NO_IDS_seed4,FOG_NO_IDS,4,proxy,2550.000,0.000000
FOG_NO_IDS_seed4,FOG_NO_IDS,4,fog-1,2550.000,0.000000
FOG_NO_IDS_seed4,FOG_NO_IDS,4,fog-2,2550.000,0.000000
FOG_NO_IDS_seed4,FOG_NO_IDS,4,fog-3,2550.000,0.000000
FOG_NO_IDS_seed4,FOG_NO_IDS,4,cloud,2575.000,0.000000
FOG_NO_IDS_seed4,FOG_NO_IDS,4,proxy,2575.000,0.000000
FOG_NO_IDS_seed4,FOG_NO_IDS,4,fog-1,2575.000,0.040000
FOG_NO_IDS_seed4,FOG_NO_IDS,4,fog-2,2575.000,0.040000
FOG_NO_IDS_seed4,FOG_NO_IDS,4,fog-3,2575.000,0.040000
FOG_NO_IDS_seed4,FOG_NO_IDS,4,cloud,2600.000,0.000000
FOG_NO_IDS_seed4,FOG_NO_IDS,4,proxy,2600.000,0.000000
FOG_NO_IDS_seed4,FOG_NO_IDS,4,fog-1,2600.000,0.040000
FOG_NO_IDS_seed4,FOG_NO_IDS,4,fog-2,2600.000,0.040000
FOG_NO_IDS_seed4,FOG_NO_IDS,4,fog-3,2600.000,0.000000
FOG_NO_IDS_seed4,FOG_NO_IDS,4,cloud,2625.000,0.000000
FOG_NO_IDS_seed4,FOG_NO_IDS,4,proxy,2625.000,0.000000
FOG_NO_IDS_seed4,FOG_NO_IDS,4,fog-1,2625.000,0.080000
FOG_NO_IDS_seed4,FOG_NO_IDS,4,fog-2,2625.000,0.080000
FOG_NO_IDS_seed4,FOG_NO_IDS,4,fog-3,2625.000,0.040000
FOG_NO_IDS_seed4,FOG_NO_IDS,4,cloud,2650.000,0.000000
FOG_NO_IDS_seed4,FOG_NO_IDS,4,proxy,2650.000,0.000000
FOG_NO_IDS_seed4,FOG_NO_IDS,4,fog-1,2650.000,0.000000
FOG_NO_IDS_seed4,FOG_NO_IDS,4,fog-2,2650.000,0.000000
FOG_NO_IDS_seed4,FOG_NO_IDS,4,fog-3,2650.000,0.000000
FOG_NO_IDS_seed4,FOG_NO_IDS,4,cloud,2675.000,0.000000
FOG_NO_IDS_seed4,FOG_NO_IDS,4,proxy,2675.000,0.000000
FOG_NO_IDS_seed4,FOG_NO_IDS,4,fog-1,2675.000,0.040000
FOG_NO_IDS_seed4,FOG_NO_IDS,4,fog-2,2675.000,0.040000
FOG_NO_IDS_seed4,FOG_NO_IDS,4,fog-3,2675.000,0.040000
FOG_NO_IDS_seed4,FOG_NO_IDS,4,cloud,2700.000,0.000000
FOG_NO_IDS_seed4,FOG_NO_IDS,4,proxy,2700.000,0.000000
FOG_NO_IDS_seed4,FOG_NO_IDS,4,fog-1,2700.000,0.000000
FOG_NO_IDS_seed4,FOG_NO_IDS,4,fog-2,2700.000,0.040000
FOG_NO_IDS_seed4,FOG_NO_IDS,4,fog-3,2700.000,0.040000
FOG_NO_IDS_seed4,FOG_NO_IDS,4,cloud,2725.000,0.000000
FOG_NO_IDS_seed4,FOG_NO_IDS,4,proxy,2725.000,0.000000
FOG_NO_IDS_seed4,FOG_NO_IDS,4,fog-1,2725.000,0.040000
FOG_NO_IDS_seed4,FOG_NO_IDS,4,fog-2,2725.000,0.080000
FOG_NO_IDS_seed4,FOG_NO_IDS,4,fog-3,2725.000,0.080000
FOG_NO_IDS_seed4,FOG_NO_IDS,4,cloud,2750.000,0.000000
FOG_NO_IDS_seed4,FOG_NO_IDS,4,proxy,2750.000,0.000000
FOG_NO_IDS_seed4,FOG_NO_IDS,4,fog-1,2750.000,0.000000
FOG_NO_IDS_seed4,FOG_NO_IDS,4,fog-2,2750.000,0.000000
FOG_NO_IDS_seed4,FOG_NO_IDS,4,fog-3,2750.000,0.000000
FOG_NO_IDS_seed4,FOG_NO_IDS,4,cloud,2775.000,0.000000
FOG_NO_IDS_seed4,FOG_NO_IDS,4,proxy,2775.000,0.000000
FOG_NO_IDS_seed4,FOG_NO_IDS,4,fog-1,2775.000,0.040000
FOG_NO_IDS_seed4,FOG_NO_IDS,4,fog-2,2775.000,0.040000
FOG_NO_IDS_seed4,FOG_NO_IDS,4,fog-3,2775.000,0.040000
FOG_NO_IDS_seed4,FOG_NO_IDS,4,cloud,2800.000,0.000000
FOG_NO_IDS_seed4,FOG_NO_IDS,4,proxy,2800.000,0.000000
FOG_NO_IDS_seed4,FOG_NO_IDS,4,fog-1,2800.000,0.040000
FOG_NO_IDS_seed4,FOG_NO_IDS,4,fog-2,2800.000,0.040000
FOG_NO_IDS_seed4,FOG_NO_IDS,4,fog-3,2800.000,0.000000
FOG_NO_IDS_seed4,FOG_NO_IDS,4,cloud,2825.000,0.000000
FOG_NO_IDS_seed4,FOG_NO_IDS,4,proxy,2825.000,0.000000
FOG_NO_IDS_seed4,FOG_NO_IDS,4,fog-1,2825.000,0.080000
FOG_NO_IDS_seed4,FOG_NO_IDS,4,fog-2,2825.000,0.080000
FOG_NO_IDS_seed4,FOG_NO_IDS,4,fog-3,2825.000,0.040000
FOG_NO_IDS_seed4,FOG_NO_IDS,4,cloud,2850.000,0.000000
FOG_NO_IDS_seed4,FOG_NO_IDS,4,proxy,2850.000,0.000000
FOG_NO_IDS_seed4,FOG_NO_IDS,4,fog-1,2850.000,0.000000
FOG_NO_IDS_seed4,FOG_NO_IDS,4,fog-2,2850.000,0.000000
FOG_NO_IDS_seed4,FOG_NO_IDS,4,fog-3,2850.000,0.000000
FOG_NO_IDS_seed4,FOG_NO_IDS,4,cloud,2875.000,0.000000
FOG_NO_IDS_seed4,FOG_NO_IDS,4,proxy,2875.000,0.000000
FOG_NO_IDS_seed4,FOG_NO_IDS,4,fog-1,2875.000,0.040000
FOG_NO_IDS_seed4,FOG_NO_IDS,4,fog-2,2875.000,0.040000
FOG_NO_IDS_seed4,FOG_NO_IDS,4,fog-3,2875.000,0.040000
FOG_NO_IDS_seed4,FOG_NO_IDS,4,cloud,2900.000,0.000000
FOG_NO_IDS_seed4,FOG_NO_IDS,4,proxy,2900.000,0.000000
FOG_NO_IDS_seed4,FOG_NO_IDS,4,fog-1,2900.000,0.000000
FOG_NO_IDS_seed4,FOG_NO_IDS,4,fog-2,2900.000,0.040000
FOG_NO_IDS_seed4,FOG_NO_IDS,4,fog-3,2900.000,0.000000
FOG_NO_IDS_seed4,FOG_NO_IDS,4,cloud,2925.000,0.000000
FOG_NO_IDS_seed4,FOG_NO_IDS,4,proxy,2925.000,0.000000
FOG_NO_IDS_seed4,FOG_NO_IDS,4,fog-1,2925.000,0.040000
FOG_NO_IDS_seed4,FOG_NO_IDS,4,fog-2,2925.000,0.080000
FOG_NO_IDS_seed4,FOG_NO_IDS,4,fog-3,2925.000,0.040000
FOG_NO_IDS_seed4,FOG_NO_IDS,4,cloud,2950.000,0.000000
FOG_NO_IDS_seed4,FOG_NO_IDS,4,proxy,2950.000,0.000000
FOG_NO_IDS_seed4,FOG_NO_IDS,4,fog-1,2950.000,0.000000
FOG_NO_IDS_seed4,FOG_NO_IDS,4,fog-2,2950.000,0.000000
FOG_NO_IDS_seed4,FOG_NO_IDS,4,fog-3,2950.000,0.000000
FOG_NO_IDS_seed4,FOG_NO_IDS,4,cloud,2975.000,0.000000
FOG_NO_IDS_seed4,FOG_NO_IDS,4,proxy,2975.000,0.000000
FOG_NO_IDS_seed4,FOG_NO_IDS,4,fog-1,2975.000,0.040000
FOG_NO_IDS_seed4,FOG_NO_IDS,4,fog-2,2975.000,0.040000
FOG_NO_IDS_seed4,FOG_NO_IDS,4,fog-3,2975.000,0.040000
FOG_NO_IDS_seed4,FOG_NO_IDS,4,cloud,3000.000,0.000000
FOG_NO_IDS_seed4,FOG_NO_IDS,4,proxy,3000.000,0.000000
FOG_NO_IDS_seed4,FOG_NO_IDS,4,fog-1,3000.000,0.040000
FOG_NO_IDS_seed4,FOG_NO_IDS,4,fog-2,3000.000,0.040000
FOG_NO_IDS_seed4,FOG_NO_IDS,4,fog-3,3000.000,0.000000
FOG_NO_IDS_seed4,FOG_NO_IDS,4,cloud,3025.000,0.000000
FOG_NO_IDS_seed4,FOG_NO_IDS,4,proxy,3025.000,0.000000
FOG_NO_IDS_seed4,FOG_NO_IDS,4,fog-1,3025.000,0.080000
FOG_NO_IDS_seed4,FOG_NO_IDS,4,fog-2,3025.000,0.080000
FOG_NO_IDS_seed4,FOG_NO_IDS,4,fog-3,3025.000,0.040000
FOG_NO_IDS_seed4,FOG_NO_IDS,4,cloud,3050.000,0.000000
FOG_NO_IDS_seed4,FOG_NO_IDS,4,proxy,3050.000,0.000000
FOG_NO_IDS_seed4,FOG_NO_IDS,4,fog-1,3050.000,0.000000
FOG_NO_IDS_seed4,FOG_NO_IDS,4,fog-2,3050.000,0.000000
FOG_NO_IDS_seed4,FOG_NO_IDS,4,fog-3,3050.000,0.000000
FOG_NO_IDS_seed4,FOG_NO_IDS,4,cloud,3075.000,0.000000
FOG_NO_IDS_seed4,FOG_NO_IDS,4,proxy,3075.000,0.000000
FOG_NO_IDS_seed4,FOG_NO_IDS,4,fog-1,3075.000,0.040000
FOG_NO_IDS_seed4,FOG_NO_IDS,4,fog-2,3075.000,0.040000
FOG_NO_IDS_seed4,FOG_NO_IDS,4,fog-3,3075.000,0.040000
FOG_NO_IDS_seed4,FOG_NO_IDS,4,cloud,3100.000,0.000000
FOG_NO_IDS_seed4,FOG_NO_IDS,4,proxy,3100.000,0.000000
FOG_NO_IDS_seed4,FOG_NO_IDS,4,fog-1,3100.000,0.040000
FOG_NO_IDS_seed4,FOG_NO_IDS,4,fog-2,3100.000,0.040000
FOG_NO_IDS_seed4,FOG_NO_IDS,4,fog-3,3100.000,0.040000
FOG_NO_IDS_seed4,FOG_NO_IDS,4,cloud,3125.000,0.000000
FOG_NO_IDS_seed4,FOG_NO_IDS,4,proxy,3125.000,0.000000
FOG_NO_IDS_seed4,FOG_NO_IDS,4,fog-1,3125.000,0.080000
FOG_NO_IDS_seed4,FOG_NO_IDS,4,fog-2,3125.000,0.080000
FOG_NO_IDS_seed4,FOG_NO_IDS,4,fog-3,3125.000,0.080000
FOG_NO_IDS_seed4,FOG_NO_IDS,4,cloud,3150.000,0.000000
FOG_NO_IDS_seed4,FOG_NO_IDS,4,proxy,3150.000,0.000000
FOG_NO_IDS_seed4,FOG_NO_IDS,4,fog-1,3150.000,0.000000
FOG_NO_IDS_seed4,FOG_NO_IDS,4,fog-2,3150.000,0.000000
FOG_NO_IDS_seed4,FOG_NO_IDS,4,fog-3,3150.000,0.000000
FOG_NO_IDS_seed4,FOG_NO_IDS,4,cloud,3175.000,0.000000
FOG_NO_IDS_seed4,FOG_NO_IDS,4,proxy,3175.000,0.000000
FOG_NO_IDS_seed4,FOG_NO_IDS,4,fog-1,3175.000,0.040000
FOG_NO_IDS_seed4,FOG_NO_IDS,4,fog-2,3175.000,0.040000
FOG_NO_IDS_seed4,FOG_NO_IDS,4,fog-3,3175.000,0.040000
FOG_NO_IDS_seed4,FOG_NO_IDS,4,cloud,3200.000,0.000000
FOG_NO_IDS_seed4,FOG_NO_IDS,4,proxy,3200.000,0.000000
FOG_NO_IDS_seed4,FOG_NO_IDS,4,fog-1,3200.000,0.040000
FOG_NO_IDS_seed4,FOG_NO_IDS,4,fog-2,3200.000,0.000000
FOG_NO_IDS_seed4,FOG_NO_IDS,4,fog-3,3200.000,0.000000
FOG_NO_IDS_seed4,FOG_NO_IDS,4,cloud,3225.000,0.000000
FOG_NO_IDS_seed4,FOG_NO_IDS,4,proxy,3225.000,0.000000
FOG_NO_IDS_seed4,FOG_NO_IDS,4,fog-1,3225.000,0.080000
FOG_NO_IDS_seed4,FOG_NO_IDS,4,fog-2,3225.000,0.040000
FOG_NO_IDS_seed4,FOG_NO_IDS,4,fog-3,3225.000,0.040000
FOG_NO_IDS_seed4,FOG_NO_IDS,4,cloud,3250.000,0.000000
FOG_NO_IDS_seed4,FOG_NO_IDS,4,proxy,3250.000,0.000000
FOG_NO_IDS_seed4,FOG_NO_IDS,4,fog-1,3250.000,0.000000
FOG_NO_IDS_seed4,FOG_NO_IDS,4,fog-2,3250.000,0.000000
FOG_NO_IDS_seed4,FOG_NO_IDS,4,fog-3,3250.000,0.000000
FOG_NO_IDS_seed4,FOG_NO_IDS,4,cloud,3275.000,0.000000
FOG_NO_IDS_seed4,FOG_NO_IDS,4,proxy,3275.000,0.000000
FOG_NO_IDS_seed4,FOG_NO_IDS,4,fog-1,3275.000,0.040000
FOG_NO_IDS_seed4,FOG_NO_IDS,4,fog-2,3275.000,0.040000
FOG_NO_IDS_seed4,FOG_NO_IDS,4,fog-3,3275.000,0.040000
FOG_NO_IDS_seed4,FOG_NO_IDS,4,cloud,3300.000,0.000000
FOG_NO_IDS_seed4,FOG_NO_IDS,4,proxy,3300.000,0.000000
FOG_NO_IDS_seed4,FOG_NO_IDS,4,fog-1,3300.000,0.000000
FOG_NO_IDS_seed4,FOG_NO_IDS,4,fog-2,3300.000,0.040000
FOG_NO_IDS_seed4,FOG_NO_IDS,4,fog-3,3300.000,0.000000
FOG_NO_IDS_seed4,FOG_NO_IDS,4,cloud,3325.000,0.000000
FOG_NO_IDS_seed4,FOG_NO_IDS,4,proxy,3325.000,0.000000
FOG_NO_IDS_seed4,FOG_NO_IDS,4,fog-1,3325.000,0.040000
FOG_NO_IDS_seed4,FOG_NO_IDS,4,fog-2,3325.000,0.080000
FOG_NO_IDS_seed4,FOG_NO_IDS,4,fog-3,3325.000,0.040000
FOG_NO_IDS_seed4,FOG_NO_IDS,4,cloud,3350.000,0.000000
FOG_NO_IDS_seed4,FOG_NO_IDS,4,proxy,3350.000,0.000000
FOG_NO_IDS_seed4,FOG_NO_IDS,4,fog-1,3350.000,0.000000
FOG_NO_IDS_seed4,FOG_NO_IDS,4,fog-2,3350.000,0.000000
FOG_NO_IDS_seed4,FOG_NO_IDS,4,fog-3,3350.000,0.000000
FOG_NO_IDS_seed4,FOG_NO_IDS,4,cloud,3375.000,0.000000
FOG_NO_IDS_seed4,FOG_NO_IDS,4,proxy,3375.000,0.000000
FOG_NO_IDS_seed4,FOG_NO_IDS,4,fog-1,3375.000,0.040000
FOG_NO_IDS_seed4,FOG_NO_IDS,4,fog-2,3375.000,0.040000
FOG_NO_IDS_seed4,FOG_NO_IDS,4,fog-3,3375.000,0.040000
FOG_NO_IDS_seed4,FOG_NO_IDS,4,cloud,3400.000,0.000000
FOG_NO_IDS_seed4,FOG_NO_IDS,4,proxy,3400.000,0.000000
FOG_NO_IDS_seed4,FOG_NO_IDS,4,fog-1,3400.000,0.000000
FOG_NO_IDS_seed4,FOG_NO_IDS,4,fog-2,3400.000,0.040000
FOG_NO_IDS_seed4,FOG_NO_IDS,4,fog-3,3400.000,0.000000
FOG_NO_IDS_seed4,FOG_NO_IDS,4,cloud,3425.000,0.000000
FOG_NO_IDS_seed4,FOG_NO_IDS,4,proxy,3425.000,0.000000
FOG_NO_IDS_seed4,FOG_NO_IDS,4,fog-1,3425.000,0.040000
FOG_NO_IDS_seed4,FOG_NO_IDS,4,fog-2,3425.000,0.080000
FOG_NO_IDS_seed4,FOG_NO_IDS,4,fog-3,3425.000,0.040000
FOG_NO_IDS_seed4,FOG_NO_IDS,4,cloud,3450.000,0.000000
FOG_NO_IDS_seed4,FOG_NO_IDS,4,proxy,3450.000,0.000000
FOG_NO_IDS_seed4,FOG_NO_IDS,4,fog-1,3450.000,0.000000
FOG_NO_IDS_seed4,FOG_NO_IDS,4,fog-2,3450.000,0.000000
FOG_NO_IDS_seed4,FOG_NO_IDS,4,fog-3,3450.000,0.000000
FOG_NO_IDS_seed4,FOG_NO_IDS,4,cloud,3475.000,0.000000
FOG_NO_IDS_seed4,FOG_NO_IDS,4,proxy,3475.000,0.000000
FOG_NO_IDS_seed4,FOG_NO_IDS,4,fog-1,3475.000,0.040000
FOG_NO_IDS_seed4,FOG_NO_IDS,4,fog-2,3475.000,0.040000
FOG_NO_IDS_seed4,FOG_NO_IDS,4,fog-3,3475.000,0.040000
FOG_NO_IDS_seed4,FOG_NO_IDS,4,cloud,3500.000,0.000000
FOG_NO_IDS_seed4,FOG_NO_IDS,4,proxy,3500.000,0.000000
FOG_NO_IDS_seed4,FOG_NO_IDS,4,fog-1,3500.000,0.040000
FOG_NO_IDS_seed4,FOG_NO_IDS,4,fog-2,3500.000,0.040000
FOG_NO_IDS_seed4,FOG_NO_IDS,4,fog-3,3500.000,0.040000
FOG_NO_IDS_seed4,FOG_NO_IDS,4,cloud,3525.000,0.000000
FOG_NO_IDS_seed4,FOG_NO_IDS,4,proxy,3525.000,0.000000
FOG_NO_IDS_seed4,FOG_NO_IDS,4,fog-1,3525.000,0.080000
FOG_NO_IDS_seed4,FOG_NO_IDS,4,fog-2,3525.000,0.080000
FOG_NO_IDS_seed4,FOG_NO_IDS,4,fog-3,3525.000,0.080000
FOG_NO_IDS_seed4,FOG_NO_IDS,4,cloud,3550.000,0.000000
FOG_NO_IDS_seed4,FOG_NO_IDS,4,proxy,3550.000,0.000000
FOG_NO_IDS_seed4,FOG_NO_IDS,4,fog-1,3550.000,0.000000
FOG_NO_IDS_seed4,FOG_NO_IDS,4,fog-2,3550.000,0.000000
FOG_NO_IDS_seed4,FOG_NO_IDS,4,fog-3,3550.000,0.000000
FOG_NO_IDS_seed4,FOG_NO_IDS,4,cloud,3575.000,0.000000
FOG_NO_IDS_seed4,FOG_NO_IDS,4,proxy,3575.000,0.000000
FOG_NO_IDS_seed4,FOG_NO_IDS,4,fog-1,3575.000,0.040000
FOG_NO_IDS_seed4,FOG_NO_IDS,4,fog-2,3575.000,0.040000
FOG_NO_IDS_seed4,FOG_NO_IDS,4,fog-3,3575.000,0.040000
FOG_NO_IDS_seed4,FOG_NO_IDS,4,cloud,3600.000,0.000000
FOG_NO_IDS_seed4,FOG_NO_IDS,4,proxy,3600.000,0.000000
FOG_NO_IDS_seed4,FOG_NO_IDS,4,fog-1,3600.000,0.040000
FOG_NO_IDS_seed4,FOG_NO_IDS,4,fog-2,3600.000,0.040000
FOG_NO_IDS_seed4,FOG_NO_IDS,4,fog-3,3600.000,0.040000
FOG_NO_IDS_seed4,FOG_NO_IDS,4,cloud,3625.000,0.000000
FOG_NO_IDS_seed4,FOG_NO_IDS,4,proxy,3625.000,0.000000
FOG_NO_IDS_seed4,FOG_NO_IDS,4,fog-1,3625.000,0.080000
FOG_NO_IDS_seed4,FOG_NO_IDS,4,fog-2,3625.000,0.080000
FOG_NO_IDS_seed4,FOG_NO_IDS,4,fog-3,3625.000,0.080000
FOG_NO_IDS_seed4,FOG_NO_IDS,4,cloud,3650.000,0.000000
FOG_NO_IDS_seed4,FOG_NO_IDS,4,proxy,3650.000,0.000000
FOG_NO_IDS_seed4,FOG_NO_IDS,4,fog-1,3650.000,0.000000
FOG_NO_IDS_seed4,FOG_NO_IDS,4,fog-2,3650.000,0.000000
FOG_NO_IDS_seed4,FOG_NO_IDS,4,fog-3,3650.000,0.000000
FOG_NO_IDS_seed4,FOG_NO_IDS,4,cloud,3675.000,0.000000
FOG_NO_IDS_seed4,FOG_NO_IDS,4,proxy,3675.000,0.000000
FOG_NO_IDS_seed4,FOG_NO_IDS,4,fog-1,3675.000,0.040000
FOG_NO_IDS_seed4,FOG_NO_IDS,4,fog-2,3675.000,0.040000
FOG_NO_IDS_seed4,FOG_NO_IDS,4,fog-3,3675.000,0.040000
FOG_NO_IDS_seed4,FOG_NO_IDS,4,cloud,3700.000,0.000000
FOG_NO_IDS_seed4,FOG_NO_IDS,4,proxy,3700.000,0.000000
FOG_NO_IDS_seed4,FOG_NO_IDS,4,fog-1,3700.000,0.040000
FOG_NO_IDS_seed4,FOG_NO_IDS,4,fog-2,3700.000,0.040000
FOG_NO_IDS_seed4,FOG_NO_IDS,4,fog-3,3700.000,0.000000
FOG_NO_IDS_seed4,FOG_NO_IDS,4,cloud,3725.000,0.000000
FOG_NO_IDS_seed4,FOG_NO_IDS,4,proxy,3725.000,0.000000
FOG_NO_IDS_seed4,FOG_NO_IDS,4,fog-1,3725.000,0.080000
FOG_NO_IDS_seed4,FOG_NO_IDS,4,fog-2,3725.000,0.080000
FOG_NO_IDS_seed4,FOG_NO_IDS,4,fog-3,3725.000,0.040000
FOG_NO_IDS_seed4,FOG_NO_IDS,4,cloud,3750.000,0.000000
FOG_NO_IDS_seed4,FOG_NO_IDS,4,proxy,3750.000,0.000000
FOG_NO_IDS_seed4,FOG_NO_IDS,4,fog-1,3750.000,0.000000
FOG_NO_IDS_seed4,FOG_NO_IDS,4,fog-2,3750.000,0.000000
FOG_NO_IDS_seed4,FOG_NO_IDS,4,fog-3,3750.000,0.000000
FOG_NO_IDS_seed4,FOG_NO_IDS,4,cloud,3775.000,0.000000
FOG_NO_IDS_seed4,FOG_NO_IDS,4,proxy,3775.000,0.000000
FOG_NO_IDS_seed4,FOG_NO_IDS,4,fog-1,3775.000,0.040000
FOG_NO_IDS_seed4,FOG_NO_IDS,4,fog-2,3775.000,0.040000
FOG_NO_IDS_seed4,FOG_NO_IDS,4,fog-3,3775.000,0.040000
FOG_NO_IDS_seed4,FOG_NO_IDS,4,cloud,3800.000,0.000000
FOG_NO_IDS_seed4,FOG_NO_IDS,4,proxy,3800.000,0.000000
FOG_NO_IDS_seed4,FOG_NO_IDS,4,fog-1,3800.000,0.040000
FOG_NO_IDS_seed4,FOG_NO_IDS,4,fog-2,3800.000,0.040000
FOG_NO_IDS_seed4,FOG_NO_IDS,4,fog-3,3800.000,0.040000
FOG_NO_IDS_seed4,FOG_NO_IDS,4,cloud,3825.000,0.000000
FOG_NO_IDS_seed4,FOG_NO_IDS,4,proxy,3825.000,0.000000
FOG_NO_IDS_seed4,FOG_NO_IDS,4,fog-1,3825.000,0.080000
FOG_NO_IDS_seed4,FOG_NO_IDS,4,fog-2,3825.000,0.080000
FOG_NO_IDS_seed4,FOG_NO_IDS,4,fog-3,3825.000,0.080000
FOG_NO_IDS_seed4,FOG_NO_IDS,4,cloud,3850.000,0.000000
FOG_NO_IDS_seed4,FOG_NO_IDS,4,proxy,3850.000,0.000000
FOG_NO_IDS_seed4,FOG_NO_IDS,4,fog-1,3850.000,0.000000
FOG_NO_IDS_seed4,FOG_NO_IDS,4,fog-2,3850.000,0.000000
FOG_NO_IDS_seed4,FOG_NO_IDS,4,fog-3,3850.000,0.000000
FOG_NO_IDS_seed4,FOG_NO_IDS,4,cloud,3875.000,0.000000
FOG_NO_IDS_seed4,FOG_NO_IDS,4,proxy,3875.000,0.000000
FOG_NO_IDS_seed4,FOG_NO_IDS,4,fog-1,3875.000,0.040000
FOG_NO_IDS_seed4,FOG_NO_IDS,4,fog-2,3875.000,0.040000
FOG_NO_IDS_seed4,FOG_NO_IDS,4,fog-3,3875.000,0.040000
FOG_NO_IDS_seed4,FOG_NO_IDS,4,cloud,3900.000,0.000000
FOG_NO_IDS_seed4,FOG_NO_IDS,4,proxy,3900.000,0.000000
FOG_NO_IDS_seed4,FOG_NO_IDS,4,fog-1,3900.000,0.040000
FOG_NO_IDS_seed4,FOG_NO_IDS,4,fog-2,3900.000,0.040000
FOG_NO_IDS_seed4,FOG_NO_IDS,4,fog-3,3900.000,0.040000
FOG_NO_IDS_seed4,FOG_NO_IDS,4,cloud,3925.000,0.000000
FOG_NO_IDS_seed4,FOG_NO_IDS,4,proxy,3925.000,0.000000
FOG_NO_IDS_seed4,FOG_NO_IDS,4,fog-1,3925.000,0.080000
FOG_NO_IDS_seed4,FOG_NO_IDS,4,fog-2,3925.000,0.080000
FOG_NO_IDS_seed4,FOG_NO_IDS,4,fog-3,3925.000,0.080000
FOG_NO_IDS_seed4,FOG_NO_IDS,4,cloud,3950.000,0.000000
FOG_NO_IDS_seed4,FOG_NO_IDS,4,proxy,3950.000,0.000000
FOG_NO_IDS_seed4,FOG_NO_IDS,4,fog-1,3950.000,0.000000
FOG_NO_IDS_seed4,FOG_NO_IDS,4,fog-2,3950.000,0.000000
FOG_NO_IDS_seed4,FOG_NO_IDS,4,fog-3,3950.000,0.000000
FOG_NO_IDS_seed4,FOG_NO_IDS,4,cloud,3975.000,0.000000
FOG_NO_IDS_seed4,FOG_NO_IDS,4,proxy,3975.000,0.000000
FOG_NO_IDS_seed4,FOG_NO_IDS,4,fog-1,3975.000,0.040000
FOG_NO_IDS_seed4,FOG_NO_IDS,4,fog-2,3975.000,0.040000
FOG_NO_IDS_seed4,FOG_NO_IDS,4,fog-3,3975.000,0.040000
FOG_NO_IDS_seed4,FOG_NO_IDS,4,cloud,4000.000,0.000000
FOG_NO_IDS_seed4,FOG_NO_IDS,4,proxy,4000.000,0.000000
FOG_NO_IDS_seed4,FOG_NO_IDS,4,fog-1,4000.000,0.000000
FOG_NO_IDS_seed4,FOG_NO_IDS,4,fog-2,4000.000,0.040000
FOG_NO_IDS_seed4,FOG_NO_IDS,4,fog-3,4000.000,0.040000
FOG_NO_IDS_seed4,FOG_NO_IDS,4,cloud,4025.000,0.000000
FOG_NO_IDS_seed4,FOG_NO_IDS,4,proxy,4025.000,0.000000
FOG_NO_IDS_seed4,FOG_NO_IDS,4,fog-1,4025.000,0.040000
FOG_NO_IDS_seed4,FOG_NO_IDS,4,fog-2,4025.000,0.080000
FOG_NO_IDS_seed4,FOG_NO_IDS,4,fog-3,4025.000,0.080000
FOG_NO_IDS_seed4,FOG_NO_IDS,4,cloud,4050.000,0.000000
FOG_NO_IDS_seed4,FOG_NO_IDS,4,proxy,4050.000,0.000000
FOG_NO_IDS_seed4,FOG_NO_IDS,4,fog-1,4050.000,0.000000
FOG_NO_IDS_seed4,FOG_NO_IDS,4,fog-2,4050.000,0.000000
FOG_NO_IDS_seed4,FOG_NO_IDS,4,fog-3,4050.000,0.000000
FOG_NO_IDS_seed4,FOG_NO_IDS,4,cloud,4075.000,0.000000
FOG_NO_IDS_seed4,FOG_NO_IDS,4,proxy,4075.000,0.000000
FOG_NO_IDS_seed4,FOG_NO_IDS,4,fog-1,4075.000,0.040000
FOG_NO_IDS_seed4,FOG_NO_IDS,4,fog-2,4075.000,0.040000
FOG_NO_IDS_seed4,FOG_NO_IDS,4,fog-3,4075.000,0.040000
FOG_NO_IDS_seed4,FOG_NO_IDS,4,cloud,4100.000,0.000000
FOG_NO_IDS_seed4,FOG_NO_IDS,4,proxy,4100.000,0.000000
FOG_NO_IDS_seed4,FOG_NO_IDS,4,fog-1,4100.000,0.040000
FOG_NO_IDS_seed4,FOG_NO_IDS,4,fog-2,4100.000,0.040000
FOG_NO_IDS_seed4,FOG_NO_IDS,4,fog-3,4100.000,0.040000
FOG_NO_IDS_seed4,FOG_NO_IDS,4,cloud,4125.000,0.000000
FOG_NO_IDS_seed4,FOG_NO_IDS,4,proxy,4125.000,0.000000
FOG_NO_IDS_seed4,FOG_NO_IDS,4,fog-1,4125.000,0.080000
FOG_NO_IDS_seed4,FOG_NO_IDS,4,fog-2,4125.000,0.080000
FOG_NO_IDS_seed4,FOG_NO_IDS,4,fog-3,4125.000,0.080000
FOG_NO_IDS_seed4,FOG_NO_IDS,4,cloud,4150.000,0.000000
FOG_NO_IDS_seed4,FOG_NO_IDS,4,proxy,4150.000,0.000000
FOG_NO_IDS_seed4,FOG_NO_IDS,4,fog-1,4150.000,0.000000
FOG_NO_IDS_seed4,FOG_NO_IDS,4,fog-2,4150.000,0.000000
FOG_NO_IDS_seed4,FOG_NO_IDS,4,fog-3,4150.000,0.000000
FOG_NO_IDS_seed4,FOG_NO_IDS,4,cloud,4175.000,0.000000
FOG_NO_IDS_seed4,FOG_NO_IDS,4,proxy,4175.000,0.000000
FOG_NO_IDS_seed4,FOG_NO_IDS,4,fog-1,4175.000,0.040000
FOG_NO_IDS_seed4,FOG_NO_IDS,4,fog-2,4175.000,0.040000
FOG_NO_IDS_seed4,FOG_NO_IDS,4,fog-3,4175.000,0.040000
FOG_NO_IDS_seed4,FOG_NO_IDS,4,cloud,4200.000,0.000000
FOG_NO_IDS_seed4,FOG_NO_IDS,4,proxy,4200.000,0.000000
FOG_NO_IDS_seed4,FOG_NO_IDS,4,fog-1,4200.000,0.040000
FOG_NO_IDS_seed4,FOG_NO_IDS,4,fog-2,4200.000,0.000000
FOG_NO_IDS_seed4,FOG_NO_IDS,4,fog-3,4200.000,0.040000
FOG_NO_IDS_seed4,FOG_NO_IDS,4,cloud,4225.000,0.000000
FOG_NO_IDS_seed4,FOG_NO_IDS,4,proxy,4225.000,0.000000
FOG_NO_IDS_seed4,FOG_NO_IDS,4,fog-1,4225.000,0.080000
FOG_NO_IDS_seed4,FOG_NO_IDS,4,fog-2,4225.000,0.040000
FOG_NO_IDS_seed4,FOG_NO_IDS,4,fog-3,4225.000,0.080000
FOG_NO_IDS_seed4,FOG_NO_IDS,4,cloud,4250.000,0.000000
FOG_NO_IDS_seed4,FOG_NO_IDS,4,proxy,4250.000,0.000000
FOG_NO_IDS_seed4,FOG_NO_IDS,4,fog-1,4250.000,0.000000
FOG_NO_IDS_seed4,FOG_NO_IDS,4,fog-2,4250.000,0.000000
FOG_NO_IDS_seed4,FOG_NO_IDS,4,fog-3,4250.000,0.000000
FOG_NO_IDS_seed4,FOG_NO_IDS,4,cloud,4275.000,0.000000
FOG_NO_IDS_seed4,FOG_NO_IDS,4,proxy,4275.000,0.000000
FOG_NO_IDS_seed4,FOG_NO_IDS,4,fog-1,4275.000,0.040000
FOG_NO_IDS_seed4,FOG_NO_IDS,4,fog-2,4275.000,0.040000
FOG_NO_IDS_seed4,FOG_NO_IDS,4,fog-3,4275.000,0.040000
FOG_NO_IDS_seed4,FOG_NO_IDS,4,cloud,4300.000,0.000000
FOG_NO_IDS_seed4,FOG_NO_IDS,4,proxy,4300.000,0.000000
FOG_NO_IDS_seed4,FOG_NO_IDS,4,fog-1,4300.000,0.000000
FOG_NO_IDS_seed4,FOG_NO_IDS,4,fog-2,4300.000,0.040000
FOG_NO_IDS_seed4,FOG_NO_IDS,4,fog-3,4300.000,0.040000
FOG_NO_IDS_seed4,FOG_NO_IDS,4,cloud,4325.000,0.000000
FOG_NO_IDS_seed4,FOG_NO_IDS,4,proxy,4325.000,0.000000
FOG_NO_IDS_seed4,FOG_NO_IDS,4,fog-1,4325.000,0.040000
FOG_NO_IDS_seed4,FOG_NO_IDS,4,fog-2,4325.000,0.080000
FOG_NO_IDS_seed4,FOG_NO_IDS,4,fog-3,4325.000,0.080000
FOG_NO_IDS_seed4,FOG_NO_IDS,4,cloud,4350.000,0.000000
FOG_NO_IDS_seed4,FOG_NO_IDS,4,proxy,4350.000,0.000000
FOG_NO_IDS_seed4,FOG_NO_IDS,4,fog-1,4350.000,0.000000
FOG_NO_IDS_seed4,FOG_NO_IDS,4,fog-2,4350.000,0.000000
FOG_NO_IDS_seed4,FOG_NO_IDS,4,fog-3,4350.000,0.000000
FOG_NO_IDS_seed4,FOG_NO_IDS,4,cloud,4375.000,0.000000
FOG_NO_IDS_seed4,FOG_NO_IDS,4,proxy,4375.000,0.000000
FOG_NO_IDS_seed4,FOG_NO_IDS,4,fog-1,4375.000,0.040000
FOG_NO_IDS_seed4,FOG_NO_IDS,4,fog-2,4375.000,0.040000
FOG_NO_IDS_seed4,FOG_NO_IDS,4,fog-3,4375.000,0.040000
FOG_NO_IDS_seed4,FOG_NO_IDS,4,cloud,4400.000,0.000000
FOG_NO_IDS_seed4,FOG_NO_IDS,4,proxy,4400.000,0.000000
FOG_NO_IDS_seed4,FOG_NO_IDS,4,fog-1,4400.000,0.040000
FOG_NO_IDS_seed4,FOG_NO_IDS,4,fog-2,4400.000,0.040000
FOG_NO_IDS_seed4,FOG_NO_IDS,4,fog-3,4400.000,0.040000
FOG_NO_IDS_seed4,FOG_NO_IDS,4,cloud,4425.000,0.000000
FOG_NO_IDS_seed4,FOG_NO_IDS,4,proxy,4425.000,0.000000
FOG_NO_IDS_seed4,FOG_NO_IDS,4,fog-1,4425.000,0.080000
FOG_NO_IDS_seed4,FOG_NO_IDS,4,fog-2,4425.000,0.080000
FOG_NO_IDS_seed4,FOG_NO_IDS,4,fog-3,4425.000,0.080000
FOG_NO_IDS_seed4,FOG_NO_IDS,4,cloud,4450.000,0.000000
FOG_NO_IDS_seed4,FOG_NO_IDS,4,proxy,4450.000,0.000000
FOG_NO_IDS_seed4,FOG_NO_IDS,4,fog-1,4450.000,0.000000
FOG_NO_IDS_seed4,FOG_NO_IDS,4,fog-2,4450.000,0.000000
FOG_NO_IDS_seed4,FOG_NO_IDS,4,fog-3,4450.000,0.000000
FOG_NO_IDS_seed4,FOG_NO_IDS,4,cloud,4475.000,0.000000
FOG_NO_IDS_seed4,FOG_NO_IDS,4,proxy,4475.000,0.000000
FOG_NO_IDS_seed4,FOG_NO_IDS,4,fog-1,4475.000,0.040000
FOG_NO_IDS_seed4,FOG_NO_IDS,4,fog-2,4475.000,0.040000
FOG_NO_IDS_seed4,FOG_NO_IDS,4,fog-3,4475.000,0.040000
FOG_NO_IDS_seed4,FOG_NO_IDS,4,cloud,4500.000,0.000000
FOG_NO_IDS_seed4,FOG_NO_IDS,4,proxy,4500.000,0.000000
FOG_NO_IDS_seed4,FOG_NO_IDS,4,fog-1,4500.000,0.040000
FOG_NO_IDS_seed4,FOG_NO_IDS,4,fog-2,4500.000,0.040000
FOG_NO_IDS_seed4,FOG_NO_IDS,4,fog-3,4500.000,0.000000
FOG_NO_IDS_seed4,FOG_NO_IDS,4,cloud,4525.000,0.000000
FOG_NO_IDS_seed4,FOG_NO_IDS,4,proxy,4525.000,0.000000
FOG_NO_IDS_seed4,FOG_NO_IDS,4,fog-1,4525.000,0.080000
FOG_NO_IDS_seed4,FOG_NO_IDS,4,fog-2,4525.000,0.080000
FOG_NO_IDS_seed4,FOG_NO_IDS,4,fog-3,4525.000,0.040000
FOG_NO_IDS_seed4,FOG_NO_IDS,4,cloud,4550.000,0.000000
FOG_NO_IDS_seed4,FOG_NO_IDS,4,proxy,4550.000,0.000000
FOG_NO_IDS_seed4,FOG_NO_IDS,4,fog-1,4550.000,0.000000
FOG_NO_IDS_seed4,FOG_NO_IDS,4,fog-2,4550.000,0.000000
FOG_NO_IDS_seed4,FOG_NO_IDS,4,fog-3,4550.000,0.000000
FOG_NO_IDS_seed4,FOG_NO_IDS,4,cloud,4575.000,0.000000
FOG_NO_IDS_seed4,FOG_NO_IDS,4,proxy,4575.000,0.000000
FOG_NO_IDS_seed4,FOG_NO_IDS,4,fog-1,4575.000,0.040000
FOG_NO_IDS_seed4,FOG_NO_IDS,4,fog-2,4575.000,0.040000
FOG_NO_IDS_seed4,FOG_NO_IDS,4,fog-3,4575.000,0.040000
FOG_NO_IDS_seed4,FOG_NO_IDS,4,cloud,4600.000,0.000000
FOG_NO_IDS_seed4,FOG_NO_IDS,4,proxy,4600.000,0.000000
FOG_NO_IDS_seed4,FOG_NO_IDS,4,fog-1,4600.000,0.040000
FOG_NO_IDS_seed4,FOG_NO_IDS,4,fog-2,4600.000,0.040000
FOG_NO_IDS_seed4,FOG_NO_IDS,4,fog-3,4600.000,0.040000
FOG_NO_IDS_seed4,FOG_NO_IDS,4,cloud,4625.000,0.000000
FOG_NO_IDS_seed4,FOG_NO_IDS,4,proxy,4625.000,0.000000
FOG_NO_IDS_seed4,FOG_NO_IDS,4,fog-1,4625.000,0.080000
FOG_NO_IDS_seed4,FOG_NO_IDS,4,fog-2,4625.000,0.080000
FOG_NO_IDS_seed4,FOG_NO_IDS,4,fog-3,4625.000,0.080000
FOG_NO_IDS_seed4,FOG_NO_IDS,4,cloud,4650.000,0.000000
FOG_NO_IDS_seed4,FOG_NO_IDS,4,proxy,4650.000,0.000000
FOG_NO_IDS_seed4,FOG_NO_IDS,4,fog-1,4650.000,0.000000
FOG_NO_IDS_seed4,FOG_NO_IDS,4,fog-2,4650.000,0.000000
FOG_NO_IDS_seed4,FOG_NO_IDS,4,fog-3,4650.000,0.000000
FOG_NO_IDS_seed4,FOG_NO_IDS,4,cloud,4675.000,0.000000
FOG_NO_IDS_seed4,FOG_NO_IDS,4,proxy,4675.000,0.000000
FOG_NO_IDS_seed4,FOG_NO_IDS,4,fog-1,4675.000,0.040000
FOG_NO_IDS_seed4,FOG_NO_IDS,4,fog-2,4675.000,0.040000
FOG_NO_IDS_seed4,FOG_NO_IDS,4,fog-3,4675.000,0.040000
FOG_NO_IDS_seed4,FOG_NO_IDS,4,cloud,4700.000,0.000000
FOG_NO_IDS_seed4,FOG_NO_IDS,4,proxy,4700.000,0.000000
FOG_NO_IDS_seed4,FOG_NO_IDS,4,fog-1,4700.000,0.040000
FOG_NO_IDS_seed4,FOG_NO_IDS,4,fog-2,4700.000,0.040000
FOG_NO_IDS_seed4,FOG_NO_IDS,4,fog-3,4700.000,0.040000
FOG_NO_IDS_seed4,FOG_NO_IDS,4,cloud,4725.000,0.000000
FOG_NO_IDS_seed4,FOG_NO_IDS,4,proxy,4725.000,0.000000
FOG_NO_IDS_seed4,FOG_NO_IDS,4,fog-1,4725.000,0.080000
FOG_NO_IDS_seed4,FOG_NO_IDS,4,fog-2,4725.000,0.080000
FOG_NO_IDS_seed4,FOG_NO_IDS,4,fog-3,4725.000,0.080000
FOG_NO_IDS_seed4,FOG_NO_IDS,4,cloud,4750.000,0.000000
FOG_NO_IDS_seed4,FOG_NO_IDS,4,proxy,4750.000,0.000000
FOG_NO_IDS_seed4,FOG_NO_IDS,4,fog-1,4750.000,0.000000
FOG_NO_IDS_seed4,FOG_NO_IDS,4,fog-2,4750.000,0.000000
FOG_NO_IDS_seed4,FOG_NO_IDS,4,fog-3,4750.000,0.000000
FOG_NO_IDS_seed4,FOG_NO_IDS,4,cloud,4775.000,0.000000
FOG_NO_IDS_seed4,FOG_NO_IDS,4,proxy,4775.000,0.000000
FOG_NO_IDS_seed4,FOG_NO_IDS,4,fog-1,4775.000,0.040000
FOG_NO_IDS_seed4,FOG_NO_IDS,4,fog-2,4775.000,0.040000
FOG_NO_IDS_seed4,FOG_NO_IDS,4,fog-3,4775.000,0.040000
FOG_NO_IDS_seed4,FOG_NO_IDS,4,cloud,4800.000,0.000000
FOG_NO_IDS_seed4,FOG_NO_IDS,4,proxy,4800.000,0.000000
FOG_NO_IDS_seed4,FOG_NO_IDS,4,fog-1,4800.000,0.000000
FOG_NO_IDS_seed4,FOG_NO_IDS,4,fog-2,4800.000,0.000000
FOG_NO_IDS_seed4,FOG_NO_IDS,4,fog-3,4800.000,0.000000
FOG_NO_IDS_seed4,FOG_NO_IDS,4,cloud,4825.000,0.000000
FOG_NO_IDS_seed4,FOG_NO_IDS,4,proxy,4825.000,0.000000
FOG_NO_IDS_seed4,FOG_NO_IDS,4,fog-1,4825.000,0.040000
FOG_NO_IDS_seed4,FOG_NO_IDS,4,fog-2,4825.000,0.040000
FOG_NO_IDS_seed4,FOG_NO_IDS,4,fog-3,4825.000,0.040000
FOG_NO_IDS_seed4,FOG_NO_IDS,4,cloud,4850.000,0.000000
FOG_NO_IDS_seed4,FOG_NO_IDS,4,proxy,4850.000,0.000000
FOG_NO_IDS_seed4,FOG_NO_IDS,4,fog-1,4850.000,0.000000
FOG_NO_IDS_seed4,FOG_NO_IDS,4,fog-2,4850.000,0.000000
FOG_NO_IDS_seed4,FOG_NO_IDS,4,fog-3,4850.000,0.000000
FOG_NO_IDS_seed4,FOG_NO_IDS,4,cloud,4875.000,0.000000
FOG_NO_IDS_seed4,FOG_NO_IDS,4,proxy,4875.000,0.000000
FOG_NO_IDS_seed4,FOG_NO_IDS,4,fog-1,4875.000,0.040000
FOG_NO_IDS_seed4,FOG_NO_IDS,4,fog-2,4875.000,0.040000
FOG_NO_IDS_seed4,FOG_NO_IDS,4,fog-3,4875.000,0.040000
FOG_NO_IDS_seed4,FOG_NO_IDS,4,cloud,4900.000,0.000000
FOG_NO_IDS_seed4,FOG_NO_IDS,4,proxy,4900.000,0.000000
FOG_NO_IDS_seed4,FOG_NO_IDS,4,fog-1,4900.000,0.000000
FOG_NO_IDS_seed4,FOG_NO_IDS,4,fog-2,4900.000,0.040000
FOG_NO_IDS_seed4,FOG_NO_IDS,4,fog-3,4900.000,0.000000
FOG_NO_IDS_seed4,FOG_NO_IDS,4,cloud,4925.000,0.000000
FOG_NO_IDS_seed4,FOG_NO_IDS,4,proxy,4925.000,0.000000
FOG_NO_IDS_seed4,FOG_NO_IDS,4,fog-1,4925.000,0.040000
FOG_NO_IDS_seed4,FOG_NO_IDS,4,fog-2,4925.000,0.080000
FOG_NO_IDS_seed4,FOG_NO_IDS,4,fog-3,4925.000,0.040000
FOG_NO_IDS_seed4,FOG_NO_IDS,4,cloud,4950.000,0.000000
FOG_NO_IDS_seed4,FOG_NO_IDS,4,proxy,4950.000,0.000000
FOG_NO_IDS_seed4,FOG_NO_IDS,4,fog-1,4950.000,0.000000
FOG_NO_IDS_seed4,FOG_NO_IDS,4,fog-2,4950.000,0.000000
FOG_NO_IDS_seed4,FOG_NO_IDS,4,fog-3,4950.000,0.000000
FOG_NO_IDS_seed4,FOG_NO_IDS,4,cloud,4975.000,0.000000
FOG_NO_IDS_seed4,FOG_NO_IDS,4,proxy,4975.000,0.000000
FOG_NO_IDS_seed4,FOG_NO_IDS,4,fog-1,4975.000,0.040000
FOG_NO_IDS_seed4,FOG_NO_IDS,4,fog-2,4975.000,0.040000
FOG_NO_IDS_seed4,FOG_NO_IDS,4,fog-3,4975.000,0.040000
FOG_NO_IDS_seed4,FOG_NO_IDS,4,cloud,5000.000,0.000000
FOG_NO_IDS_seed4,FOG_NO_IDS,4,proxy,5000.000,0.000000
FOG_NO_IDS_seed4,FOG_NO_IDS,4,fog-1,5000.000,0.000000
FOG_NO_IDS_seed4,FOG_NO_IDS,4,fog-2,5000.000,0.000000
FOG_NO_IDS_seed4,FOG_NO_IDS,4,fog-3,5000.000,0.000000
FOG_NO_IDS_seed5,FOG_NO_IDS,5,cloud,25.000,0.000179
FOG_NO_IDS_seed5,FOG_NO_IDS,5,proxy,25.000,0.000000
FOG_NO_IDS_seed5,FOG_NO_IDS,5,fog-1,25.000,0.002500
FOG_NO_IDS_seed5,FOG_NO_IDS,5,fog-2,25.000,0.002500
FOG_NO_IDS_seed5,FOG_NO_IDS,5,fog-3,25.000,0.002500
FOG_NO_IDS_seed5,FOG_NO_IDS,5,cloud,50.000,0.000179
FOG_NO_IDS_seed5,FOG_NO_IDS,5,proxy,50.000,0.000000
FOG_NO_IDS_seed5,FOG_NO_IDS,5,fog-1,50.000,0.002500
FOG_NO_IDS_seed5,FOG_NO_IDS,5,fog-2,50.000,0.002500
FOG_NO_IDS_seed5,FOG_NO_IDS,5,fog-3,50.000,0.002500
FOG_NO_IDS_seed5,FOG_NO_IDS,5,cloud,75.000,0.000179
FOG_NO_IDS_seed5,FOG_NO_IDS,5,proxy,75.000,0.000000
FOG_NO_IDS_seed5,FOG_NO_IDS,5,fog-1,75.000,0.002500
FOG_NO_IDS_seed5,FOG_NO_IDS,5,fog-2,75.000,0.002500
FOG_NO_IDS_seed5,FOG_NO_IDS,5,fog-3,75.000,0.002500
FOG_NO_IDS_seed5,FOG_NO_IDS,5,cloud,100.000,0.000179
FOG_NO_IDS_seed5,FOG_NO_IDS,5,proxy,100.000,0.000000
FOG_NO_IDS_seed5,FOG_NO_IDS,5,fog-1,100.000,0.002500
FOG_NO_IDS_seed5,FOG_NO_IDS,5,fog-2,100.000,0.002500
FOG_NO_IDS_seed5,FOG_NO_IDS,5,fog-3,100.000,0.002500
FOG_NO_IDS_seed5,FOG_NO_IDS,5,cloud,125.000,0.000179
FOG_NO_IDS_seed5,FOG_NO_IDS,5,proxy,125.000,0.000000
FOG_NO_IDS_seed5,FOG_NO_IDS,5,fog-1,125.000,0.040100
FOG_NO_IDS_seed5,FOG_NO_IDS,5,fog-2,125.000,0.040100
FOG_NO_IDS_seed5,FOG_NO_IDS,5,fog-3,125.000,0.040100
FOG_NO_IDS_seed5,FOG_NO_IDS,5,cloud,150.000,0.000179
FOG_NO_IDS_seed5,FOG_NO_IDS,5,proxy,150.000,0.000000
FOG_NO_IDS_seed5,FOG_NO_IDS,5,fog-1,150.000,0.000000
FOG_NO_IDS_seed5,FOG_NO_IDS,5,fog-2,150.000,0.000000
FOG_NO_IDS_seed5,FOG_NO_IDS,5,fog-3,150.000,0.000000
FOG_NO_IDS_seed5,FOG_NO_IDS,5,cloud,175.000,0.000071
FOG_NO_IDS_seed5,FOG_NO_IDS,5,proxy,175.000,0.000000
FOG_NO_IDS_seed5,FOG_NO_IDS,5,fog-1,175.000,0.040000
FOG_NO_IDS_seed5,FOG_NO_IDS,5,fog-2,175.000,0.040000
FOG_NO_IDS_seed5,FOG_NO_IDS,5,fog-3,175.000,0.040000
FOG_NO_IDS_seed5,FOG_NO_IDS,5,cloud,200.000,0.000000
FOG_NO_IDS_seed5,FOG_NO_IDS,5,proxy,200.000,0.000000
FOG_NO_IDS_seed5,FOG_NO_IDS,5,fog-1,200.000,0.000000
FOG_NO_IDS_seed5,FOG_NO_IDS,5,fog-2,200.000,0.000000
FOG_NO_IDS_seed5,FOG_NO_IDS,5,fog-3,200.000,0.000000
FOG_NO_IDS_seed5,FOG_NO_IDS,5,cloud,225.000,0.000000
FOG_NO_IDS_seed5,FOG_NO_IDS,5,proxy,225.000,0.000000
FOG_NO_IDS_seed5,FOG_NO_IDS,5,fog-1,225.000,0.040000
FOG_NO_IDS_seed5,FOG_NO_IDS,5,fog-2,225.000,0.040000
FOG_NO_IDS_seed5,FOG_NO_IDS,5,fog-3,225.000,0.040000
FOG_NO_IDS_seed5,FOG_NO_IDS,5,cloud,250.000,0.000000
FOG_NO_IDS_seed5,FOG_NO_IDS,5,proxy,250.000,0.000000
FOG_NO_IDS_seed5,FOG_NO_IDS,5,fog-1,250.000,0.000000
FOG_NO_IDS_seed5,FOG_NO_IDS,5,fog-2,250.000,0.000000
FOG_NO_IDS_seed5,FOG_NO_IDS,5,fog-3,250.000,0.000000
FOG_NO_IDS_seed5,FOG_NO_IDS,5,cloud,275.000,0.000000
FOG_NO_IDS_seed5,FOG_NO_IDS,5,proxy,275.000,0.000000
FOG_NO_IDS_seed5,FOG_NO_IDS,5,fog-1,275.000,0.040000
FOG_NO_IDS_seed5,FOG_NO_IDS,5,fog-2,275.000,0.040000
FOG_NO_IDS_seed5,FOG_NO_IDS,5,fog-3,275.000,0.040000
FOG_NO_IDS_seed5,FOG_NO_IDS,5,cloud,300.000,0.000000
FOG_NO_IDS_seed5,FOG_NO_IDS,5,proxy,300.000,0.000000
FOG_NO_IDS_seed5,FOG_NO_IDS,5,fog-1,300.000,0.040000
FOG_NO_IDS_seed5,FOG_NO_IDS,5,fog-2,300.000,0.040000
FOG_NO_IDS_seed5,FOG_NO_IDS,5,fog-3,300.000,0.040000
FOG_NO_IDS_seed5,FOG_NO_IDS,5,cloud,325.000,0.000000
FOG_NO_IDS_seed5,FOG_NO_IDS,5,proxy,325.000,0.000000
FOG_NO_IDS_seed5,FOG_NO_IDS,5,fog-1,325.000,0.080000
FOG_NO_IDS_seed5,FOG_NO_IDS,5,fog-2,325.000,0.080000
FOG_NO_IDS_seed5,FOG_NO_IDS,5,fog-3,325.000,0.080000
FOG_NO_IDS_seed5,FOG_NO_IDS,5,cloud,350.000,0.000000
FOG_NO_IDS_seed5,FOG_NO_IDS,5,proxy,350.000,0.000000
FOG_NO_IDS_seed5,FOG_NO_IDS,5,fog-1,350.000,0.000000
FOG_NO_IDS_seed5,FOG_NO_IDS,5,fog-2,350.000,0.000000
FOG_NO_IDS_seed5,FOG_NO_IDS,5,fog-3,350.000,0.000000
FOG_NO_IDS_seed5,FOG_NO_IDS,5,cloud,375.000,0.000000
FOG_NO_IDS_seed5,FOG_NO_IDS,5,proxy,375.000,0.000000
FOG_NO_IDS_seed5,FOG_NO_IDS,5,fog-1,375.000,0.040000
FOG_NO_IDS_seed5,FOG_NO_IDS,5,fog-2,375.000,0.040000
FOG_NO_IDS_seed5,FOG_NO_IDS,5,fog-3,375.000,0.040000
FOG_NO_IDS_seed5,FOG_NO_IDS,5,cloud,400.000,0.000000
FOG_NO_IDS_seed5,FOG_NO_IDS,5,proxy,400.000,0.000000
FOG_NO_IDS_seed5,FOG_NO_IDS,5,fog-1,400.000,0.000000
FOG_NO_IDS_seed5,FOG_NO_IDS,5,fog-2,400.000,0.040000
FOG_NO_IDS_seed5,FOG_NO_IDS,5,fog-3,400.000,0.000000
FOG_NO_IDS_seed5,FOG_NO_IDS,5,cloud,425.000,0.000000
FOG_NO_IDS_seed5,FOG_NO_IDS,5,proxy,425.000,0.000000
FOG_NO_IDS_seed5,FOG_NO_IDS,5,fog-1,425.000,0.040000
FOG_NO_IDS_seed5,FOG_NO_IDS,5,fog-2,425.000,0.080000
FOG_NO_IDS_seed5,FOG_NO_IDS,5,fog-3,425.000,0.040000
FOG_NO_IDS_seed5,FOG_NO_IDS,5,cloud,450.000,0.000000
FOG_NO_IDS_seed5,FOG_NO_IDS,5,proxy,450.000,0.000000
FOG_NO_IDS_seed5,FOG_NO_IDS,5,fog-1,450.000,0.000000
FOG_NO_IDS_seed5,FOG_NO_IDS,5,fog-2,450.000,0.000000
FOG_NO_IDS_seed5,FOG_NO_IDS,5,fog-3,450.000,0.000000
FOG_NO_IDS_seed5,FOG_NO_IDS,5,cloud,475.000,0.000000
FOG_NO_IDS_seed5,FOG_NO_IDS,5,proxy,475.000,0.000000
FOG_NO_IDS_seed5,FOG_NO_IDS,5,fog-1,475.000,0.040000
FOG_NO_IDS_seed5,FOG_NO_IDS,5,fog-2,475.000,0.040000
FOG_NO_IDS_seed5,FOG_NO_IDS,5,fog-3,475.000,0.040000
FOG_NO_IDS_seed5,FOG_NO_IDS,5,cloud,500.000,0.000000
FOG_NO_IDS_seed5,FOG_NO_IDS,5,proxy,500.000,0.000000
FOG_NO_IDS_seed5,FOG_NO_IDS,5,fog-1,500.000,0.040000
FOG_NO_IDS_seed5,FOG_NO_IDS,5,fog-2,500.000,0.000000
FOG_NO_IDS_seed5,FOG_NO_IDS,5,fog-3,500.000,0.000000
FOG_NO_IDS_seed5,FOG_NO_IDS,5,cloud,525.000,0.000000
FOG_NO_IDS_seed5,FOG_NO_IDS,5,proxy,525.000,0.000000
FOG_NO_IDS_seed5,FOG_NO_IDS,5,fog-1,525.000,0.080000
FOG_NO_IDS_seed5,FOG_NO_IDS,5,fog-2,525.000,0.040000
FOG_NO_IDS_seed5,FOG_NO_IDS,5,fog-3,525.000,0.040000
FOG_NO_IDS_seed5,FOG_NO_IDS,5,cloud,550.000,0.000000
FOG_NO_IDS_seed5,FOG_NO_IDS,5,proxy,550.000,0.000000
FOG_NO_IDS_seed5,FOG_NO_IDS,5,fog-1,550.000,0.000000
FOG_NO_IDS_seed5,FOG_NO_IDS,5,fog-2,550.000,0.000000
FOG_NO_IDS_seed5,FOG_NO_IDS,5,fog-3,550.000,0.000000
FOG_NO_IDS_seed5,FOG_NO_IDS,5,cloud,575.000,0.000000
FOG_NO_IDS_seed5,FOG_NO_IDS,5,proxy,575.000,0.000000
FOG_NO_IDS_seed5,FOG_NO_IDS,5,fog-1,575.000,0.040000
FOG_NO_IDS_seed5,FOG_NO_IDS,5,fog-2,575.000,0.040000
FOG_NO_IDS_seed5,FOG_NO_IDS,5,fog-3,575.000,0.040000
FOG_NO_IDS_seed5,FOG_NO_IDS,5,cloud,600.000,0.000000
FOG_NO_IDS_seed5,FOG_NO_IDS,5,proxy,600.000,0.000000
FOG_NO_IDS_seed5,FOG_NO_IDS,5,fog-1,600.000,0.000000
FOG_NO_IDS_seed5,FOG_NO_IDS,5,fog-2,600.000,0.040000
FOG_NO_IDS_seed5,FOG_NO_IDS,5,fog-3,600.000,0.000000
FOG_NO_IDS_seed5,FOG_NO_IDS,5,cloud,625.000,0.000000
FOG_NO_IDS_seed5,FOG_NO_IDS,5,proxy,625.000,0.000000
FOG_NO_IDS_seed5,FOG_NO_IDS,5,fog-1,625.000,0.040000
FOG_NO_IDS_seed5,FOG_NO_IDS,5,fog-2,625.000,0.080000
FOG_NO_IDS_seed5,FOG_NO_IDS,5,fog-3,625.000,0.040000
FOG_NO_IDS_seed5,FOG_NO_IDS,5,cloud,650.000,0.000000
FOG_NO_IDS_seed5,FOG_NO_IDS,5,proxy,650.000,0.000000
FOG_NO_IDS_seed5,FOG_NO_IDS,5,fog-1,650.000,0.000000
FOG_NO_IDS_seed5,FOG_NO_IDS,5,fog-2,650.000,0.000000
FOG_NO_IDS_seed5,FOG_NO_IDS,5,fog-3,650.000,0.000000
FOG_NO_IDS_seed5,FOG_NO_IDS,5,cloud,675.000,0.000000
FOG_NO_IDS_seed5,FOG_NO_IDS,5,proxy,675.000,0.000000
FOG_NO_IDS_seed5,FOG_NO_IDS,5,fog-1,675.000,0.040000
FOG_NO_IDS_seed5,FOG_NO_IDS,5,fog-2,675.000,0.040000
FOG_NO_IDS_seed5,FOG_NO_IDS,5,fog-3,675.000,0.040000
FOG_NO_IDS_seed5,FOG_NO_IDS,5,cloud,700.000,0.000000
FOG_NO_IDS_seed5,FOG_NO_IDS,5,proxy,700.000,0.000000
FOG_NO_IDS_seed5,FOG_NO_IDS,5,fog-1,700.000,0.000000
FOG_NO_IDS_seed5,FOG_NO_IDS,5,fog-2,700.000,0.000000
FOG_NO_IDS_seed5,FOG_NO_IDS,5,fog-3,700.000,0.040000
FOG_NO_IDS_seed5,FOG_NO_IDS,5,cloud,725.000,0.000000
FOG_NO_IDS_seed5,FOG_NO_IDS,5,proxy,725.000,0.000000
FOG_NO_IDS_seed5,FOG_NO_IDS,5,fog-1,725.000,0.040000
FOG_NO_IDS_seed5,FOG_NO_IDS,5,fog-2,725.000,0.040000
FOG_NO_IDS_seed5,FOG_NO_IDS,5,fog-3,725.000,0.080000
FOG_NO_IDS_seed5,FOG_NO_IDS,5,cloud,750.000,0.000000
FOG_NO_IDS_seed5,FOG_NO_IDS,5,proxy,750.000,0.000000
FOG_NO_IDS_seed5,FOG_NO_IDS,5,fog-1,750.000,0.000000
FOG_NO_IDS_seed5,FOG_NO_IDS,5,fog-2,750.000,0.000000
FOG_NO_IDS_seed5,FOG_NO_IDS,5,fog-3,750.000,0.000000
FOG_NO_IDS_seed5,FOG_NO_IDS,5,cloud,775.000,0.000000
FOG_NO_IDS_seed5,FOG_NO_IDS,5,proxy,775.000,0.000000
FOG_NO_IDS_seed5,FOG_NO_IDS,5,fog-1,775.000,0.040000
FOG_NO_IDS_seed5,FOG_NO_IDS,5,fog-2,775.000,0.040000
FOG_NO_IDS_seed5,FOG_NO_IDS,5,fog-3,775.000,0.040000
FOG_NO_IDS_seed5,FOG_NO_IDS,5,cloud,800.000,0.000000
FOG_NO_IDS_seed5,FOG_NO_IDS,5,proxy,800.000,0.000000
FOG_NO_IDS_seed5,FOG_NO_IDS,5,fog-1,800.000,0.000000
FOG_NO_IDS_seed5,FOG_NO_IDS,5,fog-2,800.000,0.000000
FOG_NO_IDS_seed5,FOG_NO_IDS,5,fog-3,800.000,0.040000
FOG_NO_IDS_seed5,FOG_NO_IDS,5,cloud,825.000,0.000000
FOG_NO_IDS_seed5,FOG_NO_IDS,5,proxy,825.000,0.000000
FOG_NO_IDS_seed5,FOG_NO_IDS,5,fog-1,825.000,0.040000
FOG_NO_IDS_seed5,FOG_NO_IDS,5,fog-2,825.000,0.040000
FOG_NO_IDS_seed5,FOG_NO_IDS,5,fog-3,825.000,0.080000
FOG_NO_IDS_seed5,FOG_NO_IDS,5,cloud,850.000,0.000000
FOG_NO_IDS_seed5,FOG_NO_IDS,5,proxy,850.000,0.000000
FOG_NO_IDS_seed5,FOG_NO_IDS,5,fog-1,850.000,0.000000
FOG_NO_IDS_seed5,FOG_NO_IDS,5,fog-2,850.000,0.000000
FOG_NO_IDS_seed5,FOG_NO_IDS,5,fog-3,850.000,0.000000
FOG_NO_IDS_seed5,FOG_NO_IDS,5,cloud,875.000,0.000000
FOG_NO_IDS_seed5,FOG_NO_IDS,5,proxy,875.000,0.000000
FOG_NO_IDS_seed5,FOG_NO_IDS,5,fog-1,875.000,0.040000
FOG_NO_IDS_seed5,FOG_NO_IDS,5,fog-2,875.000,0.040000
FOG_NO_IDS_seed5,FOG_NO_IDS,5,fog-3,875.000,0.040000
FOG_NO_IDS_seed5,FOG_NO_IDS,5,cloud,900.000,0.000000
FOG_NO_IDS_seed5,FOG_NO_IDS,5,proxy,900.000,0.000000
FOG_NO_IDS_seed5,FOG_NO_IDS,5,fog-1,900.000,0.040000
FOG_NO_IDS_seed5,FOG_NO_IDS,5,fog-2,900.000,0.040000
FOG_NO_IDS_seed5,FOG_NO_IDS,5,fog-3,900.000,0.000000
FOG_NO_IDS_seed5,FOG_NO_IDS,5,cloud,925.000,0.000000
FOG_NO_IDS_seed5,FOG_NO_IDS,5,proxy,925.000,0.000000
FOG_NO_IDS_seed5,FOG_NO_IDS,5,fog-1,925.000,0.080000
FOG_NO_IDS_seed5,FOG_NO_IDS,5,fog-2,925.000,0.080000
FOG_NO_IDS_seed5,FOG_NO_IDS,5,fog-3,925.000,0.040000
FOG_NO_IDS_seed5,FOG_NO_IDS,5,cloud,950.000,0.000000
FOG_NO_IDS_seed5,FOG_NO_IDS,5,proxy,950.000,0.000000
FOG_NO_IDS_seed5,FOG_NO_IDS,5,fog-1,950.000,0.000000
FOG_NO_IDS_seed5,FOG_NO_IDS,5,fog-2,950.000,0.000000
FOG_NO_IDS_seed5,FOG_NO_IDS,5,fog-3,950.000,0.000000
FOG_NO_IDS_seed5,FOG_NO_IDS,5,cloud,975.000,0.000000
FOG_NO_IDS_seed5,FOG_NO_IDS,5,proxy,975.000,0.000000
FOG_NO_IDS_seed5,FOG_NO_IDS,5,fog-1,975.000,0.040000
FOG_NO_IDS_seed5,FOG_NO_IDS,5,fog-2,975.000,0.040000
FOG_NO_IDS_seed5,FOG_NO_IDS,5,fog-3,975.000,0.040000
FOG_NO_IDS_seed5,FOG_NO_IDS,5,cloud,1000.000,0.000000
FOG_NO_IDS_seed5,FOG_NO_IDS,5,proxy,1000.000,0.000000
FOG_NO_IDS_seed5,FOG_NO_IDS,5,fog-1,1000.000,0.040000
FOG_NO_IDS_seed5,FOG_NO_IDS,5,fog-2,1000.000,0.000000
FOG_NO_IDS_seed5,FOG_NO_IDS,5,fog-3,1000.000,0.040000
FOG_NO_IDS_seed5,FOG_NO_IDS,5,cloud,1025.000,0.000000
FOG_NO_IDS_seed5,FOG_NO_IDS,5,proxy,1025.000,0.000000
FOG_NO_IDS_seed5,FOG_NO_IDS,5,fog-1,1025.000,0.080000
FOG_NO_IDS_seed5,FOG_NO_IDS,5,fog-2,1025.000,0.040000
FOG_NO_IDS_seed5,FOG_NO_IDS,5,fog-3,1025.000,0.080000
FOG_NO_IDS_seed5,FOG_NO_IDS,5,cloud,1050.000,0.000000
FOG_NO_IDS_seed5,FOG_NO_IDS,5,proxy,1050.000,0.000000
FOG_NO_IDS_seed5,FOG_NO_IDS,5,fog-1,1050.000,0.000000
FOG_NO_IDS_seed5,FOG_NO_IDS,5,fog-2,1050.000,0.000000
FOG_NO_IDS_seed5,FOG_NO_IDS,5,fog-3,1050.000,0.000000
FOG_NO_IDS_seed5,FOG_NO_IDS,5,cloud,1075.000,0.000000
FOG_NO_IDS_seed5,FOG_NO_IDS,5,proxy,1075.000,0.000000
FOG_NO_IDS_seed5,FOG_NO_IDS,5,fog-1,1075.000,0.040000
FOG_NO_IDS_seed5,FOG_NO_IDS,5,fog-2,1075.000,0.040000
FOG_NO_IDS_seed5,FOG_NO_IDS,5,fog-3,1075.000,0.040000
FOG_NO_IDS_seed5,FOG_NO_IDS,5,cloud,1100.000,0.000000
FOG_NO_IDS_seed5,FOG_NO_IDS,5,proxy,1100.000,0.000000
FOG_NO_IDS_seed5,FOG_NO_IDS,5,fog-1,1100.000,0.040000
FOG_NO_IDS_seed5,FOG_NO_IDS,5,fog-2,1100.000,0.040000
FOG_NO_IDS_seed5,FOG_NO_IDS,5,fog-3,1100.000,0.040000
FOG_NO_IDS_seed5,FOG_NO_IDS,5,cloud,1125.000,0.000000
FOG_NO_IDS_seed5,FOG_NO_IDS,5,proxy,1125.000,0.000000
FOG_NO_IDS_seed5,FOG_NO_IDS,5,fog-1,1125.000,0.080000
FOG_NO_IDS_seed5,FOG_NO_IDS,5,fog-2,1125.000,0.080000
FOG_NO_IDS_seed5,FOG_NO_IDS,5,fog-3,1125.000,0.080000
FOG_NO_IDS_seed5,FOG_NO_IDS,5,cloud,1150.000,0.000000
FOG_NO_IDS_seed5,FOG_NO_IDS,5,proxy,1150.000,0.000000
FOG_NO_IDS_seed5,FOG_NO_IDS,5,fog-1,1150.000,0.000000
FOG_NO_IDS_seed5,FOG_NO_IDS,5,fog-2,1150.000,0.000000
FOG_NO_IDS_seed5,FOG_NO_IDS,5,fog-3,1150.000,0.000000
FOG_NO_IDS_seed5,FOG_NO_IDS,5,cloud,1175.000,0.000000
FOG_NO_IDS_seed5,FOG_NO_IDS,5,proxy,1175.000,0.000000
FOG_NO_IDS_seed5,FOG_NO_IDS,5,fog-1,1175.000,0.040000
FOG_NO_IDS_seed5,FOG_NO_IDS,5,fog-2,1175.000,0.040000
FOG_NO_IDS_seed5,FOG_NO_IDS,5,fog-3,1175.000,0.040000
FOG_NO_IDS_seed5,FOG_NO_IDS,5,cloud,1200.000,0.000000
FOG_NO_IDS_seed5,FOG_NO_IDS,5,proxy,1200.000,0.000000
FOG_NO_IDS_seed5,FOG_NO_IDS,5,fog-1,1200.000,0.040000
FOG_NO_IDS_seed5,FOG_NO_IDS,5,fog-2,1200.000,0.040000
FOG_NO_IDS_seed5,FOG_NO_IDS,5,fog-3,1200.000,0.040000
FOG_NO_IDS_seed5,FOG_NO_IDS,5,cloud,1225.000,0.000000
FOG_NO_IDS_seed5,FOG_NO_IDS,5,proxy,1225.000,0.000000
FOG_NO_IDS_seed5,FOG_NO_IDS,5,fog-1,1225.000,0.080000
FOG_NO_IDS_seed5,FOG_NO_IDS,5,fog-2,1225.000,0.080000
FOG_NO_IDS_seed5,FOG_NO_IDS,5,fog-3,1225.000,0.080000
FOG_NO_IDS_seed5,FOG_NO_IDS,5,cloud,1250.000,0.000000
FOG_NO_IDS_seed5,FOG_NO_IDS,5,proxy,1250.000,0.000000
FOG_NO_IDS_seed5,FOG_NO_IDS,5,fog-1,1250.000,0.000000
FOG_NO_IDS_seed5,FOG_NO_IDS,5,fog-2,1250.000,0.000000
FOG_NO_IDS_seed5,FOG_NO_IDS,5,fog-3,1250.000,0.000000
FOG_NO_IDS_seed5,FOG_NO_IDS,5,cloud,1275.000,0.000000
FOG_NO_IDS_seed5,FOG_NO_IDS,5,proxy,1275.000,0.000000
FOG_NO_IDS_seed5,FOG_NO_IDS,5,fog-1,1275.000,0.040000
FOG_NO_IDS_seed5,FOG_NO_IDS,5,fog-2,1275.000,0.040000
FOG_NO_IDS_seed5,FOG_NO_IDS,5,fog-3,1275.000,0.040000
FOG_NO_IDS_seed5,FOG_NO_IDS,5,cloud,1300.000,0.000000
FOG_NO_IDS_seed5,FOG_NO_IDS,5,proxy,1300.000,0.000000
FOG_NO_IDS_seed5,FOG_NO_IDS,5,fog-1,1300.000,0.000000
FOG_NO_IDS_seed5,FOG_NO_IDS,5,fog-2,1300.000,0.040000
FOG_NO_IDS_seed5,FOG_NO_IDS,5,fog-3,1300.000,0.000000
FOG_NO_IDS_seed5,FOG_NO_IDS,5,cloud,1325.000,0.000000
FOG_NO_IDS_seed5,FOG_NO_IDS,5,proxy,1325.000,0.000000
FOG_NO_IDS_seed5,FOG_NO_IDS,5,fog-1,1325.000,0.040000
FOG_NO_IDS_seed5,FOG_NO_IDS,5,fog-2,1325.000,0.080000
FOG_NO_IDS_seed5,FOG_NO_IDS,5,fog-3,1325.000,0.040000
FOG_NO_IDS_seed5,FOG_NO_IDS,5,cloud,1350.000,0.000000
FOG_NO_IDS_seed5,FOG_NO_IDS,5,proxy,1350.000,0.000000
FOG_NO_IDS_seed5,FOG_NO_IDS,5,fog-1,1350.000,0.000000
FOG_NO_IDS_seed5,FOG_NO_IDS,5,fog-2,1350.000,0.000000
FOG_NO_IDS_seed5,FOG_NO_IDS,5,fog-3,1350.000,0.000000
FOG_NO_IDS_seed5,FOG_NO_IDS,5,cloud,1375.000,0.000000
FOG_NO_IDS_seed5,FOG_NO_IDS,5,proxy,1375.000,0.000000
FOG_NO_IDS_seed5,FOG_NO_IDS,5,fog-1,1375.000,0.040000
FOG_NO_IDS_seed5,FOG_NO_IDS,5,fog-2,1375.000,0.040000
FOG_NO_IDS_seed5,FOG_NO_IDS,5,fog-3,1375.000,0.040000
FOG_NO_IDS_seed5,FOG_NO_IDS,5,cloud,1400.000,0.000000
FOG_NO_IDS_seed5,FOG_NO_IDS,5,proxy,1400.000,0.000000
FOG_NO_IDS_seed5,FOG_NO_IDS,5,fog-1,1400.000,0.040000
FOG_NO_IDS_seed5,FOG_NO_IDS,5,fog-2,1400.000,0.040000
FOG_NO_IDS_seed5,FOG_NO_IDS,5,fog-3,1400.000,0.000000
FOG_NO_IDS_seed5,FOG_NO_IDS,5,cloud,1425.000,0.000000
FOG_NO_IDS_seed5,FOG_NO_IDS,5,proxy,1425.000,0.000000
FOG_NO_IDS_seed5,FOG_NO_IDS,5,fog-1,1425.000,0.080000
FOG_NO_IDS_seed5,FOG_NO_IDS,5,fog-2,1425.000,0.080000
FOG_NO_IDS_seed5,FOG_NO_IDS,5,fog-3,1425.000,0.040000
FOG_NO_IDS_seed5,FOG_NO_IDS,5,cloud,1450.000,0.000000
FOG_NO_IDS_seed5,FOG_NO_IDS,5,proxy,1450.000,0.000000
FOG_NO_IDS_seed5,FOG_NO_IDS,5,fog-1,1450.000,0.000000
FOG_NO_IDS_seed5,FOG_NO_IDS,5,fog-2,1450.000,0.000000
FOG_NO_IDS_seed5,FOG_NO_IDS,5,fog-3,1450.000,0.000000
FOG_NO_IDS_seed5,FOG_NO_IDS,5,cloud,1475.000,0.000000
FOG_NO_IDS_seed5,FOG_NO_IDS,5,proxy,1475.000,0.000000
FOG_NO_IDS_seed5,FOG_NO_IDS,5,fog-1,1475.000,0.040000
FOG_NO_IDS_seed5,FOG_NO_IDS,5,fog-2,1475.000,0.040000
FOG_NO_IDS_seed5,FOG_NO_IDS,5,fog-3,1475.000,0.040000
FOG_NO_IDS_seed5,FOG_NO_IDS,5,cloud,1500.000,0.000000
FOG_NO_IDS_seed5,FOG_NO_IDS,5,proxy,1500.000,0.000000
FOG_NO_IDS_seed5,FOG_NO_IDS,5,fog-1,1500.000,0.000000
FOG_NO_IDS_seed5,FOG_NO_IDS,5,fog-2,1500.000,0.040000
FOG_NO_IDS_seed5,FOG_NO_IDS,5,fog-3,1500.000,0.000000
FOG_NO_IDS_seed5,FOG_NO_IDS,5,cloud,1525.000,0.000000
FOG_NO_IDS_seed5,FOG_NO_IDS,5,proxy,1525.000,0.000000
FOG_NO_IDS_seed5,FOG_NO_IDS,5,fog-1,1525.000,0.040000
FOG_NO_IDS_seed5,FOG_NO_IDS,5,fog-2,1525.000,0.080000
FOG_NO_IDS_seed5,FOG_NO_IDS,5,fog-3,1525.000,0.040000
FOG_NO_IDS_seed5,FOG_NO_IDS,5,cloud,1550.000,0.000000
FOG_NO_IDS_seed5,FOG_NO_IDS,5,proxy,1550.000,0.000000
FOG_NO_IDS_seed5,FOG_NO_IDS,5,fog-1,1550.000,0.000000
FOG_NO_IDS_seed5,FOG_NO_IDS,5,fog-2,1550.000,0.000000
FOG_NO_IDS_seed5,FOG_NO_IDS,5,fog-3,1550.000,0.000000
FOG_NO_IDS_seed5,FOG_NO_IDS,5,cloud,1575.000,0.000000
FOG_NO_IDS_seed5,FOG_NO_IDS,5,proxy,1575.000,0.000000
FOG_NO_IDS_seed5,FOG_NO_IDS,5,fog-1,1575.000,0.040000
FOG_NO_IDS_seed5,FOG_NO_IDS,5,fog-2,1575.000,0.040000
FOG_NO_IDS_seed5,FOG_NO_IDS,5,fog-3,1575.000,0.040000
FOG_NO_IDS_seed5,FOG_NO_IDS,5,cloud,1600.000,0.000000
FOG_NO_IDS_seed5,FOG_NO_IDS,5,proxy,1600.000,0.000000
FOG_NO_IDS_seed5,FOG_NO_IDS,5,fog-1,1600.000,0.040000
FOG_NO_IDS_seed5,FOG_NO_IDS,5,fog-2,1600.000,0.040000
FOG_NO_IDS_seed5,FOG_NO_IDS,5,fog-3,1600.000,0.000000
FOG_NO_IDS_seed5,FOG_NO_IDS,5,cloud,1625.000,0.000000
FOG_NO_IDS_seed5,FOG_NO_IDS,5,proxy,1625.000,0.000000
FOG_NO_IDS_seed5,FOG_NO_IDS,5,fog-1,1625.000,0.080000
FOG_NO_IDS_seed5,FOG_NO_IDS,5,fog-2,1625.000,0.080000
FOG_NO_IDS_seed5,FOG_NO_IDS,5,fog-3,1625.000,0.040000
FOG_NO_IDS_seed5,FOG_NO_IDS,5,cloud,1650.000,0.000000
FOG_NO_IDS_seed5,FOG_NO_IDS,5,proxy,1650.000,0.000000
FOG_NO_IDS_seed5,FOG_NO_IDS,5,fog-1,1650.000,0.000000
FOG_NO_IDS_seed5,FOG_NO_IDS,5,fog-2,1650.000,0.000000
FOG_NO_IDS_seed5,FOG_NO_IDS,5,fog-3,1650.000,0.000000
FOG_NO_IDS_seed5,FOG_NO_IDS,5,cloud,1675.000,0.000000
FOG_NO_IDS_seed5,FOG_NO_IDS,5,proxy,1675.000,0.000000
FOG_NO_IDS_seed5,FOG_NO_IDS,5,fog-1,1675.000,0.040000
FOG_NO_IDS_seed5,FOG_NO_IDS,5,fog-2,1675.000,0.040000
FOG_NO_IDS_seed5,FOG_NO_IDS,5,fog-3,1675.000,0.040000
FOG_NO_IDS_seed5,FOG_NO_IDS,5,cloud,1700.000,0.000000
FOG_NO_IDS_seed5,FOG_NO_IDS,5,proxy,1700.000,0.000000
FOG_NO_IDS_seed5,FOG_NO_IDS,5,fog-1,1700.000,0.000000
FOG_NO_IDS_seed5,FOG_NO_IDS,5,fog-2,1700.000,0.000000
FOG_NO_IDS_seed5,FOG_NO_IDS,5,fog-3,1700.000,0.000000
FOG_NO_IDS_seed5,FOG_NO_IDS,5,cloud,1725.000,0.000000
FOG_NO_IDS_seed5,FOG_NO_IDS,5,proxy,1725.000,0.000000
FOG_NO_IDS_seed5,FOG_NO_IDS,5,fog-1,1725.000,0.040000
FOG_NO_IDS_seed5,FOG_NO_IDS,5,fog-2,1725.000,0.040000
FOG_NO_IDS_seed5,FOG_NO_IDS,5,fog-3,1725.000,0.040000
FOG_NO_IDS_seed5,FOG_NO_IDS,5,cloud,1750.000,0.000000
FOG_NO_IDS_seed5,FOG_NO_IDS,5,proxy,1750.000,0.000000
FOG_NO_IDS_seed5,FOG_NO_IDS,5,fog-1,1750.000,0.000000
FOG_NO_IDS_seed5,FOG_NO_IDS,5,fog-2,1750.000,0.000000
FOG_NO_IDS_seed5,FOG_NO_IDS,5,fog-3,1750.000,0.000000
FOG_NO_IDS_seed5,FOG_NO_IDS,5,cloud,1775.000,0.000000
FOG_NO_IDS_seed5,FOG_NO_IDS,5,proxy,1775.000,0.000000
FOG_NO_IDS_seed5,FOG_NO_IDS,5,fog-1,1775.000,0.040000
FOG_NO_IDS_seed5,FOG_NO_IDS,5,fog-2,1775.000,0.040000
FOG_NO_IDS_seed5,FOG_NO_IDS,5,fog-3,1775.000,0.040000
FOG_NO_IDS_seed5,FOG_NO_IDS,5,cloud,1800.000,0.000000
FOG_NO_IDS_seed5,FOG_NO_IDS,5,proxy,1800.000,0.000000
FOG_NO_IDS_seed5,FOG_NO_IDS,5,fog-1,1800.000,0.040000
FOG_NO_IDS_seed5,FOG_NO_IDS,5,fog-2,1800.000,0.000000
FOG_NO_IDS_seed5,FOG_NO_IDS,5,fog-3,1800.000,0.040000
FOG_NO_IDS_seed5,FOG_NO_IDS,5,cloud,1825.000,0.000000
FOG_NO_IDS_seed5,FOG_NO_IDS,5,proxy,1825.000,0.000000
FOG_NO_IDS_seed5,FOG_NO_IDS,5,fog-1,1825.000,0.080000
FOG_NO_IDS_seed5,FOG_NO_IDS,5,fog-2,1825.000,0.040000
FOG_NO_IDS_seed5,FOG_NO_IDS,5,fog-3,1825.000,0.080000
FOG_NO_IDS_seed5,FOG_NO_IDS,5,cloud,1850.000,0.000000
FOG_NO_IDS_seed5,FOG_NO_IDS,5,proxy,1850.000,0.000000
FOG_NO_IDS_seed5,FOG_NO_IDS,5,fog-1,1850.000,0.000000
FOG_NO_IDS_seed5,FOG_NO_IDS,5,fog-2,1850.000,0.000000
FOG_NO_IDS_seed5,FOG_NO_IDS,5,fog-3,1850.000,0.000000
FOG_NO_IDS_seed5,FOG_NO_IDS,5,cloud,1875.000,0.000000
FOG_NO_IDS_seed5,FOG_NO_IDS,5,proxy,1875.000,0.000000
FOG_NO_IDS_seed5,FOG_NO_IDS,5,fog-1,1875.000,0.040000
FOG_NO_IDS_seed5,FOG_NO_IDS,5,fog-2,1875.000,0.040000
FOG_NO_IDS_seed5,FOG_NO_IDS,5,fog-3,1875.000,0.040000
FOG_NO_IDS_seed5,FOG_NO_IDS,5,cloud,1900.000,0.000000
FOG_NO_IDS_seed5,FOG_NO_IDS,5,proxy,1900.000,0.000000
FOG_NO_IDS_seed5,FOG_NO_IDS,5,fog-1,1900.000,0.000000
FOG_NO_IDS_seed5,FOG_NO_IDS,5,fog-2,1900.000,0.040000
FOG_NO_IDS_seed5,FOG_NO_IDS,5,fog-3,1900.000,0.040000
FOG_NO_IDS_seed5,FOG_NO_IDS,5,cloud,1925.000,0.000000
FOG_NO_IDS_seed5,FOG_NO_IDS,5,proxy,1925.000,0.000000
FOG_NO_IDS_seed5,FOG_NO_IDS,5,fog-1,1925.000,0.040000
FOG_NO_IDS_seed5,FOG_NO_IDS,5,fog-2,1925.000,0.080000
FOG_NO_IDS_seed5,FOG_NO_IDS,5,fog-3,1925.000,0.080000
FOG_NO_IDS_seed5,FOG_NO_IDS,5,cloud,1950.000,0.000000
FOG_NO_IDS_seed5,FOG_NO_IDS,5,proxy,1950.000,0.000000
FOG_NO_IDS_seed5,FOG_NO_IDS,5,fog-1,1950.000,0.000000
FOG_NO_IDS_seed5,FOG_NO_IDS,5,fog-2,1950.000,0.000000
FOG_NO_IDS_seed5,FOG_NO_IDS,5,fog-3,1950.000,0.000000
FOG_NO_IDS_seed5,FOG_NO_IDS,5,cloud,1975.000,0.000000
FOG_NO_IDS_seed5,FOG_NO_IDS,5,proxy,1975.000,0.000000
FOG_NO_IDS_seed5,FOG_NO_IDS,5,fog-1,1975.000,0.040000
FOG_NO_IDS_seed5,FOG_NO_IDS,5,fog-2,1975.000,0.040000
FOG_NO_IDS_seed5,FOG_NO_IDS,5,fog-3,1975.000,0.040000
FOG_NO_IDS_seed5,FOG_NO_IDS,5,cloud,2000.000,0.000000
FOG_NO_IDS_seed5,FOG_NO_IDS,5,proxy,2000.000,0.000000
FOG_NO_IDS_seed5,FOG_NO_IDS,5,fog-1,2000.000,0.000000
FOG_NO_IDS_seed5,FOG_NO_IDS,5,fog-2,2000.000,0.040000
FOG_NO_IDS_seed5,FOG_NO_IDS,5,fog-3,2000.000,0.040000
FOG_NO_IDS_seed5,FOG_NO_IDS,5,cloud,2025.000,0.000000
FOG_NO_IDS_seed5,FOG_NO_IDS,5,proxy,2025.000,0.000000
FOG_NO_IDS_seed5,FOG_NO_IDS,5,fog-1,2025.000,0.040000
FOG_NO_IDS_seed5,FOG_NO_IDS,5,fog-2,2025.000,0.080000
FOG_NO_IDS_seed5,FOG_NO_IDS,5,fog-3,2025.000,0.080000
FOG_NO_IDS_seed5,FOG_NO_IDS,5,cloud,2050.000,0.000000
FOG_NO_IDS_seed5,FOG_NO_IDS,5,proxy,2050.000,0.000000
FOG_NO_IDS_seed5,FOG_NO_IDS,5,fog-1,2050.000,0.000000
FOG_NO_IDS_seed5,FOG_NO_IDS,5,fog-2,2050.000,0.000000
FOG_NO_IDS_seed5,FOG_NO_IDS,5,fog-3,2050.000,0.000000
FOG_NO_IDS_seed5,FOG_NO_IDS,5,cloud,2075.000,0.000000
FOG_NO_IDS_seed5,FOG_NO_IDS,5,proxy,2075.000,0.000000
FOG_NO_IDS_seed5,FOG_NO_IDS,5,fog-1,2075.000,0.040000
FOG_NO_IDS_seed5,FOG_NO_IDS,5,fog-2,2075.000,0.040000
FOG_NO_IDS_seed5,FOG_NO_IDS,5,fog-3,2075.000,0.040000
FOG_NO_IDS_seed5,FOG_NO_IDS,5,cloud,2100.000,0.000000
FOG_NO_IDS_seed5,FOG_NO_IDS,5,proxy,2100.000,0.000000
FOG_NO_IDS_seed5,FOG_NO_IDS,5,fog-1,2100.000,0.040000
FOG_NO_IDS_seed5,FOG_NO_IDS,5,fog-2,2100.000,0.040000
FOG_NO_IDS_seed5,FOG_NO_IDS,5,fog-3,2100.000,0.000000
FOG_NO_IDS_seed5,FOG_NO_IDS,5,cloud,2125.000,0.000000
FOG_NO_IDS_seed5,FOG_NO_IDS,5,proxy,2125.000,0.000000
FOG_NO_IDS_seed5,FOG_NO_IDS,5,fog-1,2125.000,0.080000
FOG_NO_IDS_seed5,FOG_NO_IDS,5,fog-2,2125.000,0.080000
FOG_NO_IDS_seed5,FOG_NO_IDS,5,fog-3,2125.000,0.040000
FOG_NO_IDS_seed5,FOG_NO_IDS,5,cloud,2150.000,0.000000
FOG_NO_IDS_seed5,FOG_NO_IDS,5,proxy,2150.000,0.000000
FOG_NO_IDS_seed5,FOG_NO_IDS,5,fog-1,2150.000,0.000000
FOG_NO_IDS_seed5,FOG_NO_IDS,5,fog-2,2150.000,0.000000
FOG_NO_IDS_seed5,FOG_NO_IDS,5,fog-3,2150.000,0.000000
FOG_NO_IDS_seed5,FOG_NO_IDS,5,cloud,2175.000,0.000000
FOG_NO_IDS_seed5,FOG_NO_IDS,5,proxy,2175.000,0.000000
FOG_NO_IDS_seed5,FOG_NO_IDS,5,fog-1,2175.000,0.040000
FOG_NO_IDS_seed5,FOG_NO_IDS,5,fog-2,2175.000,0.040000
FOG_NO_IDS_seed5,FOG_NO_IDS,5,fog-3,2175.000,0.040000
FOG_NO_IDS_seed5,FOG_NO_IDS,5,cloud,2200.000,0.000000
FOG_NO_IDS_seed5,FOG_NO_IDS,5,proxy,2200.000,0.000000
FOG_NO_IDS_seed5,FOG_NO_IDS,5,fog-1,2200.000,0.000000
FOG_NO_IDS_seed5,FOG_NO_IDS,5,fog-2,2200.000,0.000000
FOG_NO_IDS_seed5,FOG_NO_IDS,5,fog-3,2200.000,0.000000
FOG_NO_IDS_seed5,FOG_NO_IDS,5,cloud,2225.000,0.000000
FOG_NO_IDS_seed5,FOG_NO_IDS,5,proxy,2225.000,0.000000
FOG_NO_IDS_seed5,FOG_NO_IDS,5,fog-1,2225.000,0.040000
FOG_NO_IDS_seed5,FOG_NO_IDS,5,fog-2,2225.000,0.040000
FOG_NO_IDS_seed5,FOG_NO_IDS,5,fog-3,2225.000,0.040000
FOG_NO_IDS_seed5,FOG_NO_IDS,5,cloud,2250.000,0.000000
FOG_NO_IDS_seed5,FOG_NO_IDS,5,proxy,2250.000,0.000000
FOG_NO_IDS_seed5,FOG_NO_IDS,5,fog-1,2250.000,0.000000
FOG_NO_IDS_seed5,FOG_NO_IDS,5,fog-2,2250.000,0.000000
FOG_NO_IDS_seed5,FOG_NO_IDS,5,fog-3,2250.000,0.000000
FOG_NO_IDS_seed5,FOG_NO_IDS,5,cloud,2275.000,0.000000
FOG_NO_IDS_seed5,FOG_NO_IDS,5,proxy,2275.000,0.000000
FOG_NO_IDS_seed5,FOG_NO_IDS,5,fog-1,2275.000,0.040000
FOG_NO_IDS_seed5,FOG_NO_IDS,5,fog-2,2275.000,0.040000
FOG_NO_IDS_seed5,FOG_NO_IDS,5,fog-3,2275.000,0.040000
FOG_NO_IDS_seed5,FOG_NO_IDS,5,cloud,2300.000,0.000000
FOG_NO_IDS_seed5,FOG_NO_IDS,5,proxy,2300.000,0.000000
FOG_NO_IDS_seed5,FOG_NO_IDS,5,fog-1,2300.000,0.040000
FOG_NO_IDS_seed5,FOG_NO_IDS,5,fog-2,2300.000,0.040000
FOG_NO_IDS_seed5,FOG_NO_IDS,5,fog-3,2300.000,0.040000
FOG_NO_IDS_seed5,FOG_NO_IDS,5,cloud,2325.000,0.000000
FOG_NO_IDS_seed5,FOG_NO_IDS,5,proxy,2325.000,0.000000
FOG_NO_IDS_seed5,FOG_NO_IDS,5,fog-1,2325.000,0.080000
FOG_NO_IDS_seed5,FOG_NO_IDS,5,fog-2,2325.000,0.080000
FOG_NO_IDS_seed5,FOG_NO_IDS,5,fog-3,2325.000,0.080000
FOG_NO_IDS_seed5,FOG_NO_IDS,5,cloud,2350.000,0.000000
FOG_NO_IDS_seed5,FOG_NO_IDS,5,proxy,2350.000,0.000000
FOG_NO_IDS_seed5,FOG_NO_IDS,5,fog-1,2350.000,0.000000
FOG_NO_IDS_seed5,FOG_NO_IDS,5,fog-2,2350.000,0.000000
FOG_NO_IDS_seed5,FOG_NO_IDS,5,fog-3,2350.000,0.000000
FOG_NO_IDS_seed5,FOG_NO_IDS,5,cloud,2375.000,0.000000
FOG_NO_IDS_seed5,FOG_NO_IDS,5,proxy,2375.000,0.000000
FOG_NO_IDS_seed5,FOG_NO_IDS,5,fog-1,2375.000,0.040000
FOG_NO_IDS_seed5,FOG_NO_IDS,5,fog-2,2375.000,0.040000
FOG_NO_IDS_seed5,FOG_NO_IDS,5,fog-3,2375.000,0.040000
FOG_NO_IDS_seed5,FOG_NO_IDS,5,cloud,2400.000,0.000000
FOG_NO_IDS_seed5,FOG_NO_IDS,5,proxy,2400.000,0.000000
FOG_NO_IDS_seed5,FOG_NO_IDS,5,fog-1,2400.000,0.000000
FOG_NO_IDS_seed5,FOG_NO_IDS,5,fog-2,2400.000,0.040000
FOG_NO_IDS_seed5,FOG_NO_IDS,5,fog-3,2400.000,0.000000
FOG_NO_IDS_seed5,FOG_NO_IDS,5,cloud,2425.000,0.000000
FOG_NO_IDS_seed5,FOG_NO_IDS,5,proxy,2425.000,0.000000
FOG_NO_IDS_seed5,FOG_NO_IDS,5,fog-1,2425.000,0.040000
FOG_NO_IDS_seed5,FOG_NO_IDS,5,fog-2,2425.000,0.080000
FOG_NO_IDS_seed5,FOG_NO_IDS,5,fog-3,2425.000,0.040000
FOG_NO_IDS_seed5,FOG_NO_IDS,5,cloud,2450.000,0.000000
FOG_NO_IDS_seed5,FOG_NO_IDS,5,proxy,2450.000,0.000000
FOG_NO_IDS_seed5,FOG_NO_IDS,5,fog-1,2450.000,0.000000
FOG_NO_IDS_seed5,FOG_NO_IDS,5,fog-2,2450.000,0.000000
FOG_NO_IDS_seed5,FOG_NO_IDS,5,fog-3,2450.000,0.000000
FOG_NO_IDS_seed5,FOG_NO_IDS,5,cloud,2475.000,0.000000
FOG_NO_IDS_seed5,FOG_NO_IDS,5,proxy,2475.000,0.000000
FOG_NO_IDS_seed5,FOG_NO_IDS,5,fog-1,2475.000,0.040000
FOG_NO_IDS_seed5,FOG_NO_IDS,5,fog-2,2475.000,0.040000
FOG_NO_IDS_seed5,FOG_NO_IDS,5,fog-3,2475.000,0.040000
FOG_NO_IDS_seed5,FOG_NO_IDS,5,cloud,2500.000,0.000000
FOG_NO_IDS_seed5,FOG_NO_IDS,5,proxy,2500.000,0.000000
FOG_NO_IDS_seed5,FOG_NO_IDS,5,fog-1,2500.000,0.040000
FOG_NO_IDS_seed5,FOG_NO_IDS,5,fog-2,2500.000,0.040000
FOG_NO_IDS_seed5,FOG_NO_IDS,5,fog-3,2500.000,0.000000
FOG_NO_IDS_seed5,FOG_NO_IDS,5,cloud,2525.000,0.000000
FOG_NO_IDS_seed5,FOG_NO_IDS,5,proxy,2525.000,0.000000
FOG_NO_IDS_seed5,FOG_NO_IDS,5,fog-1,2525.000,0.080000
FOG_NO_IDS_seed5,FOG_NO_IDS,5,fog-2,2525.000,0.080000
FOG_NO_IDS_seed5,FOG_NO_IDS,5,fog-3,2525.000,0.040000
FOG_NO_IDS_seed5,FOG_NO_IDS,5,cloud,2550.000,0.000000
FOG_NO_IDS_seed5,FOG_NO_IDS,5,proxy,2550.000,0.000000
FOG_NO_IDS_seed5,FOG_NO_IDS,5,fog-1,2550.000,0.000000
FOG_NO_IDS_seed5,FOG_NO_IDS,5,fog-2,2550.000,0.000000
FOG_NO_IDS_seed5,FOG_NO_IDS,5,fog-3,2550.000,0.000000
FOG_NO_IDS_seed5,FOG_NO_IDS,5,cloud,2575.000,0.000000
FOG_NO_IDS_seed5,FOG_NO_IDS,5,proxy,2575.000,0.000000
FOG_NO_IDS_seed5,FOG_NO_IDS,5,fog-1,2575.000,0.040000
FOG_NO_IDS_seed5,FOG_NO_IDS,5,fog-2,2575.000,0.040000
FOG_NO_IDS_seed5,FOG_NO_IDS,5,fog-3,2575.000,0.040000
FOG_NO_IDS_seed5,FOG_NO_IDS,5,cloud,2600.000,0.000000
FOG_NO_IDS_seed5,FOG_NO_IDS,5,proxy,2600.000,0.000000
FOG_NO_IDS_seed5,FOG_NO_IDS,5,fog-1,2600.000,0.040000
FOG_NO_IDS_seed5,FOG_NO_IDS,5,fog-2,2600.000,0.040000
FOG_NO_IDS_seed5,FOG_NO_IDS,5,fog-3,2600.000,0.040000
FOG_NO_IDS_seed5,FOG_NO_IDS,5,cloud,2625.000,0.000000
FOG_NO_IDS_seed5,FOG_NO_IDS,5,proxy,2625.000,0.000000
FOG_NO_IDS_seed5,FOG_NO_IDS,5,fog-1,2625.000,0.080000
FOG_NO_IDS_seed5,FOG_NO_IDS,5,fog-2,2625.000,0.080000
FOG_NO_IDS_seed5,FOG_NO_IDS,5,fog-3,2625.000,0.080000
FOG_NO_IDS_seed5,FOG_NO_IDS,5,cloud,2650.000,0.000000
FOG_NO_IDS_seed5,FOG_NO_IDS,5,proxy,2650.000,0.000000
FOG_NO_IDS_seed5,FOG_NO_IDS,5,fog-1,2650.000,0.000000
FOG_NO_IDS_seed5,FOG_NO_IDS,5,fog-2,2650.000,0.000000
FOG_NO_IDS_seed5,FOG_NO_IDS,5,fog-3,2650.000,0.000000
FOG_NO_IDS_seed5,FOG_NO_IDS,5,cloud,2675.000,0.000000
FOG_NO_IDS_seed5,FOG_NO_IDS,5,proxy,2675.000,0.000000
FOG_NO_IDS_seed5,FOG_NO_IDS,5,fog-1,2675.000,0.040000
FOG_NO_IDS_seed5,FOG_NO_IDS,5,fog-2,2675.000,0.040000
FOG_NO_IDS_seed5,FOG_NO_IDS,5,fog-3,2675.000,0.040000
FOG_NO_IDS_seed5,FOG_NO_IDS,5,cloud,2700.000,0.000000
FOG_NO_IDS_seed5,FOG_NO_IDS,5,proxy,2700.000,0.000000
FOG_NO_IDS_seed5,FOG_NO_IDS,5,fog-1,2700.000,0.000000
FOG_NO_IDS_seed5,FOG_NO_IDS,5,fog-2,2700.000,0.040000
FOG_NO_IDS_seed5,FOG_NO_IDS,5,fog-3,2700.000,0.000000
FOG_NO_IDS_seed5,FOG_NO_IDS,5,cloud,2725.000,0.000000
FOG_NO_IDS_seed5,FOG_NO_IDS,5,proxy,2725.000,0.000000
FOG_NO_IDS_seed5,FOG_NO_IDS,5,fog-1,2725.000,0.040000
FOG_NO_IDS_seed5,FOG_NO_IDS,5,fog-2,2725.000,0.080000
FOG_NO_IDS_seed5,FOG_NO_IDS,5,fog-3,2725.000,0.040000
FOG_NO_IDS_seed5,FOG_NO_IDS,5,cloud,2750.000,0.000000
FOG_NO_IDS_seed5,FOG_NO_IDS,5,proxy,2750.000,0.000000
FOG_NO_IDS_seed5,FOG_NO_IDS,5,fog-1,2750.000,0.000000
FOG_NO_IDS_seed5,FOG_NO_IDS,5,fog-2,2750.000,0.000000
FOG_NO_IDS_seed5,FOG_NO_IDS,5,fog-3,2750.000,0.000000
FOG_NO_IDS_seed5,FOG_NO_IDS,5,cloud,2775.000,0.000000
FOG_NO_IDS_seed5,FOG_NO_IDS,5,proxy,2775.000,0.000000
FOG_NO_IDS_seed5,FOG_NO_IDS,5,fog-1,2775.000,0.040000
FOG_NO_IDS_seed5,FOG_NO_IDS,5,fog-2,2775.000,0.040000
FOG_NO_IDS_seed5,FOG_NO_IDS,5,fog-3,2775.000,0.040000
FOG_NO_IDS_seed5,FOG_NO_IDS,5,cloud,2800.000,0.000000
FOG_NO_IDS_seed5,FOG_NO_IDS,5,proxy,2800.000,0.000000
FOG_NO_IDS_seed5,FOG_NO_IDS,5,fog-1,2800.000,0.000000
FOG_NO_IDS_seed5,FOG_NO_IDS,5,fog-2,2800.000,0.040000
FOG_NO_IDS_seed5,FOG_NO_IDS,5,fog-3,2800.000,0.000000
FOG_NO_IDS_seed5,FOG_NO_IDS,5,cloud,2825.000,0.000000
FOG_NO_IDS_seed5,FOG_NO_IDS,5,proxy,2825.000,0.000000
FOG_NO_IDS_seed5,FOG_NO_IDS,5,fog-1,2825.000,0.040000
FOG_NO_IDS_seed5,FOG_NO_IDS,5,fog-2,2825.000,0.080000
FOG_NO_IDS_seed5,FOG_NO_IDS,5,fog-3,2825.000,0.040000
FOG_NO_IDS_seed5,FOG_NO_IDS,5,cloud,2850.000,0.000000
FOG_NO_IDS_seed5,FOG_NO_IDS,5,proxy,2850.000,0.000000
FOG_NO_IDS_seed5,FOG_NO_IDS,5,fog-1,2850.000,0.000000
FOG_NO_IDS_seed5,FOG_NO_IDS,5,fog-2,2850.000,0.000000
FOG_NO_IDS_seed5,FOG_NO_IDS,5,fog-3,2850.000,0.000000
FOG_NO_IDS_seed5,FOG_NO_IDS,5,cloud,2875.000,0.000000
FOG_NO_IDS_seed5,FOG_NO_IDS,5,proxy,2875.000,0.000000
FOG_NO_IDS_seed5,FOG_NO_IDS,5,fog-1,2875.000,0.040000
FOG_NO_IDS_seed5,FOG_NO_IDS,5,fog-2,2875.000,0.040000
FOG_NO_IDS_seed5,FOG_NO_IDS,5,fog-3,2875.000,0.040000
FOG_NO_IDS_seed5,FOG_NO_IDS,5,cloud,2900.000,0.000000
FOG_NO_IDS_seed5,FOG_NO_IDS,5,proxy,2900.000,0.000000
FOG_NO_IDS_seed5,FOG_NO_IDS,5,fog-1,2900.000,0.040000
FOG_NO_IDS_seed5,FOG_NO_IDS,5,fog-2,2900.000,0.040000
FOG_NO_IDS_seed5,FOG_NO_IDS,5,fog-3,2900.000,0.000000
FOG_NO_IDS_seed5,FOG_NO_IDS,5,cloud,2925.000,0.000000
FOG_NO_IDS_seed5,FOG_NO_IDS,5,proxy,2925.000,0.000000
FOG_NO_IDS_seed5,FOG_NO_IDS,5,fog-1,2925.000,0.080000
FOG_NO_IDS_seed5,FOG_NO_IDS,5,fog-2,2925.000,0.080000
FOG_NO_IDS_seed5,FOG_NO_IDS,5,fog-3,2925.000,0.040000
FOG_NO_IDS_seed5,FOG_NO_IDS,5,cloud,2950.000,0.000000
FOG_NO_IDS_seed5,FOG_NO_IDS,5,proxy,2950.000,0.000000
FOG_NO_IDS_seed5,FOG_NO_IDS,5,fog-1,2950.000,0.000000
FOG_NO_IDS_seed5,FOG_NO_IDS,5,fog-2,2950.000,0.000000
FOG_NO_IDS_seed5,FOG_NO_IDS,5,fog-3,2950.000,0.000000
FOG_NO_IDS_seed5,FOG_NO_IDS,5,cloud,2975.000,0.000000
FOG_NO_IDS_seed5,FOG_NO_IDS,5,proxy,2975.000,0.000000
FOG_NO_IDS_seed5,FOG_NO_IDS,5,fog-1,2975.000,0.040000
FOG_NO_IDS_seed5,FOG_NO_IDS,5,fog-2,2975.000,0.040000
FOG_NO_IDS_seed5,FOG_NO_IDS,5,fog-3,2975.000,0.040000
FOG_NO_IDS_seed5,FOG_NO_IDS,5,cloud,3000.000,0.000000
FOG_NO_IDS_seed5,FOG_NO_IDS,5,proxy,3000.000,0.000000
FOG_NO_IDS_seed5,FOG_NO_IDS,5,fog-1,3000.000,0.040000
FOG_NO_IDS_seed5,FOG_NO_IDS,5,fog-2,3000.000,0.040000
FOG_NO_IDS_seed5,FOG_NO_IDS,5,fog-3,3000.000,0.040000
FOG_NO_IDS_seed5,FOG_NO_IDS,5,cloud,3025.000,0.000000
FOG_NO_IDS_seed5,FOG_NO_IDS,5,proxy,3025.000,0.000000
FOG_NO_IDS_seed5,FOG_NO_IDS,5,fog-1,3025.000,0.080000
FOG_NO_IDS_seed5,FOG_NO_IDS,5,fog-2,3025.000,0.080000
FOG_NO_IDS_seed5,FOG_NO_IDS,5,fog-3,3025.000,0.080000
FOG_NO_IDS_seed5,FOG_NO_IDS,5,cloud,3050.000,0.000000
FOG_NO_IDS_seed5,FOG_NO_IDS,5,proxy,3050.000,0.000000
FOG_NO_IDS_seed5,FOG_NO_IDS,5,fog-1,3050.000,0.000000
FOG_NO_IDS_seed5,FOG_NO_IDS,5,fog-2,3050.000,0.000000
FOG_NO_IDS_seed5,FOG_NO_IDS,5,fog-3,3050.000,0.000000
FOG_NO_IDS_seed5,FOG_NO_IDS,5,cloud,3075.000,0.000000
FOG_NO_IDS_seed5,FOG_NO_IDS,5,proxy,3075.000,0.000000
FOG_NO_IDS_seed5,FOG_NO_IDS,5,fog-1,3075.000,0.040000
FOG_NO_IDS_seed5,FOG_NO_IDS,5,fog-2,3075.000,0.040000
FOG_NO_IDS_seed5,FOG_NO_IDS,5,fog-3,3075.000,0.040000
FOG_NO_IDS_seed5,FOG_NO_IDS,5,cloud,3100.000,0.000000
FOG_NO_IDS_seed5,FOG_NO_IDS,5,proxy,3100.000,0.000000
FOG_NO_IDS_seed5,FOG_NO_IDS,5,fog-1,3100.000,0.000000
FOG_NO_IDS_seed5,FOG_NO_IDS,5,fog-2,3100.000,0.040000
FOG_NO_IDS_seed5,FOG_NO_IDS,5,fog-3,3100.000,0.040000
FOG_NO_IDS_seed5,FOG_NO_IDS,5,cloud,3125.000,0.000000
FOG_NO_IDS_seed5,FOG_NO_IDS,5,proxy,3125.000,0.000000
FOG_NO_IDS_seed5,FOG_NO_IDS,5,fog-1,3125.000,0.040000
FOG_NO_IDS_seed5,FOG_NO_IDS,5,fog-2,3125.000,0.080000
FOG_NO_IDS_seed5,FOG_NO_IDS,5,fog-3,3125.000,0.080000
FOG_NO_IDS_seed5,FOG_NO_IDS,5,cloud,3150.000,0.000000
FOG_NO_IDS_seed5,FOG_NO_IDS,5,proxy,3150.000,0.000000
FOG_NO_IDS_seed5,FOG_NO_IDS,5,fog-1,3150.000,0.000000
FOG_NO_IDS_seed5,FOG_NO_IDS,5,fog-2,3150.000,0.000000
FOG_NO_IDS_seed5,FOG_NO_IDS,5,fog-3,3150.000,0.000000
FOG_NO_IDS_seed5,FOG_NO_IDS,5,cloud,3175.000,0.000000
FOG_NO_IDS_seed5,FOG_NO_IDS,5,proxy,3175.000,0.000000
FOG_NO_IDS_seed5,FOG_NO_IDS,5,fog-1,3175.000,0.040000
FOG_NO_IDS_seed5,FOG_NO_IDS,5,fog-2,3175.000,0.040000
FOG_NO_IDS_seed5,FOG_NO_IDS,5,fog-3,3175.000,0.040000
FOG_NO_IDS_seed5,FOG_NO_IDS,5,cloud,3200.000,0.000000
FOG_NO_IDS_seed5,FOG_NO_IDS,5,proxy,3200.000,0.000000
FOG_NO_IDS_seed5,FOG_NO_IDS,5,fog-1,3200.000,0.040000
FOG_NO_IDS_seed5,FOG_NO_IDS,5,fog-2,3200.000,0.040000
FOG_NO_IDS_seed5,FOG_NO_IDS,5,fog-3,3200.000,0.040000
FOG_NO_IDS_seed5,FOG_NO_IDS,5,cloud,3225.000,0.000000
FOG_NO_IDS_seed5,FOG_NO_IDS,5,proxy,3225.000,0.000000
FOG_NO_IDS_seed5,FOG_NO_IDS,5,fog-1,3225.000,0.080000
FOG_NO_IDS_seed5,FOG_NO_IDS,5,fog-2,3225.000,0.080000
FOG_NO_IDS_seed5,FOG_NO_IDS,5,fog-3,3225.000,0.080000
FOG_NO_IDS_seed5,FOG_NO_IDS,5,cloud,3250.000,0.000000
FOG_NO_IDS_seed5,FOG_NO_IDS,5,proxy,3250.000,0.000000
FOG_NO_IDS_seed5,FOG_NO_IDS,5,fog-1,3250.000,0.000000
FOG_NO_IDS_seed5,FOG_NO_IDS,5,fog-2,3250.000,0.000000
FOG_NO_IDS_seed5,FOG_NO_IDS,5,fog-3,3250.000,0.000000
FOG_NO_IDS_seed5,FOG_NO_IDS,5,cloud,3275.000,0.000000
FOG_NO_IDS_seed5,FOG_NO_IDS,5,proxy,3275.000,0.000000
FOG_NO_IDS_seed5,FOG_NO_IDS,5,fog-1,3275.000,0.040000
FOG_NO_IDS_seed5,FOG_NO_IDS,5,fog-2,3275.000,0.040000
FOG_NO_IDS_seed5,FOG_NO_IDS,5,fog-3,3275.000,0.040000
FOG_NO_IDS_seed5,FOG_NO_IDS,5,cloud,3300.000,0.000000
FOG_NO_IDS_seed5,FOG_NO_IDS,5,proxy,3300.000,0.000000
FOG_NO_IDS_seed5,FOG_NO_IDS,5,fog-1,3300.000,0.000000
FOG_NO_IDS_seed5,FOG_NO_IDS,5,fog-2,3300.000,0.040000
FOG_NO_IDS_seed5,FOG_NO_IDS,5,fog-3,3300.000,0.040000
FOG_NO_IDS_seed5,FOG_NO_IDS,5,cloud,3325.000,0.000000
FOG_NO_IDS_seed5,FOG_NO_IDS,5,proxy,3325.000,0.000000
FOG_NO_IDS_seed5,FOG_NO_IDS,5,fog-1,3325.000,0.040000
FOG_NO_IDS_seed5,FOG_NO_IDS,5,fog-2,3325.000,0.080000
FOG_NO_IDS_seed5,FOG_NO_IDS,5,fog-3,3325.000,0.080000
FOG_NO_IDS_seed5,FOG_NO_IDS,5,cloud,3350.000,0.000000
FOG_NO_IDS_seed5,FOG_NO_IDS,5,proxy,3350.000,0.000000
FOG_NO_IDS_seed5,FOG_NO_IDS,5,fog-1,3350.000,0.000000
FOG_NO_IDS_seed5,FOG_NO_IDS,5,fog-2,3350.000,0.000000
FOG_NO_IDS_seed5,FOG_NO_IDS,5,fog-3,3350.000,0.000000
FOG_NO_IDS_seed5,FOG_NO_IDS,5,cloud,3375.000,0.000000
FOG_NO_IDS_seed5,FOG_NO_IDS,5,proxy,3375.000,0.000000
FOG_NO_IDS_seed5,FOG_NO_IDS,5,fog-1,3375.000,0.040000
FOG_NO_IDS_seed5,FOG_NO_IDS,5,fog-2,3375.000,0.040000
FOG_NO_IDS_seed5,FOG_NO_IDS,5,fog-3,3375.000,0.040000
FOG_NO_IDS_seed5,FOG_NO_IDS,5,cloud,3400.000,0.000000
FOG_NO_IDS_seed5,FOG_NO_IDS,5,proxy,3400.000,0.000000
FOG_NO_IDS_seed5,FOG_NO_IDS,5,fog-1,3400.000,0.000000
FOG_NO_IDS_seed5,FOG_NO_IDS,5,fog-2,3400.000,0.040000
FOG_NO_IDS_seed5,FOG_NO_IDS,5,fog-3,3400.000,0.040000
FOG_NO_IDS_seed5,FOG_NO_IDS,5,cloud,3425.000,0.000000
FOG_NO_IDS_seed5,FOG_NO_IDS,5,proxy,3425.000,0.000000
FOG_NO_IDS_seed5,FOG_NO_IDS,5,fog-1,3425.000,0.040000
FOG_NO_IDS_seed5,FOG_NO_IDS,5,fog-2,3425.000,0.080000
FOG_NO_IDS_seed5,FOG_NO_IDS,5,fog-3,3425.000,0.080000
FOG_NO_IDS_seed5,FOG_NO_IDS,5,cloud,3450.000,0.000000
FOG_NO_IDS_seed5,FOG_NO_IDS,5,proxy,3450.000,0.000000
FOG_NO_IDS_seed5,FOG_NO_IDS,5,fog-1,3450.000,0.000000
FOG_NO_IDS_seed5,FOG_NO_IDS,5,fog-2,3450.000,0.000000
FOG_NO_IDS_seed5,FOG_NO_IDS,5,fog-3,3450.000,0.000000
FOG_NO_IDS_seed5,FOG_NO_IDS,5,cloud,3475.000,0.000000
FOG_NO_IDS_seed5,FOG_NO_IDS,5,proxy,3475.000,0.000000
FOG_NO_IDS_seed5,FOG_NO_IDS,5,fog-1,3475.000,0.040000
FOG_NO_IDS_seed5,FOG_NO_IDS,5,fog-2,3475.000,0.040000
FOG_NO_IDS_seed5,FOG_NO_IDS,5,fog-3,3475.000,0.040000
FOG_NO_IDS_seed5,FOG_NO_IDS,5,cloud,3500.000,0.000000
FOG_NO_IDS_seed5,FOG_NO_IDS,5,proxy,3500.000,0.000000
FOG_NO_IDS_seed5,FOG_NO_IDS,5,fog-1,3500.000,0.000000
FOG_NO_IDS_seed5,FOG_NO_IDS,5,fog-2,3500.000,0.000000
FOG_NO_IDS_seed5,FOG_NO_IDS,5,fog-3,3500.000,0.000000
FOG_NO_IDS_seed5,FOG_NO_IDS,5,cloud,3525.000,0.000000
FOG_NO_IDS_seed5,FOG_NO_IDS,5,proxy,3525.000,0.000000
FOG_NO_IDS_seed5,FOG_NO_IDS,5,fog-1,3525.000,0.040000
FOG_NO_IDS_seed5,FOG_NO_IDS,5,fog-2,3525.000,0.040000
FOG_NO_IDS_seed5,FOG_NO_IDS,5,fog-3,3525.000,0.040000
FOG_NO_IDS_seed5,FOG_NO_IDS,5,cloud,3550.000,0.000000
FOG_NO_IDS_seed5,FOG_NO_IDS,5,proxy,3550.000,0.000000
FOG_NO_IDS_seed5,FOG_NO_IDS,5,fog-1,3550.000,0.000000
FOG_NO_IDS_seed5,FOG_NO_IDS,5,fog-2,3550.000,0.000000
FOG_NO_IDS_seed5,FOG_NO_IDS,5,fog-3,3550.000,0.000000
FOG_NO_IDS_seed5,FOG_NO_IDS,5,cloud,3575.000,0.000000
FOG_NO_IDS_seed5,FOG_NO_IDS,5,proxy,3575.000,0.000000
FOG_NO_IDS_seed5,FOG_NO_IDS,5,fog-1,3575.000,0.040000
FOG_NO_IDS_seed5,FOG_NO_IDS,5,fog-2,3575.000,0.040000
FOG_NO_IDS_seed5,FOG_NO_IDS,5,fog-3,3575.000,0.040000
FOG_NO_IDS_seed5,FOG_NO_IDS,5,cloud,3600.000,0.000000
FOG_NO_IDS_seed5,FOG_NO_IDS,5,proxy,3600.000,0.000000
FOG_NO_IDS_seed5,FOG_NO_IDS,5,fog-1,3600.000,0.040000
FOG_NO_IDS_seed5,FOG_NO_IDS,5,fog-2,3600.000,0.040000
FOG_NO_IDS_seed5,FOG_NO_IDS,5,fog-3,3600.000,0.000000
FOG_NO_IDS_seed5,FOG_NO_IDS,5,cloud,3625.000,0.000000
FOG_NO_IDS_seed5,FOG_NO_IDS,5,proxy,3625.000,0.000000
FOG_NO_IDS_seed5,FOG_NO_IDS,5,fog-1,3625.000,0.080000
FOG_NO_IDS_seed5,FOG_NO_IDS,5,fog-2,3625.000,0.080000
FOG_NO_IDS_seed5,FOG_NO_IDS,5,fog-3,3625.000,0.040000
FOG_NO_IDS_seed5,FOG_NO_IDS,5,cloud,3650.000,0.000000
FOG_NO_IDS_seed5,FOG_NO_IDS,5,proxy,3650.000,0.000000
FOG_NO_IDS_seed5,FOG_NO_IDS,5,fog-1,3650.000,0.000000
FOG_NO_IDS_seed5,FOG_NO_IDS,5,fog-2,3650.000,0.000000
FOG_NO_IDS_seed5,FOG_NO_IDS,5,fog-3,3650.000,0.000000
FOG_NO_IDS_seed5,FOG_NO_IDS,5,cloud,3675.000,0.000000
FOG_NO_IDS_seed5,FOG_NO_IDS,5,proxy,3675.000,0.000000
FOG_NO_IDS_seed5,FOG_NO_IDS,5,fog-1,3675.000,0.040000
FOG_NO_IDS_seed5,FOG_NO_IDS,5,fog-2,3675.000,0.040000
FOG_NO_IDS_seed5,FOG_NO_IDS,5,fog-3,3675.000,0.040000
FOG_NO_IDS_seed5,FOG_NO_IDS,5,cloud,3700.000,0.000000
FOG_NO_IDS_seed5,FOG_NO_IDS,5,proxy,3700.000,0.000000
FOG_NO_IDS_seed5,FOG_NO_IDS,5,fog-1,3700.000,0.000000
FOG_NO_IDS_seed5,FOG_NO_IDS,5,fog-2,3700.000,0.040000
FOG_NO_IDS_seed5,FOG_NO_IDS,5,fog-3,3700.000,0.000000
FOG_NO_IDS_seed5,FOG_NO_IDS,5,cloud,3725.000,0.000000
FOG_NO_IDS_seed5,FOG_NO_IDS,5,proxy,3725.000,0.000000
FOG_NO_IDS_seed5,FOG_NO_IDS,5,fog-1,3725.000,0.040000
FOG_NO_IDS_seed5,FOG_NO_IDS,5,fog-2,3725.000,0.080000
FOG_NO_IDS_seed5,FOG_NO_IDS,5,fog-3,3725.000,0.040000
FOG_NO_IDS_seed5,FOG_NO_IDS,5,cloud,3750.000,0.000000
FOG_NO_IDS_seed5,FOG_NO_IDS,5,proxy,3750.000,0.000000
FOG_NO_IDS_seed5,FOG_NO_IDS,5,fog-1,3750.000,0.000000
FOG_NO_IDS_seed5,FOG_NO_IDS,5,fog-2,3750.000,0.000000
FOG_NO_IDS_seed5,FOG_NO_IDS,5,fog-3,3750.000,0.000000
FOG_NO_IDS_seed5,FOG_NO_IDS,5,cloud,3775.000,0.000000
FOG_NO_IDS_seed5,FOG_NO_IDS,5,proxy,3775.000,0.000000
FOG_NO_IDS_seed5,FOG_NO_IDS,5,fog-1,3775.000,0.040000
FOG_NO_IDS_seed5,FOG_NO_IDS,5,fog-2,3775.000,0.040000
FOG_NO_IDS_seed5,FOG_NO_IDS,5,fog-3,3775.000,0.040000
FOG_NO_IDS_seed5,FOG_NO_IDS,5,cloud,3800.000,0.000000
FOG_NO_IDS_seed5,FOG_NO_IDS,5,proxy,3800.000,0.000000
FOG_NO_IDS_seed5,FOG_NO_IDS,5,fog-1,3800.000,0.000000
FOG_NO_IDS_seed5,FOG_NO_IDS,5,fog-2,3800.000,0.000000
FOG_NO_IDS_seed5,FOG_NO_IDS,5,fog-3,3800.000,0.040000
FOG_NO_IDS_seed5,FOG_NO_IDS,5,cloud,3825.000,0.000000
FOG_NO_IDS_seed5,FOG_NO_IDS,5,proxy,3825.000,0.000000
FOG_NO_IDS_seed5,FOG_NO_IDS,5,fog-1,3825.000,0.040000
FOG_NO_IDS_seed5,FOG_NO_IDS,5,fog-2,3825.000,0.040000
FOG_NO_IDS_seed5,FOG_NO_IDS,5,fog-3,3825.000,0.080000
FOG_NO_IDS_seed5,FOG_NO_IDS,5,cloud,3850.000,0.000000
FOG_NO_IDS_seed5,FOG_NO_IDS,5,proxy,3850.000,0.000000
FOG_NO_IDS_seed5,FOG_NO_IDS,5,fog-1,3850.000,0.000000
FOG_NO_IDS_seed5,FOG_NO_IDS,5,fog-2,3850.000,0.000000
FOG_NO_IDS_seed5,FOG_NO_IDS,5,fog-3,3850.000,0.000000
FOG_NO_IDS_seed5,FOG_NO_IDS,5,cloud,3875.000,0.000000
FOG_NO_IDS_seed5,FOG_NO_IDS,5,proxy,3875.000,0.000000
FOG_NO_IDS_seed5,FOG_NO_IDS,5,fog-1,3875.000,0.040000
FOG_NO_IDS_seed5,FOG_NO_IDS,5,fog-2,3875.000,0.040000
FOG_NO_IDS_seed5,FOG_NO_IDS,5,fog-3,3875.000,0.040000
FOG_NO_IDS_seed5,FOG_NO_IDS,5,cloud,3900.000,0.000000
FOG_NO_IDS_seed5,FOG_NO_IDS,5,proxy,3900.000,0.000000
FOG_NO_IDS_seed5,FOG_NO_IDS,5,fog-1,3900.000,0.000000
FOG_NO_IDS_seed5,FOG_NO_IDS,5,fog-2,3900.000,0.040000
FOG_NO_IDS_seed5,FOG_NO_IDS,5,fog-3,3900.000,0.000000
FOG_NO_IDS_seed5,FOG_NO_IDS,5,cloud,3925.000,0.000000
FOG_NO_IDS_seed5,FOG_NO_IDS,5,proxy,3925.000,0.000000
FOG_NO_IDS_seed5,FOG_NO_IDS,5,fog-1,3925.000,0.040000
FOG_NO_IDS_seed5,FOG_NO_IDS,5,fog-2,3925.000,0.080000
FOG_NO_IDS_seed5,FOG_NO_IDS,5,fog-3,3925.000,0.040000
FOG_NO_IDS_seed5,FOG_NO_IDS,5,cloud,3950.000,0.000000
FOG_NO_IDS_seed5,FOG_NO_IDS,5,proxy,3950.000,0.000000
FOG_NO_IDS_seed5,FOG_NO_IDS,5,fog-1,3950.000,0.000000
FOG_NO_IDS_seed5,FOG_NO_IDS,5,fog-2,3950.000,0.000000
FOG_NO_IDS_seed5,FOG_NO_IDS,5,fog-3,3950.000,0.000000
FOG_NO_IDS_seed5,FOG_NO_IDS,5,cloud,3975.000,0.000000
FOG_NO_IDS_seed5,FOG_NO_IDS,5,proxy,3975.000,0.000000
FOG_NO_IDS_seed5,FOG_NO_IDS,5,fog-1,3975.000,0.040000
FOG_NO_IDS_seed5,FOG_NO_IDS,5,fog-2,3975.000,0.040000
FOG_NO_IDS_seed5,FOG_NO_IDS,5,fog-3,3975.000,0.040000
FOG_NO_IDS_seed5,FOG_NO_IDS,5,cloud,4000.000,0.000000
FOG_NO_IDS_seed5,FOG_NO_IDS,5,proxy,4000.000,0.000000
FOG_NO_IDS_seed5,FOG_NO_IDS,5,fog-1,4000.000,0.040000
FOG_NO_IDS_seed5,FOG_NO_IDS,5,fog-2,4000.000,0.000000
FOG_NO_IDS_seed5,FOG_NO_IDS,5,fog-3,4000.000,0.000000
FOG_NO_IDS_seed5,FOG_NO_IDS,5,cloud,4025.000,0.000000
FOG_NO_IDS_seed5,FOG_NO_IDS,5,proxy,4025.000,0.000000
FOG_NO_IDS_seed5,FOG_NO_IDS,5,fog-1,4025.000,0.080000
FOG_NO_IDS_seed5,FOG_NO_IDS,5,fog-2,4025.000,0.040000
FOG_NO_IDS_seed5,FOG_NO_IDS,5,fog-3,4025.000,0.040000
FOG_NO_IDS_seed5,FOG_NO_IDS,5,cloud,4050.000,0.000000
FOG_NO_IDS_seed5,FOG_NO_IDS,5,proxy,4050.000,0.000000
FOG_NO_IDS_seed5,FOG_NO_IDS,5,fog-1,4050.000,0.000000
FOG_NO_IDS_seed5,FOG_NO_IDS,5,fog-2,4050.000,0.000000
FOG_NO_IDS_seed5,FOG_NO_IDS,5,fog-3,4050.000,0.000000
FOG_NO_IDS_seed5,FOG_NO_IDS,5,cloud,4075.000,0.000000
FOG_NO_IDS_seed5,FOG_NO_IDS,5,proxy,4075.000,0.000000
FOG_NO_IDS_seed5,FOG_NO_IDS,5,fog-1,4075.000,0.040000
FOG_NO_IDS_seed5,FOG_NO_IDS,5,fog-2,4075.000,0.040000
FOG_NO_IDS_seed5,FOG_NO_IDS,5,fog-3,4075.000,0.040000
FOG_NO_IDS_seed5,FOG_NO_IDS,5,cloud,4100.000,0.000000
FOG_NO_IDS_seed5,FOG_NO_IDS,5,proxy,4100.000,0.000000
FOG_NO_IDS_seed5,FOG_NO_IDS,5,fog-1,4100.000,0.040000
FOG_NO_IDS_seed5,FOG_NO_IDS,5,fog-2,4100.000,0.040000
FOG_NO_IDS_seed5,FOG_NO_IDS,5,fog-3,4100.000,0.000000
FOG_NO_IDS_seed5,FOG_NO_IDS,5,cloud,4125.000,0.000000
FOG_NO_IDS_seed5,FOG_NO_IDS,5,proxy,4125.000,0.000000
FOG_NO_IDS_seed5,FOG_NO_IDS,5,fog-1,4125.000,0.080000
FOG_NO_IDS_seed5,FOG_NO_IDS,5,fog-2,4125.000,0.080000
FOG_NO_IDS_seed5,FOG_NO_IDS,5,fog-3,4125.000,0.040000
FOG_NO_IDS_seed5,FOG_NO_IDS,5,cloud,4150.000,0.000000
FOG_NO_IDS_seed5,FOG_NO_IDS,5,proxy,4150.000,0.000000
FOG_NO_IDS_seed5,FOG_NO_IDS,5,fog-1,4150.000,0.000000
FOG_NO_IDS_seed5,FOG_NO_IDS,5,fog-2,4150.000,0.000000
FOG_NO_IDS_seed5,FOG_NO_IDS,5,fog-3,4150.000,0.000000
FOG_NO_IDS_seed5,FOG_NO_IDS,5,cloud,4175.000,0.000000
FOG_NO_IDS_seed5,FOG_NO_IDS,5,proxy,4175.000,0.000000
FOG_NO_IDS_seed5,FOG_NO_IDS,5,fog-1,4175.000,0.040000
FOG_NO_IDS_seed5,FOG_NO_IDS,5,fog-2,4175.000,0.040000
FOG_NO_IDS_seed5,FOG_NO_IDS,5,fog-3,4175.000,0.040000
FOG_NO_IDS_seed5,FOG_NO_IDS,5,cloud,4200.000,0.000000
FOG_NO_IDS_seed5,FOG_NO_IDS,5,proxy,4200.000,0.000000
FOG_NO_IDS_seed5,FOG_NO_IDS,5,fog-1,4200.000,0.040000
FOG_NO_IDS_seed5,FOG_NO_IDS,5,fog-2,4200.000,0.000000
FOG_NO_IDS_seed5,FOG_NO_IDS,5,fog-3,4200.000,0.040000
FOG_NO_IDS_seed5,FOG_NO_IDS,5,cloud,4225.000,0.000000
FOG_NO_IDS_seed5,FOG_NO_IDS,5,proxy,4225.000,0.000000
FOG_NO_IDS_seed5,FOG_NO_IDS,5,fog-1,4225.000,0.080000
FOG_NO_IDS_seed5,FOG_NO_IDS,5,fog-2,4225.000,0.040000
FOG_NO_IDS_seed5,FOG_NO_IDS,5,fog-3,4225.000,0.080000
FOG_NO_IDS_seed5,FOG_NO_IDS,5,cloud,4250.000,0.000000
FOG_NO_IDS_seed5,FOG_NO_IDS,5,proxy,4250.000,0.000000
FOG_NO_IDS_seed5,FOG_NO_IDS,5,fog-1,4250.000,0.000000
FOG_NO_IDS_seed5,FOG_NO_IDS,5,fog-2,4250.000,0.000000
FOG_NO_IDS_seed5,FOG_NO_IDS,5,fog-3,4250.000,0.000000
FOG_NO_IDS_seed5,FOG_NO_IDS,5,cloud,4275.000,0.000000
FOG_NO_IDS_seed5,FOG_NO_IDS,5,proxy,4275.000,0.000000
FOG_NO_IDS_seed5,FOG_NO_IDS,5,fog-1,4275.000,0.040000
FOG_NO_IDS_seed5,FOG_NO_IDS,5,fog-2,4275.000,0.040000
FOG_NO_IDS_seed5,FOG_NO_IDS,5,fog-3,4275.000,0.040000
FOG_NO_IDS_seed5,FOG_NO_IDS,5,cloud,4300.000,0.000000
FOG_NO_IDS_seed5,FOG_NO_IDS,5,proxy,4300.000,0.000000
FOG_NO_IDS_seed5,FOG_NO_IDS,5,fog-1,4300.000,0.040000
FOG_NO_IDS_seed5,FOG_NO_IDS,5,fog-2,4300.000,0.040000
FOG_NO_IDS_seed5,FOG_NO_IDS,5,fog-3,4300.000,0.000000
FOG_NO_IDS_seed5,FOG_NO_IDS,5,cloud,4325.000,0.000000
FOG_NO_IDS_seed5,FOG_NO_IDS,5,proxy,4325.000,0.000000
FOG_NO_IDS_seed5,FOG_NO_IDS,5,fog-1,4325.000,0.080000
FOG_NO_IDS_seed5,FOG_NO_IDS,5,fog-2,4325.000,0.080000
FOG_NO_IDS_seed5,FOG_NO_IDS,5,fog-3,4325.000,0.040000
FOG_NO_IDS_seed5,FOG_NO_IDS,5,cloud,4350.000,0.000000
FOG_NO_IDS_seed5,FOG_NO_IDS,5,proxy,4350.000,0.000000
FOG_NO_IDS_seed5,FOG_NO_IDS,5,fog-1,4350.000,0.000000
FOG_NO_IDS_seed5,FOG_NO_IDS,5,fog-2,4350.000,0.000000
FOG_NO_IDS_seed5,FOG_NO_IDS,5,fog-3,4350.000,0.000000
FOG_NO_IDS_seed5,FOG_NO_IDS,5,cloud,4375.000,0.000000
FOG_NO_IDS_seed5,FOG_NO_IDS,5,proxy,4375.000,0.000000
FOG_NO_IDS_seed5,FOG_NO_IDS,5,fog-1,4375.000,0.040000
FOG_NO_IDS_seed5,FOG_NO_IDS,5,fog-2,4375.000,0.040000
FOG_NO_IDS_seed5,FOG_NO_IDS,5,fog-3,4375.000,0.040000
FOG_NO_IDS_seed5,FOG_NO_IDS,5,cloud,4400.000,0.000000
FOG_NO_IDS_seed5,FOG_NO_IDS,5,proxy,4400.000,0.000000
FOG_NO_IDS_seed5,FOG_NO_IDS,5,fog-1,4400.000,0.000000
FOG_NO_IDS_seed5,FOG_NO_IDS,5,fog-2,4400.000,0.040000
FOG_NO_IDS_seed5,FOG_NO_IDS,5,fog-3,4400.000,0.000000
FOG_NO_IDS_seed5,FOG_NO_IDS,5,cloud,4425.000,0.000000
FOG_NO_IDS_seed5,FOG_NO_IDS,5,proxy,4425.000,0.000000
FOG_NO_IDS_seed5,FOG_NO_IDS,5,fog-1,4425.000,0.040000
FOG_NO_IDS_seed5,FOG_NO_IDS,5,fog-2,4425.000,0.080000
FOG_NO_IDS_seed5,FOG_NO_IDS,5,fog-3,4425.000,0.040000
FOG_NO_IDS_seed5,FOG_NO_IDS,5,cloud,4450.000,0.000000
FOG_NO_IDS_seed5,FOG_NO_IDS,5,proxy,4450.000,0.000000
FOG_NO_IDS_seed5,FOG_NO_IDS,5,fog-1,4450.000,0.000000
FOG_NO_IDS_seed5,FOG_NO_IDS,5,fog-2,4450.000,0.000000
FOG_NO_IDS_seed5,FOG_NO_IDS,5,fog-3,4450.000,0.000000
FOG_NO_IDS_seed5,FOG_NO_IDS,5,cloud,4475.000,0.000000
FOG_NO_IDS_seed5,FOG_NO_IDS,5,proxy,4475.000,0.000000
FOG_NO_IDS_seed5,FOG_NO_IDS,5,fog-1,4475.000,0.040000
FOG_NO_IDS_seed5,FOG_NO_IDS,5,fog-2,4475.000,0.040000
FOG_NO_IDS_seed5,FOG_NO_IDS,5,fog-3,4475.000,0.040000
FOG_NO_IDS_seed5,FOG_NO_IDS,5,cloud,4500.000,0.000000
FOG_NO_IDS_seed5,FOG_NO_IDS,5,proxy,4500.000,0.000000
FOG_NO_IDS_seed5,FOG_NO_IDS,5,fog-1,4500.000,0.000000
FOG_NO_IDS_seed5,FOG_NO_IDS,5,fog-2,4500.000,0.000000
FOG_NO_IDS_seed5,FOG_NO_IDS,5,fog-3,4500.000,0.000000
FOG_NO_IDS_seed5,FOG_NO_IDS,5,cloud,4525.000,0.000000
FOG_NO_IDS_seed5,FOG_NO_IDS,5,proxy,4525.000,0.000000
FOG_NO_IDS_seed5,FOG_NO_IDS,5,fog-1,4525.000,0.040000
FOG_NO_IDS_seed5,FOG_NO_IDS,5,fog-2,4525.000,0.040000
FOG_NO_IDS_seed5,FOG_NO_IDS,5,fog-3,4525.000,0.040000
FOG_NO_IDS_seed5,FOG_NO_IDS,5,cloud,4550.000,0.000000
FOG_NO_IDS_seed5,FOG_NO_IDS,5,proxy,4550.000,0.000000
FOG_NO_IDS_seed5,FOG_NO_IDS,5,fog-1,4550.000,0.000000
FOG_NO_IDS_seed5,FOG_NO_IDS,5,fog-2,4550.000,0.000000
FOG_NO_IDS_seed5,FOG_NO_IDS,5,fog-3,4550.000,0.000000
FOG_NO_IDS_seed5,FOG_NO_IDS,5,cloud,4575.000,0.000000
FOG_NO_IDS_seed5,FOG_NO_IDS,5,proxy,4575.000,0.000000
FOG_NO_IDS_seed5,FOG_NO_IDS,5,fog-1,4575.000,0.040000
FOG_NO_IDS_seed5,FOG_NO_IDS,5,fog-2,4575.000,0.040000
FOG_NO_IDS_seed5,FOG_NO_IDS,5,fog-3,4575.000,0.040000
FOG_NO_IDS_seed5,FOG_NO_IDS,5,cloud,4600.000,0.000000
FOG_NO_IDS_seed5,FOG_NO_IDS,5,proxy,4600.000,0.000000
FOG_NO_IDS_seed5,FOG_NO_IDS,5,fog-1,4600.000,0.040000
FOG_NO_IDS_seed5,FOG_NO_IDS,5,fog-2,4600.000,0.040000
FOG_NO_IDS_seed5,FOG_NO_IDS,5,fog-3,4600.000,0.040000
FOG_NO_IDS_seed5,FOG_NO_IDS,5,cloud,4625.000,0.000000
FOG_NO_IDS_seed5,FOG_NO_IDS,5,proxy,4625.000,0.000000
FOG_NO_IDS_seed5,FOG_NO_IDS,5,fog-1,4625.000,0.080000
FOG_NO_IDS_seed5,FOG_NO_IDS,5,fog-2,4625.000,0.080000
FOG_NO_IDS_seed5,FOG_NO_IDS,5,fog-3,4625.000,0.080000
FOG_NO_IDS_seed5,FOG_NO_IDS,5,cloud,4650.000,0.000000
FOG_NO_IDS_seed5,FOG_NO_IDS,5,proxy,4650.000,0.000000
FOG_NO_IDS_seed5,FOG_NO_IDS,5,fog-1,4650.000,0.000000
FOG_NO_IDS_seed5,FOG_NO_IDS,5,fog-2,4650.000,0.000000
FOG_NO_IDS_seed5,FOG_NO_IDS,5,fog-3,4650.000,0.000000
FOG_NO_IDS_seed5,FOG_NO_IDS,5,cloud,4675.000,0.000000
FOG_NO_IDS_seed5,FOG_NO_IDS,5,proxy,4675.000,0.000000
FOG_NO_IDS_seed5,FOG_NO_IDS,5,fog-1,4675.000,0.040000
FOG_NO_IDS_seed5,FOG_NO_IDS,5,fog-2,4675.000,0.040000
FOG_NO_IDS_seed5,FOG_NO_IDS,5,fog-3,4675.000,0.040000
FOG_NO_IDS_seed5,FOG_NO_IDS,5,cloud,4700.000,0.000000
FOG_NO_IDS_seed5,FOG_NO_IDS,5,proxy,4700.000,0.000000
FOG_NO_IDS_seed5,FOG_NO_IDS,5,fog-1,4700.000,0.040000
FOG_NO_IDS_seed5,FOG_NO_IDS,5,fog-2,4700.000,0.040000
FOG_NO_IDS_seed5,FOG_NO_IDS,5,fog-3,4700.000,0.000000
FOG_NO_IDS_seed5,FOG_NO_IDS,5,cloud,4725.000,0.000000
FOG_NO_IDS_seed5,FOG_NO_IDS,5,proxy,4725.000,0.000000
FOG_NO_IDS_seed5,FOG_NO_IDS,5,fog-1,4725.000,0.080000
FOG_NO_IDS_seed5,FOG_NO_IDS,5,fog-2,4725.000,0.080000
FOG_NO_IDS_seed5,FOG_NO_IDS,5,fog-3,4725.000,0.040000
FOG_NO_IDS_seed5,FOG_NO_IDS,5,cloud,4750.000,0.000000
FOG_NO_IDS_seed5,FOG_NO_IDS,5,proxy,4750.000,0.000000
FOG_NO_IDS_seed5,FOG_NO_IDS,5,fog-1,4750.000,0.000000
FOG_NO_IDS_seed5,FOG_NO_IDS,5,fog-2,4750.000,0.000000
FOG_NO_IDS_seed5,FOG_NO_IDS,5,fog-3,4750.000,0.000000
FOG_NO_IDS_seed5,FOG_NO_IDS,5,cloud,4775.000,0.000000
FOG_NO_IDS_seed5,FOG_NO_IDS,5,proxy,4775.000,0.000000
FOG_NO_IDS_seed5,FOG_NO_IDS,5,fog-1,4775.000,0.040000
FOG_NO_IDS_seed5,FOG_NO_IDS,5,fog-2,4775.000,0.040000
FOG_NO_IDS_seed5,FOG_NO_IDS,5,fog-3,4775.000,0.040000
FOG_NO_IDS_seed5,FOG_NO_IDS,5,cloud,4800.000,0.000000
FOG_NO_IDS_seed5,FOG_NO_IDS,5,proxy,4800.000,0.000000
FOG_NO_IDS_seed5,FOG_NO_IDS,5,fog-1,4800.000,0.040000
FOG_NO_IDS_seed5,FOG_NO_IDS,5,fog-2,4800.000,0.040000
FOG_NO_IDS_seed5,FOG_NO_IDS,5,fog-3,4800.000,0.040000
FOG_NO_IDS_seed5,FOG_NO_IDS,5,cloud,4825.000,0.000000
FOG_NO_IDS_seed5,FOG_NO_IDS,5,proxy,4825.000,0.000000
FOG_NO_IDS_seed5,FOG_NO_IDS,5,fog-1,4825.000,0.080000
FOG_NO_IDS_seed5,FOG_NO_IDS,5,fog-2,4825.000,0.080000
FOG_NO_IDS_seed5,FOG_NO_IDS,5,fog-3,4825.000,0.080000
FOG_NO_IDS_seed5,FOG_NO_IDS,5,cloud,4850.000,0.000000
FOG_NO_IDS_seed5,FOG_NO_IDS,5,proxy,4850.000,0.000000
FOG_NO_IDS_seed5,FOG_NO_IDS,5,fog-1,4850.000,0.000000
FOG_NO_IDS_seed5,FOG_NO_IDS,5,fog-2,4850.000,0.000000
FOG_NO_IDS_seed5,FOG_NO_IDS,5,fog-3,4850.000,0.000000
FOG_NO_IDS_seed5,FOG_NO_IDS,5,cloud,4875.000,0.000000
FOG_NO_IDS_seed5,FOG_NO_IDS,5,proxy,4875.000,0.000000
FOG_NO_IDS_seed5,FOG_NO_IDS,5,fog-1,4875.000,0.040000
FOG_NO_IDS_seed5,FOG_NO_IDS,5,fog-2,4875.000,0.040000
FOG_NO_IDS_seed5,FOG_NO_IDS,5,fog-3,4875.000,0.040000
FOG_NO_IDS_seed5,FOG_NO_IDS,5,cloud,4900.000,0.000000
FOG_NO_IDS_seed5,FOG_NO_IDS,5,proxy,4900.000,0.000000
FOG_NO_IDS_seed5,FOG_NO_IDS,5,fog-1,4900.000,0.000000
FOG_NO_IDS_seed5,FOG_NO_IDS,5,fog-2,4900.000,0.000000
FOG_NO_IDS_seed5,FOG_NO_IDS,5,fog-3,4900.000,0.040000
FOG_NO_IDS_seed5,FOG_NO_IDS,5,cloud,4925.000,0.000000
FOG_NO_IDS_seed5,FOG_NO_IDS,5,proxy,4925.000,0.000000
FOG_NO_IDS_seed5,FOG_NO_IDS,5,fog-1,4925.000,0.040000
FOG_NO_IDS_seed5,FOG_NO_IDS,5,fog-2,4925.000,0.040000
FOG_NO_IDS_seed5,FOG_NO_IDS,5,fog-3,4925.000,0.080000
FOG_NO_IDS_seed5,FOG_NO_IDS,5,cloud,4950.000,0.000000
FOG_NO_IDS_seed5,FOG_NO_IDS,5,proxy,4950.000,0.000000
FOG_NO_IDS_seed5,FOG_NO_IDS,5,fog-1,4950.000,0.000000
FOG_NO_IDS_seed5,FOG_NO_IDS,5,fog-2,4950.000,0.000000
FOG_NO_IDS_seed5,FOG_NO_IDS,5,fog-3,4950.000,0.000000
FOG_NO_IDS_seed5,FOG_NO_IDS,5,cloud,4975.000,0.000000
FOG_NO_IDS_seed5,FOG_NO_IDS,5,proxy,4975.000,0.000000
FOG_NO_IDS_seed5,FOG_NO_IDS,5,fog-1,4975.000,0.040000
FOG_NO_IDS_seed5,FOG_NO_IDS,5,fog-2,4975.000,0.040000
FOG_NO_IDS_seed5,FOG_NO_IDS,5,fog-3,4975.000,0.040000
FOG_NO_IDS_seed5,FOG_NO_IDS,5,cloud,5000.000,0.000000
FOG_NO_IDS_seed5,FOG_NO_IDS,5,proxy,5000.000,0.000000
FOG_NO_IDS_seed5,FOG_NO_IDS,5,fog-1,5000.000,0.000000
FOG_NO_IDS_seed5,FOG_NO_IDS,5,fog-2,5000.000,0.000000
FOG_NO_IDS_seed5,FOG_NO_IDS,5,fog-3,5000.000,0.000000
FOG_WITH_IDS_seed1,FOG_WITH_IDS,1,cloud,25.000,0.000179
FOG_WITH_IDS_seed1,FOG_WITH_IDS,1,proxy,25.000,0.000000
FOG_WITH_IDS_seed1,FOG_WITH_IDS,1,fog-1,25.000,0.005500
FOG_WITH_IDS_seed1,FOG_WITH_IDS,1,fog-2,25.000,0.005500
FOG_WITH_IDS_seed1,FOG_WITH_IDS,1,fog-3,25.000,0.005500
FOG_WITH_IDS_seed1,FOG_WITH_IDS,1,cloud,50.000,0.000179
FOG_WITH_IDS_seed1,FOG_WITH_IDS,1,proxy,50.000,0.000000
FOG_WITH_IDS_seed1,FOG_WITH_IDS,1,fog-1,50.000,0.005500
FOG_WITH_IDS_seed1,FOG_WITH_IDS,1,fog-2,50.000,0.005500
FOG_WITH_IDS_seed1,FOG_WITH_IDS,1,fog-3,50.000,0.005500
FOG_WITH_IDS_seed1,FOG_WITH_IDS,1,cloud,75.000,0.000179
FOG_WITH_IDS_seed1,FOG_WITH_IDS,1,proxy,75.000,0.000000
FOG_WITH_IDS_seed1,FOG_WITH_IDS,1,fog-1,75.000,0.005500
FOG_WITH_IDS_seed1,FOG_WITH_IDS,1,fog-2,75.000,0.005500
FOG_WITH_IDS_seed1,FOG_WITH_IDS,1,fog-3,75.000,0.005500
FOG_WITH_IDS_seed1,FOG_WITH_IDS,1,cloud,100.000,0.000179
FOG_WITH_IDS_seed1,FOG_WITH_IDS,1,proxy,100.000,0.000000
FOG_WITH_IDS_seed1,FOG_WITH_IDS,1,fog-1,100.000,0.005500
FOG_WITH_IDS_seed1,FOG_WITH_IDS,1,fog-2,100.000,0.005500
FOG_WITH_IDS_seed1,FOG_WITH_IDS,1,fog-3,100.000,0.005500
FOG_WITH_IDS_seed1,FOG_WITH_IDS,1,cloud,125.000,0.000179
FOG_WITH_IDS_seed1,FOG_WITH_IDS,1,proxy,125.000,0.000000
FOG_WITH_IDS_seed1,FOG_WITH_IDS,1,fog-1,125.000,0.440220
FOG_WITH_IDS_seed1,FOG_WITH_IDS,1,fog-2,125.000,0.040220
FOG_WITH_IDS_seed1,FOG_WITH_IDS,1,fog-3,125.000,0.440220
FOG_WITH_IDS_seed1,FOG_WITH_IDS,1,cloud,150.000,0.000179
FOG_WITH_IDS_seed1,FOG_WITH_IDS,1,proxy,150.000,0.000000
FOG_WITH_IDS_seed1,FOG_WITH_IDS,1,fog-1,150.000,0.000000
FOG_WITH_IDS_seed1,FOG_WITH_IDS,1,fog-2,150.000,0.000000
FOG_WITH_IDS_seed1,FOG_WITH_IDS,1,fog-3,150.000,0.000000
FOG_WITH_IDS_seed1,FOG_WITH_IDS,1,cloud,175.000,0.000071
FOG_WITH_IDS_seed1,FOG_WITH_IDS,1,proxy,175.000,0.000000
FOG_WITH_IDS_seed1,FOG_WITH_IDS,1,fog-1,175.000,0.440000
FOG_WITH_IDS_seed1,FOG_WITH_IDS,1,fog-2,175.000,0.040000
FOG_WITH_IDS_seed1,FOG_WITH_IDS,1,fog-3,175.000,0.440000
FOG_WITH_IDS_seed1,FOG_WITH_IDS,1,cloud,200.000,0.000000
FOG_WITH_IDS_seed1,FOG_WITH_IDS,1,proxy,200.000,0.000000
FOG_WITH_IDS_seed1,FOG_WITH_IDS,1,fog-1,200.000,0.040000
FOG_WITH_IDS_seed1,FOG_WITH_IDS,1,fog-2,200.000,0.040000
FOG_WITH_IDS_seed1,FOG_WITH_IDS,1,fog-3,200.000,0.040000
FOG_WITH_IDS_seed1,FOG_WITH_IDS,1,cloud,225.000,0.000000
FOG_WITH_IDS_seed1,FOG_WITH_IDS,1,proxy,225.000,0.000000
FOG_WITH_IDS_seed1,FOG_WITH_IDS,1,fog-1,225.000,0.480000
FOG_WITH_IDS_seed1,FOG_WITH_IDS,1,fog-2,225.000,0.080000
FOG_WITH_IDS_seed1,FOG_WITH_IDS,1,fog-3,225.000,0.480000
FOG_WITH_IDS_seed1,FOG_WITH_IDS,1,cloud,250.000,0.000000
FOG_WITH_IDS_seed1,FOG_WITH_IDS,1,proxy,250.000,0.000000
FOG_WITH_IDS_seed1,FOG_WITH_IDS,1,fog-1,250.000,0.000000
FOG_WITH_IDS_seed1,FOG_WITH_IDS,1,fog-2,250.000,0.000000
FOG_WITH_IDS_seed1,FOG_WITH_IDS,1,fog-3,250.000,0.000000
FOG_WITH_IDS_seed1,FOG_WITH_IDS,1,cloud,275.000,0.000000
FOG_WITH_IDS_seed1,FOG_WITH_IDS,1,proxy,275.000,0.000000
FOG_WITH_IDS_seed1,FOG_WITH_IDS,1,fog-1,275.000,0.440000
FOG_WITH_IDS_seed1,FOG_WITH_IDS,1,fog-2,275.000,0.040000
FOG_WITH_IDS_seed1,FOG_WITH_IDS,1,fog-3,275.000,0.440000
FOG_WITH_IDS_seed1,FOG_WITH_IDS,1,cloud,300.000,0.000000
FOG_WITH_IDS_seed1,FOG_WITH_IDS,1,proxy,300.000,0.000000
FOG_WITH_IDS_seed1,FOG_WITH_IDS,1,fog-1,300.000,0.040000
FOG_WITH_IDS_seed1,FOG_WITH_IDS,1,fog-2,300.000,0.040000
FOG_WITH_IDS_seed1,FOG_WITH_IDS,1,fog-3,300.000,0.040000
FOG_WITH_IDS_seed1,FOG_WITH_IDS,1,cloud,325.000,0.000000
FOG_WITH_IDS_seed1,FOG_WITH_IDS,1,proxy,325.000,0.000000
FOG_WITH_IDS_seed1,FOG_WITH_IDS,1,fog-1,325.000,0.480000
FOG_WITH_IDS_seed1,FOG_WITH_IDS,1,fog-2,325.000,0.080000
FOG_WITH_IDS_seed1,FOG_WITH_IDS,1,fog-3,325.000,0.480000
FOG_WITH_IDS_seed1,FOG_WITH_IDS,1,cloud,350.000,0.000000
FOG_WITH_IDS_seed1,FOG_WITH_IDS,1,proxy,350.000,0.000000
FOG_WITH_IDS_seed1,FOG_WITH_IDS,1,fog-1,350.000,0.000000
FOG_WITH_IDS_seed1,FOG_WITH_IDS,1,fog-2,350.000,0.000000
FOG_WITH_IDS_seed1,FOG_WITH_IDS,1,fog-3,350.000,0.000000
FOG_WITH_IDS_seed1,FOG_WITH_IDS,1,cloud,375.000,0.000000
FOG_WITH_IDS_seed1,FOG_WITH_IDS,1,proxy,375.000,0.000000
FOG_WITH_IDS_seed1,FOG_WITH_IDS,1,fog-1,375.000,0.440000
FOG_WITH_IDS_seed1,FOG_WITH_IDS,1,fog-2,375.000,0.040000
FOG_WITH_IDS_seed1,FOG_WITH_IDS,1,fog-3,375.000,0.440000
FOG_WITH_IDS_seed1,FOG_WITH_IDS,1,cloud,400.000,0.000000
FOG_WITH_IDS_seed1,FOG_WITH_IDS,1,proxy,400.000,0.000000
FOG_WITH_IDS_seed1,FOG_WITH_IDS,1,fog-1,400.000,0.040000
FOG_WITH_IDS_seed1,FOG_WITH_IDS,1,fog-2,400.000,0.040000
FOG_WITH_IDS_seed1,FOG_WITH_IDS,1,fog-3,400.000,0.040000
FOG_WITH_IDS_seed1,FOG_WITH_IDS,1,cloud,425.000,0.000000
FOG_WITH_IDS_seed1,FOG_WITH_IDS,1,proxy,425.000,0.000000
FOG_WITH_IDS_seed1,FOG_WITH_IDS,1,fog-1,425.000,0.480000
FOG_WITH_IDS_seed1,FOG_WITH_IDS,1,fog-2,425.000,0.080000
FOG_WITH_IDS_seed1,FOG_WITH_IDS,1,fog-3,425.000,0.480000
FOG_WITH_IDS_seed1,FOG_WITH_IDS,1,cloud,450.000,0.000000
FOG_WITH_IDS_seed1,FOG_WITH_IDS,1,proxy,450.000,0.000000
FOG_WITH_IDS_seed1,FOG_WITH_IDS,1,fog-1,450.000,0.000000
FOG_WITH_IDS_seed1,FOG_WITH_IDS,1,fog-2,450.000,0.000000
FOG_WITH_IDS_seed1,FOG_WITH_IDS,1,fog-3,450.000,0.000000
FOG_WITH_IDS_seed1,FOG_WITH_IDS,1,cloud,475.000,0.000000
FOG_WITH_IDS_seed1,FOG_WITH_IDS,1,proxy,475.000,0.000000
FOG_WITH_IDS_seed1,FOG_WITH_IDS,1,fog-1,475.000,0.440000
FOG_WITH_IDS_seed1,FOG_WITH_IDS,1,fog-2,475.000,0.040000
FOG_WITH_IDS_seed1,FOG_WITH_IDS,1,fog-3,475.000,0.440000
FOG_WITH_IDS_seed1,FOG_WITH_IDS,1,cloud,500.000,0.000000
FOG_WITH_IDS_seed1,FOG_WITH_IDS,1,proxy,500.000,0.000000
FOG_WITH_IDS_seed1,FOG_WITH_IDS,1,fog-1,500.000,0.040000
FOG_WITH_IDS_seed1,FOG_WITH_IDS,1,fog-2,500.000,0.040000
FOG_WITH_IDS_seed1,FOG_WITH_IDS,1,fog-3,500.000,0.040000
FOG_WITH_IDS_seed1,FOG_WITH_IDS,1,cloud,525.000,0.000000
FOG_WITH_IDS_seed1,FOG_WITH_IDS,1,proxy,525.000,0.000000
FOG_WITH_IDS_seed1,FOG_WITH_IDS,1,fog-1,525.000,0.480000
FOG_WITH_IDS_seed1,FOG_WITH_IDS,1,fog-2,525.000,0.080000
FOG_WITH_IDS_seed1,FOG_WITH_IDS,1,fog-3,525.000,0.480000
FOG_WITH_IDS_seed1,FOG_WITH_IDS,1,cloud,550.000,0.000000
FOG_WITH_IDS_seed1,FOG_WITH_IDS,1,proxy,550.000,0.000000
FOG_WITH_IDS_seed1,FOG_WITH_IDS,1,fog-1,550.000,0.000000
FOG_WITH_IDS_seed1,FOG_WITH_IDS,1,fog-2,550.000,0.000000
FOG_WITH_IDS_seed1,FOG_WITH_IDS,1,fog-3,550.000,0.000000
FOG_WITH_IDS_seed1,FOG_WITH_IDS,1,cloud,575.000,0.000000
FOG_WITH_IDS_seed1,FOG_WITH_IDS,1,proxy,575.000,0.000000
FOG_WITH_IDS_seed1,FOG_WITH_IDS,1,fog-1,575.000,0.440000
FOG_WITH_IDS_seed1,FOG_WITH_IDS,1,fog-2,575.000,0.040000
FOG_WITH_IDS_seed1,FOG_WITH_IDS,1,fog-3,575.000,0.440000
FOG_WITH_IDS_seed1,FOG_WITH_IDS,1,cloud,600.000,0.000000
FOG_WITH_IDS_seed1,FOG_WITH_IDS,1,proxy,600.000,0.000000
FOG_WITH_IDS_seed1,FOG_WITH_IDS,1,fog-1,600.000,0.040000
FOG_WITH_IDS_seed1,FOG_WITH_IDS,1,fog-2,600.000,0.040000
FOG_WITH_IDS_seed1,FOG_WITH_IDS,1,fog-3,600.000,0.040000
FOG_WITH_IDS_seed1,FOG_WITH_IDS,1,cloud,625.000,0.000000
FOG_WITH_IDS_seed1,FOG_WITH_IDS,1,proxy,625.000,0.000000
FOG_WITH_IDS_seed1,FOG_WITH_IDS,1,fog-1,625.000,0.480000
FOG_WITH_IDS_seed1,FOG_WITH_IDS,1,fog-2,625.000,0.080000
FOG_WITH_IDS_seed1,FOG_WITH_IDS,1,fog-3,625.000,0.480000
FOG_WITH_IDS_seed1,FOG_WITH_IDS,1,cloud,650.000,0.000000
FOG_WITH_IDS_seed1,FOG_WITH_IDS,1,proxy,650.000,0.000000
FOG_WITH_IDS_seed1,FOG_WITH_IDS,1,fog-1,650.000,0.000000
FOG_WITH_IDS_seed1,FOG_WITH_IDS,1,fog-2,650.000,0.000000
FOG_WITH_IDS_seed1,FOG_WITH_IDS,1,fog-3,650.000,0.000000
FOG_WITH_IDS_seed1,FOG_WITH_IDS,1,cloud,675.000,0.000000
FOG_WITH_IDS_seed1,FOG_WITH_IDS,1,proxy,675.000,0.000000
FOG_WITH_IDS_seed1,FOG_WITH_IDS,1,fog-1,675.000,0.440000
FOG_WITH_IDS_seed1,FOG_WITH_IDS,1,fog-2,675.000,0.040000
FOG_WITH_IDS_seed1,FOG_WITH_IDS,1,fog-3,675.000,0.440000
FOG_WITH_IDS_seed1,FOG_WITH_IDS,1,cloud,700.000,0.000000
FOG_WITH_IDS_seed1,FOG_WITH_IDS,1,proxy,700.000,0.000000
FOG_WITH_IDS_seed1,FOG_WITH_IDS,1,fog-1,700.000,0.040000
FOG_WITH_IDS_seed1,FOG_WITH_IDS,1,fog-2,700.000,0.040000
FOG_WITH_IDS_seed1,FOG_WITH_IDS,1,fog-3,700.000,0.040000
FOG_WITH_IDS_seed1,FOG_WITH_IDS,1,cloud,725.000,0.000000
FOG_WITH_IDS_seed1,FOG_WITH_IDS,1,proxy,725.000,0.000000
FOG_WITH_IDS_seed1,FOG_WITH_IDS,1,fog-1,725.000,0.480000
FOG_WITH_IDS_seed1,FOG_WITH_IDS,1,fog-2,725.000,0.080000
FOG_WITH_IDS_seed1,FOG_WITH_IDS,1,fog-3,725.000,0.480000
FOG_WITH_IDS_seed1,FOG_WITH_IDS,1,cloud,750.000,0.000000
FOG_WITH_IDS_seed1,FOG_WITH_IDS,1,proxy,750.000,0.000000
FOG_WITH_IDS_seed1,FOG_WITH_IDS,1,fog-1,750.000,0.000000
FOG_WITH_IDS_seed1,FOG_WITH_IDS,1,fog-2,750.000,0.000000
FOG_WITH_IDS_seed1,FOG_WITH_IDS,1,fog-3,750.000,0.000000
FOG_WITH_IDS_seed1,FOG_WITH_IDS,1,cloud,775.000,0.000000
FOG_WITH_IDS_seed1,FOG_WITH_IDS,1,proxy,775.000,0.000000
FOG_WITH_IDS_seed1,FOG_WITH_IDS,1,fog-1,775.000,0.440000
FOG_WITH_IDS_seed1,FOG_WITH_IDS,1,fog-2,775.000,0.040000
FOG_WITH_IDS_seed1,FOG_WITH_IDS,1,fog-3,775.000,0.440000
FOG_WITH_IDS_seed1,FOG_WITH_IDS,1,cloud,800.000,0.000000
FOG_WITH_IDS_seed1,FOG_WITH_IDS,1,proxy,800.000,0.000000
FOG_WITH_IDS_seed1,FOG_WITH_IDS,1,fog-1,800.000,0.040000
FOG_WITH_IDS_seed1,FOG_WITH_IDS,1,fog-2,800.000,0.040000
FOG_WITH_IDS_seed1,FOG_WITH_IDS,1,fog-3,800.000,0.040000
FOG_WITH_IDS_seed1,FOG_WITH_IDS,1,cloud,825.000,0.000000
FOG_WITH_IDS_seed1,FOG_WITH_IDS,1,proxy,825.000,0.000000
FOG_WITH_IDS_seed1,FOG_WITH_IDS,1,fog-1,825.000,0.480000
FOG_WITH_IDS_seed1,FOG_WITH_IDS,1,fog-2,825.000,0.080000
FOG_WITH_IDS_seed1,FOG_WITH_IDS,1,fog-3,825.000,0.480000
FOG_WITH_IDS_seed1,FOG_WITH_IDS,1,cloud,850.000,0.000000
FOG_WITH_IDS_seed1,FOG_WITH_IDS,1,proxy,850.000,0.000000
FOG_WITH_IDS_seed1,FOG_WITH_IDS,1,fog-1,850.000,0.000000
FOG_WITH_IDS_seed1,FOG_WITH_IDS,1,fog-2,850.000,0.000000
FOG_WITH_IDS_seed1,FOG_WITH_IDS,1,fog-3,850.000,0.000000
FOG_WITH_IDS_seed1,FOG_WITH_IDS,1,cloud,875.000,0.000000
FOG_WITH_IDS_seed1,FOG_WITH_IDS,1,proxy,875.000,0.000000
FOG_WITH_IDS_seed1,FOG_WITH_IDS,1,fog-1,875.000,0.440000
FOG_WITH_IDS_seed1,FOG_WITH_IDS,1,fog-2,875.000,0.040000
FOG_WITH_IDS_seed1,FOG_WITH_IDS,1,fog-3,875.000,0.440000
FOG_WITH_IDS_seed1,FOG_WITH_IDS,1,cloud,900.000,0.000000
FOG_WITH_IDS_seed1,FOG_WITH_IDS,1,proxy,900.000,0.000000
FOG_WITH_IDS_seed1,FOG_WITH_IDS,1,fog-1,900.000,0.040000
FOG_WITH_IDS_seed1,FOG_WITH_IDS,1,fog-2,900.000,0.040000
FOG_WITH_IDS_seed1,FOG_WITH_IDS,1,fog-3,900.000,0.040000
FOG_WITH_IDS_seed1,FOG_WITH_IDS,1,cloud,925.000,0.000000
FOG_WITH_IDS_seed1,FOG_WITH_IDS,1,proxy,925.000,0.000000
FOG_WITH_IDS_seed1,FOG_WITH_IDS,1,fog-1,925.000,0.480000
FOG_WITH_IDS_seed1,FOG_WITH_IDS,1,fog-2,925.000,0.080000
FOG_WITH_IDS_seed1,FOG_WITH_IDS,1,fog-3,925.000,0.480000
FOG_WITH_IDS_seed1,FOG_WITH_IDS,1,cloud,950.000,0.000000
FOG_WITH_IDS_seed1,FOG_WITH_IDS,1,proxy,950.000,0.000000
FOG_WITH_IDS_seed1,FOG_WITH_IDS,1,fog-1,950.000,0.000000
FOG_WITH_IDS_seed1,FOG_WITH_IDS,1,fog-2,950.000,0.000000
FOG_WITH_IDS_seed1,FOG_WITH_IDS,1,fog-3,950.000,0.000000
FOG_WITH_IDS_seed1,FOG_WITH_IDS,1,cloud,975.000,0.000000
FOG_WITH_IDS_seed1,FOG_WITH_IDS,1,proxy,975.000,0.000000
FOG_WITH_IDS_seed1,FOG_WITH_IDS,1,fog-1,975.000,0.440000
FOG_WITH_IDS_seed1,FOG_WITH_IDS,1,fog-2,975.000,0.040000
FOG_WITH_IDS_seed1,FOG_WITH_IDS,1,fog-3,975.000,0.440000
FOG_WITH_IDS_seed1,FOG_WITH_IDS,1,cloud,1000.000,0.000000
FOG_WITH_IDS_seed1,FOG_WITH_IDS,1,proxy,1000.000,0.000000
FOG_WITH_IDS_seed1,FOG_WITH_IDS,1,fog-1,1000.000,0.040000
FOG_WITH_IDS_seed1,FOG_WITH_IDS,1,fog-2,1000.000,0.040000
FOG_WITH_IDS_seed1,FOG_WITH_IDS,1,fog-3,1000.000,0.040000
FOG_WITH_IDS_seed1,FOG_WITH_IDS,1,cloud,1025.000,0.000000
FOG_WITH_IDS_seed1,FOG_WITH_IDS,1,proxy,1025.000,0.000000
FOG_WITH_IDS_seed1,FOG_WITH_IDS,1,fog-1,1025.000,0.480000
FOG_WITH_IDS_seed1,FOG_WITH_IDS,1,fog-2,1025.000,0.080000
FOG_WITH_IDS_seed1,FOG_WITH_IDS,1,fog-3,1025.000,0.480000
FOG_WITH_IDS_seed1,FOG_WITH_IDS,1,cloud,1050.000,0.000000
FOG_WITH_IDS_seed1,FOG_WITH_IDS,1,proxy,1050.000,0.000000
FOG_WITH_IDS_seed1,FOG_WITH_IDS,1,fog-1,1050.000,0.000000
FOG_WITH_IDS_seed1,FOG_WITH_IDS,1,fog-2,1050.000,0.000000
FOG_WITH_IDS_seed1,FOG_WITH_IDS,1,fog-3,1050.000,0.000000
FOG_WITH_IDS_seed1,FOG_WITH_IDS,1,cloud,1075.000,0.000000
FOG_WITH_IDS_seed1,FOG_WITH_IDS,1,proxy,1075.000,0.000000
FOG_WITH_IDS_seed1,FOG_WITH_IDS,1,fog-1,1075.000,0.440000
FOG_WITH_IDS_seed1,FOG_WITH_IDS,1,fog-2,1075.000,0.040000
FOG_WITH_IDS_seed1,FOG_WITH_IDS,1,fog-3,1075.000,0.440000
FOG_WITH_IDS_seed1,FOG_WITH_IDS,1,cloud,1100.000,0.000000
FOG_WITH_IDS_seed1,FOG_WITH_IDS,1,proxy,1100.000,0.000000
FOG_WITH_IDS_seed1,FOG_WITH_IDS,1,fog-1,1100.000,0.040000
FOG_WITH_IDS_seed1,FOG_WITH_IDS,1,fog-2,1100.000,0.040000
FOG_WITH_IDS_seed1,FOG_WITH_IDS,1,fog-3,1100.000,0.040000
FOG_WITH_IDS_seed1,FOG_WITH_IDS,1,cloud,1125.000,0.000000
FOG_WITH_IDS_seed1,FOG_WITH_IDS,1,proxy,1125.000,0.000000
FOG_WITH_IDS_seed1,FOG_WITH_IDS,1,fog-1,1125.000,0.480000
FOG_WITH_IDS_seed1,FOG_WITH_IDS,1,fog-2,1125.000,0.080000
FOG_WITH_IDS_seed1,FOG_WITH_IDS,1,fog-3,1125.000,0.480000
FOG_WITH_IDS_seed1,FOG_WITH_IDS,1,cloud,1150.000,0.000000
FOG_WITH_IDS_seed1,FOG_WITH_IDS,1,proxy,1150.000,0.000000
FOG_WITH_IDS_seed1,FOG_WITH_IDS,1,fog-1,1150.000,0.000000
FOG_WITH_IDS_seed1,FOG_WITH_IDS,1,fog-2,1150.000,0.000000
FOG_WITH_IDS_seed1,FOG_WITH_IDS,1,fog-3,1150.000,0.000000
FOG_WITH_IDS_seed1,FOG_WITH_IDS,1,cloud,1175.000,0.000000
FOG_WITH_IDS_seed1,FOG_WITH_IDS,1,proxy,1175.000,0.000000
FOG_WITH_IDS_seed1,FOG_WITH_IDS,1,fog-1,1175.000,0.440000
FOG_WITH_IDS_seed1,FOG_WITH_IDS,1,fog-2,1175.000,0.040000
FOG_WITH_IDS_seed1,FOG_WITH_IDS,1,fog-3,1175.000,0.440000
FOG_WITH_IDS_seed1,FOG_WITH_IDS,1,cloud,1200.000,0.000000
FOG_WITH_IDS_seed1,FOG_WITH_IDS,1,proxy,1200.000,0.000000
FOG_WITH_IDS_seed1,FOG_WITH_IDS,1,fog-1,1200.000,0.040000
FOG_WITH_IDS_seed1,FOG_WITH_IDS,1,fog-2,1200.000,0.040000
FOG_WITH_IDS_seed1,FOG_WITH_IDS,1,fog-3,1200.000,0.040000
FOG_WITH_IDS_seed1,FOG_WITH_IDS,1,cloud,1225.000,0.000000
FOG_WITH_IDS_seed1,FOG_WITH_IDS,1,proxy,1225.000,0.000000
FOG_WITH_IDS_seed1,FOG_WITH_IDS,1,fog-1,1225.000,0.480000
FOG_WITH_IDS_seed1,FOG_WITH_IDS,1,fog-2,1225.000,0.080000
FOG_WITH_IDS_seed1,FOG_WITH_IDS,1,fog-3,1225.000,0.480000
FOG_WITH_IDS_seed1,FOG_WITH_IDS,1,cloud,1250.000,0.000000
FOG_WITH_IDS_seed1,FOG_WITH_IDS,1,proxy,1250.000,0.000000
FOG_WITH_IDS_seed1,FOG_WITH_IDS,1,fog-1,1250.000,0.000000
FOG_WITH_IDS_seed1,FOG_WITH_IDS,1,fog-2,1250.000,0.000000
FOG_WITH_IDS_seed1,FOG_WITH_IDS,1,fog-3,1250.000,0.000000
FOG_WITH_IDS_seed1,FOG_WITH_IDS,1,cloud,1275.000,0.000000
FOG_WITH_IDS_seed1,FOG_WITH_IDS,1,proxy,1275.000,0.000000
FOG_WITH_IDS_seed1,FOG_WITH_IDS,1,fog-1,1275.000,0.440000
FOG_WITH_IDS_seed1,FOG_WITH_IDS,1,fog-2,1275.000,0.040000
FOG_WITH_IDS_seed1,FOG_WITH_IDS,1,fog-3,1275.000,0.440000
FOG_WITH_IDS_seed1,FOG_WITH_IDS,1,cloud,1300.000,0.000000
FOG_WITH_IDS_seed1,FOG_WITH_IDS,1,proxy,1300.000,0.000000
FOG_WITH_IDS_seed1,FOG_WITH_IDS,1,fog-1,1300.000,0.040000
FOG_WITH_IDS_seed1,FOG_WITH_IDS,1,fog-2,1300.000,0.040000
FOG_WITH_IDS_seed1,FOG_WITH_IDS,1,fog-3,1300.000,0.040000
FOG_WITH_IDS_seed1,FOG_WITH_IDS,1,cloud,1325.000,0.000000
FOG_WITH_IDS_seed1,FOG_WITH_IDS,1,proxy,1325.000,0.000000
FOG_WITH_IDS_seed1,FOG_WITH_IDS,1,fog-1,1325.000,0.480000
FOG_WITH_IDS_seed1,FOG_WITH_IDS,1,fog-2,1325.000,0.080000
FOG_WITH_IDS_seed1,FOG_WITH_IDS,1,fog-3,1325.000,0.480000
FOG_WITH_IDS_seed1,FOG_WITH_IDS,1,cloud,1350.000,0.000000
FOG_WITH_IDS_seed1,FOG_WITH_IDS,1,proxy,1350.000,0.000000
FOG_WITH_IDS_seed1,FOG_WITH_IDS,1,fog-1,1350.000,0.000000
FOG_WITH_IDS_seed1,FOG_WITH_IDS,1,fog-2,1350.000,0.000000
FOG_WITH_IDS_seed1,FOG_WITH_IDS,1,fog-3,1350.000,0.000000
FOG_WITH_IDS_seed1,FOG_WITH_IDS,1,cloud,1375.000,0.000000
FOG_WITH_IDS_seed1,FOG_WITH_IDS,1,proxy,1375.000,0.000000
FOG_WITH_IDS_seed1,FOG_WITH_IDS,1,fog-1,1375.000,0.440000
FOG_WITH_IDS_seed1,FOG_WITH_IDS,1,fog-2,1375.000,0.040000
FOG_WITH_IDS_seed1,FOG_WITH_IDS,1,fog-3,1375.000,0.440000
FOG_WITH_IDS_seed1,FOG_WITH_IDS,1,cloud,1400.000,0.000000
FOG_WITH_IDS_seed1,FOG_WITH_IDS,1,proxy,1400.000,0.000000
FOG_WITH_IDS_seed1,FOG_WITH_IDS,1,fog-1,1400.000,0.040000
FOG_WITH_IDS_seed1,FOG_WITH_IDS,1,fog-2,1400.000,0.040000
FOG_WITH_IDS_seed1,FOG_WITH_IDS,1,fog-3,1400.000,0.040000
FOG_WITH_IDS_seed1,FOG_WITH_IDS,1,cloud,1425.000,0.000000
FOG_WITH_IDS_seed1,FOG_WITH_IDS,1,proxy,1425.000,0.000000
FOG_WITH_IDS_seed1,FOG_WITH_IDS,1,fog-1,1425.000,0.480000
FOG_WITH_IDS_seed1,FOG_WITH_IDS,1,fog-2,1425.000,0.080000
FOG_WITH_IDS_seed1,FOG_WITH_IDS,1,fog-3,1425.000,0.480000
FOG_WITH_IDS_seed1,FOG_WITH_IDS,1,cloud,1450.000,0.000000
FOG_WITH_IDS_seed1,FOG_WITH_IDS,1,proxy,1450.000,0.000000
FOG_WITH_IDS_seed1,FOG_WITH_IDS,1,fog-1,1450.000,0.000000
FOG_WITH_IDS_seed1,FOG_WITH_IDS,1,fog-2,1450.000,0.000000
FOG_WITH_IDS_seed1,FOG_WITH_IDS,1,fog-3,1450.000,0.000000
FOG_WITH_IDS_seed1,FOG_WITH_IDS,1,cloud,1475.000,0.000000
FOG_WITH_IDS_seed1,FOG_WITH_IDS,1,proxy,1475.000,0.000000
FOG_WITH_IDS_seed1,FOG_WITH_IDS,1,fog-1,1475.000,0.440000
FOG_WITH_IDS_seed1,FOG_WITH_IDS,1,fog-2,1475.000,0.040000
FOG_WITH_IDS_seed1,FOG_WITH_IDS,1,fog-3,1475.000,0.440000
FOG_WITH_IDS_seed1,FOG_WITH_IDS,1,cloud,1500.000,0.000000
FOG_WITH_IDS_seed1,FOG_WITH_IDS,1,proxy,1500.000,0.000000
FOG_WITH_IDS_seed1,FOG_WITH_IDS,1,fog-1,1500.000,0.040000
FOG_WITH_IDS_seed1,FOG_WITH_IDS,1,fog-2,1500.000,0.040000
FOG_WITH_IDS_seed1,FOG_WITH_IDS,1,fog-3,1500.000,0.040000
FOG_WITH_IDS_seed1,FOG_WITH_IDS,1,cloud,1525.000,0.000000
FOG_WITH_IDS_seed1,FOG_WITH_IDS,1,proxy,1525.000,0.000000
FOG_WITH_IDS_seed1,FOG_WITH_IDS,1,fog-1,1525.000,0.480000
FOG_WITH_IDS_seed1,FOG_WITH_IDS,1,fog-2,1525.000,0.080000
FOG_WITH_IDS_seed1,FOG_WITH_IDS,1,fog-3,1525.000,0.480000
FOG_WITH_IDS_seed1,FOG_WITH_IDS,1,cloud,1550.000,0.000000
FOG_WITH_IDS_seed1,FOG_WITH_IDS,1,proxy,1550.000,0.000000
FOG_WITH_IDS_seed1,FOG_WITH_IDS,1,fog-1,1550.000,0.000000
FOG_WITH_IDS_seed1,FOG_WITH_IDS,1,fog-2,1550.000,0.000000
FOG_WITH_IDS_seed1,FOG_WITH_IDS,1,fog-3,1550.000,0.000000
FOG_WITH_IDS_seed1,FOG_WITH_IDS,1,cloud,1575.000,0.000000
FOG_WITH_IDS_seed1,FOG_WITH_IDS,1,proxy,1575.000,0.000000
FOG_WITH_IDS_seed1,FOG_WITH_IDS,1,fog-1,1575.000,0.440000
FOG_WITH_IDS_seed1,FOG_WITH_IDS,1,fog-2,1575.000,0.040000
FOG_WITH_IDS_seed1,FOG_WITH_IDS,1,fog-3,1575.000,0.440000
FOG_WITH_IDS_seed1,FOG_WITH_IDS,1,cloud,1600.000,0.000000
FOG_WITH_IDS_seed1,FOG_WITH_IDS,1,proxy,1600.000,0.000000
FOG_WITH_IDS_seed1,FOG_WITH_IDS,1,fog-1,1600.000,0.040000
FOG_WITH_IDS_seed1,FOG_WITH_IDS,1,fog-2,1600.000,0.040000
FOG_WITH_IDS_seed1,FOG_WITH_IDS,1,fog-3,1600.000,0.040000
FOG_WITH_IDS_seed1,FOG_WITH_IDS,1,cloud,1625.000,0.000000
FOG_WITH_IDS_seed1,FOG_WITH_IDS,1,proxy,1625.000,0.000000
FOG_WITH_IDS_seed1,FOG_WITH_IDS,1,fog-1,1625.000,0.480000
FOG_WITH_IDS_seed1,FOG_WITH_IDS,1,fog-2,1625.000,0.080000
FOG_WITH_IDS_seed1,FOG_WITH_IDS,1,fog-3,1625.000,0.480000
FOG_WITH_IDS_seed1,FOG_WITH_IDS,1,cloud,1650.000,0.000000
FOG_WITH_IDS_seed1,FOG_WITH_IDS,1,proxy,1650.000,0.000000
FOG_WITH_IDS_seed1,FOG_WITH_IDS,1,fog-1,1650.000,0.000000
FOG_WITH_IDS_seed1,FOG_WITH_IDS,1,fog-2,1650.000,0.000000
FOG_WITH_IDS_seed1,FOG_WITH_IDS,1,fog-3,1650.000,0.000000
FOG_WITH_IDS_seed1,FOG_WITH_IDS,1,cloud,1675.000,0.000000
FOG_WITH_IDS_seed1,FOG_WITH_IDS,1,proxy,1675.000,0.000000
FOG_WITH_IDS_seed1,FOG_WITH_IDS,1,fog-1,1675.000,0.440000
FOG_WITH_IDS_seed1,FOG_WITH_IDS,1,fog-2,1675.000,0.040000
FOG_WITH_IDS_seed1,FOG_WITH_IDS,1,fog-3,1675.000,0.440000
FOG_WITH_IDS_seed1,FOG_WITH_IDS,1,cloud,1700.000,0.000000
FOG_WITH_IDS_seed1,FOG_WITH_IDS,1,proxy,1700.000,0.000000
FOG_WITH_IDS_seed1,FOG_WITH_IDS,1,fog-1,1700.000,0.040000
FOG_WITH_IDS_seed1,FOG_WITH_IDS,1,fog-2,1700.000,0.040000
FOG_WITH_IDS_seed1,FOG_WITH_IDS,1,fog-3,1700.000,0.040000
FOG_WITH_IDS_seed1,FOG_WITH_IDS,1,cloud,1725.000,0.000000
FOG_WITH_IDS_seed1,FOG_WITH_IDS,1,proxy,1725.000,0.000000
FOG_WITH_IDS_seed1,FOG_WITH_IDS,1,fog-1,1725.000,0.480000
FOG_WITH_IDS_seed1,FOG_WITH_IDS,1,fog-2,1725.000,0.080000
FOG_WITH_IDS_seed1,FOG_WITH_IDS,1,fog-3,1725.000,0.480000
FOG_WITH_IDS_seed1,FOG_WITH_IDS,1,cloud,1750.000,0.000000
FOG_WITH_IDS_seed1,FOG_WITH_IDS,1,proxy,1750.000,0.000000
FOG_WITH_IDS_seed1,FOG_WITH_IDS,1,fog-1,1750.000,0.000000
FOG_WITH_IDS_seed1,FOG_WITH_IDS,1,fog-2,1750.000,0.000000
FOG_WITH_IDS_seed1,FOG_WITH_IDS,1,fog-3,1750.000,0.000000
FOG_WITH_IDS_seed1,FOG_WITH_IDS,1,cloud,1775.000,0.000000
FOG_WITH_IDS_seed1,FOG_WITH_IDS,1,proxy,1775.000,0.000000
FOG_WITH_IDS_seed1,FOG_WITH_IDS,1,fog-1,1775.000,0.440000
FOG_WITH_IDS_seed1,FOG_WITH_IDS,1,fog-2,1775.000,0.040000
FOG_WITH_IDS_seed1,FOG_WITH_IDS,1,fog-3,1775.000,0.440000
FOG_WITH_IDS_seed1,FOG_WITH_IDS,1,cloud,1800.000,0.000000
FOG_WITH_IDS_seed1,FOG_WITH_IDS,1,proxy,1800.000,0.000000
FOG_WITH_IDS_seed1,FOG_WITH_IDS,1,fog-1,1800.000,0.040000
FOG_WITH_IDS_seed1,FOG_WITH_IDS,1,fog-2,1800.000,0.040000
FOG_WITH_IDS_seed1,FOG_WITH_IDS,1,fog-3,1800.000,0.040000
FOG_WITH_IDS_seed1,FOG_WITH_IDS,1,cloud,1825.000,0.000000
FOG_WITH_IDS_seed1,FOG_WITH_IDS,1,proxy,1825.000,0.000000
FOG_WITH_IDS_seed1,FOG_WITH_IDS,1,fog-1,1825.000,0.480000
FOG_WITH_IDS_seed1,FOG_WITH_IDS,1,fog-2,1825.000,0.080000
FOG_WITH_IDS_seed1,FOG_WITH_IDS,1,fog-3,1825.000,0.480000
FOG_WITH_IDS_seed1,FOG_WITH_IDS,1,cloud,1850.000,0.000000
FOG_WITH_IDS_seed1,FOG_WITH_IDS,1,proxy,1850.000,0.000000
FOG_WITH_IDS_seed1,FOG_WITH_IDS,1,fog-1,1850.000,0.000000
FOG_WITH_IDS_seed1,FOG_WITH_IDS,1,fog-2,1850.000,0.000000
FOG_WITH_IDS_seed1,FOG_WITH_IDS,1,fog-3,1850.000,0.000000
FOG_WITH_IDS_seed1,FOG_WITH_IDS,1,cloud,1875.000,0.000000
FOG_WITH_IDS_seed1,FOG_WITH_IDS,1,proxy,1875.000,0.000000
FOG_WITH_IDS_seed1,FOG_WITH_IDS,1,fog-1,1875.000,0.440000
FOG_WITH_IDS_seed1,FOG_WITH_IDS,1,fog-2,1875.000,0.040000
FOG_WITH_IDS_seed1,FOG_WITH_IDS,1,fog-3,1875.000,0.440000
FOG_WITH_IDS_seed1,FOG_WITH_IDS,1,cloud,1900.000,0.000000
FOG_WITH_IDS_seed1,FOG_WITH_IDS,1,proxy,1900.000,0.000000
FOG_WITH_IDS_seed1,FOG_WITH_IDS,1,fog-1,1900.000,0.040000
FOG_WITH_IDS_seed1,FOG_WITH_IDS,1,fog-2,1900.000,0.040000
FOG_WITH_IDS_seed1,FOG_WITH_IDS,1,fog-3,1900.000,0.040000
FOG_WITH_IDS_seed1,FOG_WITH_IDS,1,cloud,1925.000,0.000000
FOG_WITH_IDS_seed1,FOG_WITH_IDS,1,proxy,1925.000,0.000000
FOG_WITH_IDS_seed1,FOG_WITH_IDS,1,fog-1,1925.000,0.480000
FOG_WITH_IDS_seed1,FOG_WITH_IDS,1,fog-2,1925.000,0.080000
FOG_WITH_IDS_seed1,FOG_WITH_IDS,1,fog-3,1925.000,0.480000
FOG_WITH_IDS_seed1,FOG_WITH_IDS,1,cloud,1950.000,0.000000
FOG_WITH_IDS_seed1,FOG_WITH_IDS,1,proxy,1950.000,0.000000
FOG_WITH_IDS_seed1,FOG_WITH_IDS,1,fog-1,1950.000,0.000000
FOG_WITH_IDS_seed1,FOG_WITH_IDS,1,fog-2,1950.000,0.000000
FOG_WITH_IDS_seed1,FOG_WITH_IDS,1,fog-3,1950.000,0.000000
FOG_WITH_IDS_seed1,FOG_WITH_IDS,1,cloud,1975.000,0.000000
FOG_WITH_IDS_seed1,FOG_WITH_IDS,1,proxy,1975.000,0.000000
FOG_WITH_IDS_seed1,FOG_WITH_IDS,1,fog-1,1975.000,0.440000
FOG_WITH_IDS_seed1,FOG_WITH_IDS,1,fog-2,1975.000,0.040000
FOG_WITH_IDS_seed1,FOG_WITH_IDS,1,fog-3,1975.000,0.440000
FOG_WITH_IDS_seed1,FOG_WITH_IDS,1,cloud,2000.000,0.000000
FOG_WITH_IDS_seed1,FOG_WITH_IDS,1,proxy,2000.000,0.000000
FOG_WITH_IDS_seed1,FOG_WITH_IDS,1,fog-1,2000.000,0.040000
FOG_WITH_IDS_seed1,FOG_WITH_IDS,1,fog-2,2000.000,0.040000
FOG_WITH_IDS_seed1,FOG_WITH_IDS,1,fog-3,2000.000,0.040000
FOG_WITH_IDS_seed1,FOG_WITH_IDS,1,cloud,2025.000,0.000000
FOG_WITH_IDS_seed1,FOG_WITH_IDS,1,proxy,2025.000,0.000000
FOG_WITH_IDS_seed1,FOG_WITH_IDS,1,fog-1,2025.000,0.480000
FOG_WITH_IDS_seed1,FOG_WITH_IDS,1,fog-2,2025.000,0.080000
FOG_WITH_IDS_seed1,FOG_WITH_IDS,1,fog-3,2025.000,0.480000
FOG_WITH_IDS_seed1,FOG_WITH_IDS,1,cloud,2050.000,0.000000
FOG_WITH_IDS_seed1,FOG_WITH_IDS,1,proxy,2050.000,0.000000
FOG_WITH_IDS_seed1,FOG_WITH_IDS,1,fog-1,2050.000,0.000000
FOG_WITH_IDS_seed1,FOG_WITH_IDS,1,fog-2,2050.000,0.000000
FOG_WITH_IDS_seed1,FOG_WITH_IDS,1,fog-3,2050.000,0.000000
FOG_WITH_IDS_seed1,FOG_WITH_IDS,1,cloud,2075.000,0.000000
FOG_WITH_IDS_seed1,FOG_WITH_IDS,1,proxy,2075.000,0.000000
FOG_WITH_IDS_seed1,FOG_WITH_IDS,1,fog-1,2075.000,0.440000
FOG_WITH_IDS_seed1,FOG_WITH_IDS,1,fog-2,2075.000,0.040000
FOG_WITH_IDS_seed1,FOG_WITH_IDS,1,fog-3,2075.000,0.440000
FOG_WITH_IDS_seed1,FOG_WITH_IDS,1,cloud,2100.000,0.000000
FOG_WITH_IDS_seed1,FOG_WITH_IDS,1,proxy,2100.000,0.000000
FOG_WITH_IDS_seed1,FOG_WITH_IDS,1,fog-1,2100.000,0.040000
FOG_WITH_IDS_seed1,FOG_WITH_IDS,1,fog-2,2100.000,0.040000
FOG_WITH_IDS_seed1,FOG_WITH_IDS,1,fog-3,2100.000,0.040000
FOG_WITH_IDS_seed1,FOG_WITH_IDS,1,cloud,2125.000,0.000000
FOG_WITH_IDS_seed1,FOG_WITH_IDS,1,proxy,2125.000,0.000000
FOG_WITH_IDS_seed1,FOG_WITH_IDS,1,fog-1,2125.000,0.480000
FOG_WITH_IDS_seed1,FOG_WITH_IDS,1,fog-2,2125.000,0.080000
FOG_WITH_IDS_seed1,FOG_WITH_IDS,1,fog-3,2125.000,0.480000
FOG_WITH_IDS_seed1,FOG_WITH_IDS,1,cloud,2150.000,0.000000
FOG_WITH_IDS_seed1,FOG_WITH_IDS,1,proxy,2150.000,0.000000
FOG_WITH_IDS_seed1,FOG_WITH_IDS,1,fog-1,2150.000,0.000000
FOG_WITH_IDS_seed1,FOG_WITH_IDS,1,fog-2,2150.000,0.000000
FOG_WITH_IDS_seed1,FOG_WITH_IDS,1,fog-3,2150.000,0.000000
FOG_WITH_IDS_seed1,FOG_WITH_IDS,1,cloud,2175.000,0.000000
FOG_WITH_IDS_seed1,FOG_WITH_IDS,1,proxy,2175.000,0.000000
FOG_WITH_IDS_seed1,FOG_WITH_IDS,1,fog-1,2175.000,0.440000
FOG_WITH_IDS_seed1,FOG_WITH_IDS,1,fog-2,2175.000,0.040000
FOG_WITH_IDS_seed1,FOG_WITH_IDS,1,fog-3,2175.000,0.440000
FOG_WITH_IDS_seed1,FOG_WITH_IDS,1,cloud,2200.000,0.000000
FOG_WITH_IDS_seed1,FOG_WITH_IDS,1,proxy,2200.000,0.000000
FOG_WITH_IDS_seed1,FOG_WITH_IDS,1,fog-1,2200.000,0.040000
FOG_WITH_IDS_seed1,FOG_WITH_IDS,1,fog-2,2200.000,0.040000
FOG_WITH_IDS_seed1,FOG_WITH_IDS,1,fog-3,2200.000,0.040000
FOG_WITH_IDS_seed1,FOG_WITH_IDS,1,cloud,2225.000,0.000000
FOG_WITH_IDS_seed1,FOG_WITH_IDS,1,proxy,2225.000,0.000000
FOG_WITH_IDS_seed1,FOG_WITH_IDS,1,fog-1,2225.000,0.480000
FOG_WITH_IDS_seed1,FOG_WITH_IDS,1,fog-2,2225.000,0.080000
FOG_WITH_IDS_seed1,FOG_WITH_IDS,1,fog-3,2225.000,0.480000
FOG_WITH_IDS_seed1,FOG_WITH_IDS,1,cloud,2250.000,0.000000
FOG_WITH_IDS_seed1,FOG_WITH_IDS,1,proxy,2250.000,0.000000
FOG_WITH_IDS_seed1,FOG_WITH_IDS,1,fog-1,2250.000,0.000000
FOG_WITH_IDS_seed1,FOG_WITH_IDS,1,fog-2,2250.000,0.000000
FOG_WITH_IDS_seed1,FOG_WITH_IDS,1,fog-3,2250.000,0.000000
FOG_WITH_IDS_seed1,FOG_WITH_IDS,1,cloud,2275.000,0.000000
FOG_WITH_IDS_seed1,FOG_WITH_IDS,1,proxy,2275.000,0.000000
FOG_WITH_IDS_seed1,FOG_WITH_IDS,1,fog-1,2275.000,0.440000
FOG_WITH_IDS_seed1,FOG_WITH_IDS,1,fog-2,2275.000,0.040000
FOG_WITH_IDS_seed1,FOG_WITH_IDS,1,fog-3,2275.000,0.440000
FOG_WITH_IDS_seed1,FOG_WITH_IDS,1,cloud,2300.000,0.000000
FOG_WITH_IDS_seed1,FOG_WITH_IDS,1,proxy,2300.000,0.000000
FOG_WITH_IDS_seed1,FOG_WITH_IDS,1,fog-1,2300.000,0.040000
FOG_WITH_IDS_seed1,FOG_WITH_IDS,1,fog-2,2300.000,0.040000
FOG_WITH_IDS_seed1,FOG_WITH_IDS,1,fog-3,2300.000,0.040000
FOG_WITH_IDS_seed1,FOG_WITH_IDS,1,cloud,2325.000,0.000000
FOG_WITH_IDS_seed1,FOG_WITH_IDS,1,proxy,2325.000,0.000000
FOG_WITH_IDS_seed1,FOG_WITH_IDS,1,fog-1,2325.000,0.480000
FOG_WITH_IDS_seed1,FOG_WITH_IDS,1,fog-2,2325.000,0.080000
FOG_WITH_IDS_seed1,FOG_WITH_IDS,1,fog-3,2325.000,0.480000
FOG_WITH_IDS_seed1,FOG_WITH_IDS,1,cloud,2350.000,0.000000
FOG_WITH_IDS_seed1,FOG_WITH_IDS,1,proxy,2350.000,0.000000
FOG_WITH_IDS_seed1,FOG_WITH_IDS,1,fog-1,2350.000,0.000000
FOG_WITH_IDS_seed1,FOG_WITH_IDS,1,fog-2,2350.000,0.000000
FOG_WITH_IDS_seed1,FOG_WITH_IDS,1,fog-3,2350.000,0.000000
FOG_WITH_IDS_seed1,FOG_WITH_IDS,1,cloud,2375.000,0.000000
FOG_WITH_IDS_seed1,FOG_WITH_IDS,1,proxy,2375.000,0.000000
FOG_WITH_IDS_seed1,FOG_WITH_IDS,1,fog-1,2375.000,0.440000
FOG_WITH_IDS_seed1,FOG_WITH_IDS,1,fog-2,2375.000,0.040000
FOG_WITH_IDS_seed1,FOG_WITH_IDS,1,fog-3,2375.000,0.440000
FOG_WITH_IDS_seed1,FOG_WITH_IDS,1,cloud,2400.000,0.000000
FOG_WITH_IDS_seed1,FOG_WITH_IDS,1,proxy,2400.000,0.000000
FOG_WITH_IDS_seed1,FOG_WITH_IDS,1,fog-1,2400.000,0.040000
FOG_WITH_IDS_seed1,FOG_WITH_IDS,1,fog-2,2400.000,0.040000
FOG_WITH_IDS_seed1,FOG_WITH_IDS,1,fog-3,2400.000,0.040000
FOG_WITH_IDS_seed1,FOG_WITH_IDS,1,cloud,2425.000,0.000000
FOG_WITH_IDS_seed1,FOG_WITH_IDS,1,proxy,2425.000,0.000000
FOG_WITH_IDS_seed1,FOG_WITH_IDS,1,fog-1,2425.000,0.480000
FOG_WITH_IDS_seed1,FOG_WITH_IDS,1,fog-2,2425.000,0.080000
FOG_WITH_IDS_seed1,FOG_WITH_IDS,1,fog-3,2425.000,0.480000
FOG_WITH_IDS_seed1,FOG_WITH_IDS,1,cloud,2450.000,0.000000
FOG_WITH_IDS_seed1,FOG_WITH_IDS,1,proxy,2450.000,0.000000
FOG_WITH_IDS_seed1,FOG_WITH_IDS,1,fog-1,2450.000,0.000000
FOG_WITH_IDS_seed1,FOG_WITH_IDS,1,fog-2,2450.000,0.000000
FOG_WITH_IDS_seed1,FOG_WITH_IDS,1,fog-3,2450.000,0.000000
FOG_WITH_IDS_seed1,FOG_WITH_IDS,1,cloud,2475.000,0.000000
FOG_WITH_IDS_seed1,FOG_WITH_IDS,1,proxy,2475.000,0.000000
FOG_WITH_IDS_seed1,FOG_WITH_IDS,1,fog-1,2475.000,0.440000
FOG_WITH_IDS_seed1,FOG_WITH_IDS,1,fog-2,2475.000,0.040000
FOG_WITH_IDS_seed1,FOG_WITH_IDS,1,fog-3,2475.000,0.440000
FOG_WITH_IDS_seed1,FOG_WITH_IDS,1,cloud,2500.000,0.000000
FOG_WITH_IDS_seed1,FOG_WITH_IDS,1,proxy,2500.000,0.000000
FOG_WITH_IDS_seed1,FOG_WITH_IDS,1,fog-1,2500.000,0.040000
FOG_WITH_IDS_seed1,FOG_WITH_IDS,1,fog-2,2500.000,0.040000
FOG_WITH_IDS_seed1,FOG_WITH_IDS,1,fog-3,2500.000,0.040000
FOG_WITH_IDS_seed1,FOG_WITH_IDS,1,cloud,2525.000,0.000000
FOG_WITH_IDS_seed1,FOG_WITH_IDS,1,proxy,2525.000,0.000000
FOG_WITH_IDS_seed1,FOG_WITH_IDS,1,fog-1,2525.000,0.480000
FOG_WITH_IDS_seed1,FOG_WITH_IDS,1,fog-2,2525.000,0.080000
FOG_WITH_IDS_seed1,FOG_WITH_IDS,1,fog-3,2525.000,0.480000
FOG_WITH_IDS_seed1,FOG_WITH_IDS,1,cloud,2550.000,0.000000
FOG_WITH_IDS_seed1,FOG_WITH_IDS,1,proxy,2550.000,0.000000
FOG_WITH_IDS_seed1,FOG_WITH_IDS,1,fog-1,2550.000,0.000000
FOG_WITH_IDS_seed1,FOG_WITH_IDS,1,fog-2,2550.000,0.000000
FOG_WITH_IDS_seed1,FOG_WITH_IDS,1,fog-3,2550.000,0.000000
FOG_WITH_IDS_seed1,FOG_WITH_IDS,1,cloud,2575.000,0.000000
FOG_WITH_IDS_seed1,FOG_WITH_IDS,1,proxy,2575.000,0.000000
FOG_WITH_IDS_seed1,FOG_WITH_IDS,1,fog-1,2575.000,0.440000
FOG_WITH_IDS_seed1,FOG_WITH_IDS,1,fog-2,2575.000,0.040000
FOG_WITH_IDS_seed1,FOG_WITH_IDS,1,fog-3,2575.000,0.440000
FOG_WITH_IDS_seed1,FOG_WITH_IDS,1,cloud,2600.000,0.000000
FOG_WITH_IDS_seed1,FOG_WITH_IDS,1,proxy,2600.000,0.000000
FOG_WITH_IDS_seed1,FOG_WITH_IDS,1,fog-1,2600.000,0.040000
FOG_WITH_IDS_seed1,FOG_WITH_IDS,1,fog-2,2600.000,0.040000
FOG_WITH_IDS_seed1,FOG_WITH_IDS,1,fog-3,2600.000,0.040000
FOG_WITH_IDS_seed1,FOG_WITH_IDS,1,cloud,2625.000,0.000000
FOG_WITH_IDS_seed1,FOG_WITH_IDS,1,proxy,2625.000,0.000000
FOG_WITH_IDS_seed1,FOG_WITH_IDS,1,fog-1,2625.000,0.480000
FOG_WITH_IDS_seed1,FOG_WITH_IDS,1,fog-2,2625.000,0.080000
FOG_WITH_IDS_seed1,FOG_WITH_IDS,1,fog-3,2625.000,0.480000
FOG_WITH_IDS_seed1,FOG_WITH_IDS,1,cloud,2650.000,0.000000
FOG_WITH_IDS_seed1,FOG_WITH_IDS,1,proxy,2650.000,0.000000
FOG_WITH_IDS_seed1,FOG_WITH_IDS,1,fog-1,2650.000,0.000000
FOG_WITH_IDS_seed1,FOG_WITH_IDS,1,fog-2,2650.000,0.000000
FOG_WITH_IDS_seed1,FOG_WITH_IDS,1,fog-3,2650.000,0.000000
FOG_WITH_IDS_seed1,FOG_WITH_IDS,1,cloud,2675.000,0.000000
FOG_WITH_IDS_seed1,FOG_WITH_IDS,1,proxy,2675.000,0.000000
FOG_WITH_IDS_seed1,FOG_WITH_IDS,1,fog-1,2675.000,0.440000
FOG_WITH_IDS_seed1,FOG_WITH_IDS,1,fog-2,2675.000,0.040000
FOG_WITH_IDS_seed1,FOG_WITH_IDS,1,fog-3,2675.000,0.440000
FOG_WITH_IDS_seed1,FOG_WITH_IDS,1,cloud,2700.000,0.000000
FOG_WITH_IDS_seed1,FOG_WITH_IDS,1,proxy,2700.000,0.000000
FOG_WITH_IDS_seed1,FOG_WITH_IDS,1,fog-1,2700.000,0.040000
FOG_WITH_IDS_seed1,FOG_WITH_IDS,1,fog-2,2700.000,0.040000
FOG_WITH_IDS_seed1,FOG_WITH_IDS,1,fog-3,2700.000,0.040000
FOG_WITH_IDS_seed1,FOG_WITH_IDS,1,cloud,2725.000,0.000000
FOG_WITH_IDS_seed1,FOG_WITH_IDS,1,proxy,2725.000,0.000000
FOG_WITH_IDS_seed1,FOG_WITH_IDS,1,fog-1,2725.000,0.480000
FOG_WITH_IDS_seed1,FOG_WITH_IDS,1,fog-2,2725.000,0.080000
FOG_WITH_IDS_seed1,FOG_WITH_IDS,1,fog-3,2725.000,0.480000
FOG_WITH_IDS_seed1,FOG_WITH_IDS,1,cloud,2750.000,0.000000
FOG_WITH_IDS_seed1,FOG_WITH_IDS,1,proxy,2750.000,0.000000
FOG_WITH_IDS_seed1,FOG_WITH_IDS,1,fog-1,2750.000,0.000000
FOG_WITH_IDS_seed1,FOG_WITH_IDS,1,fog-2,2750.000,0.000000
FOG_WITH_IDS_seed1,FOG_WITH_IDS,1,fog-3,2750.000,0.000000
FOG_WITH_IDS_seed1,FOG_WITH_IDS,1,cloud,2775.000,0.000000
FOG_WITH_IDS_seed1,FOG_WITH_IDS,1,proxy,2775.000,0.000000
FOG_WITH_IDS_seed1,FOG_WITH_IDS,1,fog-1,2775.000,0.440000
FOG_WITH_IDS_seed1,FOG_WITH_IDS,1,fog-2,2775.000,0.040000
FOG_WITH_IDS_seed1,FOG_WITH_IDS,1,fog-3,2775.000,0.440000
FOG_WITH_IDS_seed1,FOG_WITH_IDS,1,cloud,2800.000,0.000000
FOG_WITH_IDS_seed1,FOG_WITH_IDS,1,proxy,2800.000,0.000000
FOG_WITH_IDS_seed1,FOG_WITH_IDS,1,fog-1,2800.000,0.040000
FOG_WITH_IDS_seed1,FOG_WITH_IDS,1,fog-2,2800.000,0.040000
FOG_WITH_IDS_seed1,FOG_WITH_IDS,1,fog-3,2800.000,0.040000
FOG_WITH_IDS_seed1,FOG_WITH_IDS,1,cloud,2825.000,0.000000
FOG_WITH_IDS_seed1,FOG_WITH_IDS,1,proxy,2825.000,0.000000
FOG_WITH_IDS_seed1,FOG_WITH_IDS,1,fog-1,2825.000,0.480000
FOG_WITH_IDS_seed1,FOG_WITH_IDS,1,fog-2,2825.000,0.080000
FOG_WITH_IDS_seed1,FOG_WITH_IDS,1,fog-3,2825.000,0.480000
FOG_WITH_IDS_seed1,FOG_WITH_IDS,1,cloud,2850.000,0.000000
FOG_WITH_IDS_seed1,FOG_WITH_IDS,1,proxy,2850.000,0.000000
FOG_WITH_IDS_seed1,FOG_WITH_IDS,1,fog-1,2850.000,0.000000
FOG_WITH_IDS_seed1,FOG_WITH_IDS,1,fog-2,2850.000,0.000000
FOG_WITH_IDS_seed1,FOG_WITH_IDS,1,fog-3,2850.000,0.000000
FOG_WITH_IDS_seed1,FOG_WITH_IDS,1,cloud,2875.000,0.000000
FOG_WITH_IDS_seed1,FOG_WITH_IDS,1,proxy,2875.000,0.000000
FOG_WITH_IDS_seed1,FOG_WITH_IDS,1,fog-1,2875.000,0.440000
FOG_WITH_IDS_seed1,FOG_WITH_IDS,1,fog-2,2875.000,0.040000
FOG_WITH_IDS_seed1,FOG_WITH_IDS,1,fog-3,2875.000,0.440000
FOG_WITH_IDS_seed1,FOG_WITH_IDS,1,cloud,2900.000,0.000000
FOG_WITH_IDS_seed1,FOG_WITH_IDS,1,proxy,2900.000,0.000000
FOG_WITH_IDS_seed1,FOG_WITH_IDS,1,fog-1,2900.000,0.040000
FOG_WITH_IDS_seed1,FOG_WITH_IDS,1,fog-2,2900.000,0.040000
FOG_WITH_IDS_seed1,FOG_WITH_IDS,1,fog-3,2900.000,0.040000
FOG_WITH_IDS_seed1,FOG_WITH_IDS,1,cloud,2925.000,0.000000
FOG_WITH_IDS_seed1,FOG_WITH_IDS,1,proxy,2925.000,0.000000
FOG_WITH_IDS_seed1,FOG_WITH_IDS,1,fog-1,2925.000,0.480000
FOG_WITH_IDS_seed1,FOG_WITH_IDS,1,fog-2,2925.000,0.080000
FOG_WITH_IDS_seed1,FOG_WITH_IDS,1,fog-3,2925.000,0.480000
FOG_WITH_IDS_seed1,FOG_WITH_IDS,1,cloud,2950.000,0.000000
FOG_WITH_IDS_seed1,FOG_WITH_IDS,1,proxy,2950.000,0.000000
FOG_WITH_IDS_seed1,FOG_WITH_IDS,1,fog-1,2950.000,0.000000
FOG_WITH_IDS_seed1,FOG_WITH_IDS,1,fog-2,2950.000,0.000000
FOG_WITH_IDS_seed1,FOG_WITH_IDS,1,fog-3,2950.000,0.000000
FOG_WITH_IDS_seed1,FOG_WITH_IDS,1,cloud,2975.000,0.000000
FOG_WITH_IDS_seed1,FOG_WITH_IDS,1,proxy,2975.000,0.000000
FOG_WITH_IDS_seed1,FOG_WITH_IDS,1,fog-1,2975.000,0.440000
FOG_WITH_IDS_seed1,FOG_WITH_IDS,1,fog-2,2975.000,0.040000
FOG_WITH_IDS_seed1,FOG_WITH_IDS,1,fog-3,2975.000,0.440000
FOG_WITH_IDS_seed1,FOG_WITH_IDS,1,cloud,3000.000,0.000000
FOG_WITH_IDS_seed1,FOG_WITH_IDS,1,proxy,3000.000,0.000000
FOG_WITH_IDS_seed1,FOG_WITH_IDS,1,fog-1,3000.000,0.040000
FOG_WITH_IDS_seed1,FOG_WITH_IDS,1,fog-2,3000.000,0.040000
FOG_WITH_IDS_seed1,FOG_WITH_IDS,1,fog-3,3000.000,0.040000
FOG_WITH_IDS_seed1,FOG_WITH_IDS,1,cloud,3025.000,0.000000
FOG_WITH_IDS_seed1,FOG_WITH_IDS,1,proxy,3025.000,0.000000
FOG_WITH_IDS_seed1,FOG_WITH_IDS,1,fog-1,3025.000,0.480000
FOG_WITH_IDS_seed1,FOG_WITH_IDS,1,fog-2,3025.000,0.080000
FOG_WITH_IDS_seed1,FOG_WITH_IDS,1,fog-3,3025.000,0.480000
FOG_WITH_IDS_seed1,FOG_WITH_IDS,1,cloud,3050.000,0.000000
FOG_WITH_IDS_seed1,FOG_WITH_IDS,1,proxy,3050.000,0.000000
FOG_WITH_IDS_seed1,FOG_WITH_IDS,1,fog-1,3050.000,0.000000
FOG_WITH_IDS_seed1,FOG_WITH_IDS,1,fog-2,3050.000,0.000000
FOG_WITH_IDS_seed1,FOG_WITH_IDS,1,fog-3,3050.000,0.000000
FOG_WITH_IDS_seed1,FOG_WITH_IDS,1,cloud,3075.000,0.000000
FOG_WITH_IDS_seed1,FOG_WITH_IDS,1,proxy,3075.000,0.000000
FOG_WITH_IDS_seed1,FOG_WITH_IDS,1,fog-1,3075.000,0.440000
FOG_WITH_IDS_seed1,FOG_WITH_IDS,1,fog-2,3075.000,0.040000
FOG_WITH_IDS_seed1,FOG_WITH_IDS,1,fog-3,3075.000,0.440000
FOG_WITH_IDS_seed1,FOG_WITH_IDS,1,cloud,3100.000,0.000000
FOG_WITH_IDS_seed1,FOG_WITH_IDS,1,proxy,3100.000,0.000000
FOG_WITH_IDS_seed1,FOG_WITH_IDS,1,fog-1,3100.000,0.040000
FOG_WITH_IDS_seed1,FOG_WITH_IDS,1,fog-2,3100.000,0.040000
FOG_WITH_IDS_seed1,FOG_WITH_IDS,1,fog-3,3100.000,0.040000
FOG_WITH_IDS_seed1,FOG_WITH_IDS,1,cloud,3125.000,0.000000
FOG_WITH_IDS_seed1,FOG_WITH_IDS,1,proxy,3125.000,0.000000
FOG_WITH_IDS_seed1,FOG_WITH_IDS,1,fog-1,3125.000,0.480000
FOG_WITH_IDS_seed1,FOG_WITH_IDS,1,fog-2,3125.000,0.080000
FOG_WITH_IDS_seed1,FOG_WITH_IDS,1,fog-3,3125.000,0.480000
FOG_WITH_IDS_seed1,FOG_WITH_IDS,1,cloud,3150.000,0.000000
FOG_WITH_IDS_seed1,FOG_WITH_IDS,1,proxy,3150.000,0.000000
FOG_WITH_IDS_seed1,FOG_WITH_IDS,1,fog-1,3150.000,0.000000
FOG_WITH_IDS_seed1,FOG_WITH_IDS,1,fog-2,3150.000,0.000000
FOG_WITH_IDS_seed1,FOG_WITH_IDS,1,fog-3,3150.000,0.000000
FOG_WITH_IDS_seed1,FOG_WITH_IDS,1,cloud,3175.000,0.000000
FOG_WITH_IDS_seed1,FOG_WITH_IDS,1,proxy,3175.000,0.000000
FOG_WITH_IDS_seed1,FOG_WITH_IDS,1,fog-1,3175.000,0.440000
FOG_WITH_IDS_seed1,FOG_WITH_IDS,1,fog-2,3175.000,0.040000
FOG_WITH_IDS_seed1,FOG_WITH_IDS,1,fog-3,3175.000,0.440000
FOG_WITH_IDS_seed1,FOG_WITH_IDS,1,cloud,3200.000,0.000000
FOG_WITH_IDS_seed1,FOG_WITH_IDS,1,proxy,3200.000,0.000000
FOG_WITH_IDS_seed1,FOG_WITH_IDS,1,fog-1,3200.000,0.040000
FOG_WITH_IDS_seed1,FOG_WITH_IDS,1,fog-2,3200.000,0.040000
FOG_WITH_IDS_seed1,FOG_WITH_IDS,1,fog-3,3200.000,0.040000
FOG_WITH_IDS_seed1,FOG_WITH_IDS,1,cloud,3225.000,0.000000
FOG_WITH_IDS_seed1,FOG_WITH_IDS,1,proxy,3225.000,0.000000
FOG_WITH_IDS_seed1,FOG_WITH_IDS,1,fog-1,3225.000,0.480000
FOG_WITH_IDS_seed1,FOG_WITH_IDS,1,fog-2,3225.000,0.080000
FOG_WITH_IDS_seed1,FOG_WITH_IDS,1,fog-3,3225.000,0.480000
FOG_WITH_IDS_seed1,FOG_WITH_IDS,1,cloud,3250.000,0.000000
FOG_WITH_IDS_seed1,FOG_WITH_IDS,1,proxy,3250.000,0.000000
FOG_WITH_IDS_seed1,FOG_WITH_IDS,1,fog-1,3250.000,0.000000
FOG_WITH_IDS_seed1,FOG_WITH_IDS,1,fog-2,3250.000,0.000000
FOG_WITH_IDS_seed1,FOG_WITH_IDS,1,fog-3,3250.000,0.000000
FOG_WITH_IDS_seed1,FOG_WITH_IDS,1,cloud,3275.000,0.000000
FOG_WITH_IDS_seed1,FOG_WITH_IDS,1,proxy,3275.000,0.000000
FOG_WITH_IDS_seed1,FOG_WITH_IDS,1,fog-1,3275.000,0.440000
FOG_WITH_IDS_seed1,FOG_WITH_IDS,1,fog-2,3275.000,0.040000
FOG_WITH_IDS_seed1,FOG_WITH_IDS,1,fog-3,3275.000,0.440000
FOG_WITH_IDS_seed1,FOG_WITH_IDS,1,cloud,3300.000,0.000000
FOG_WITH_IDS_seed1,FOG_WITH_IDS,1,proxy,3300.000,0.000000
FOG_WITH_IDS_seed1,FOG_WITH_IDS,1,fog-1,3300.000,0.040000
FOG_WITH_IDS_seed1,FOG_WITH_IDS,1,fog-2,3300.000,0.040000
FOG_WITH_IDS_seed1,FOG_WITH_IDS,1,fog-3,3300.000,0.040000
FOG_WITH_IDS_seed1,FOG_WITH_IDS,1,cloud,3325.000,0.000000
FOG_WITH_IDS_seed1,FOG_WITH_IDS,1,proxy,3325.000,0.000000
FOG_WITH_IDS_seed1,FOG_WITH_IDS,1,fog-1,3325.000,0.480000
FOG_WITH_IDS_seed1,FOG_WITH_IDS,1,fog-2,3325.000,0.080000
FOG_WITH_IDS_seed1,FOG_WITH_IDS,1,fog-3,3325.000,0.480000
FOG_WITH_IDS_seed1,FOG_WITH_IDS,1,cloud,3350.000,0.000000
FOG_WITH_IDS_seed1,FOG_WITH_IDS,1,proxy,3350.000,0.000000
FOG_WITH_IDS_seed1,FOG_WITH_IDS,1,fog-1,3350.000,0.000000
FOG_WITH_IDS_seed1,FOG_WITH_IDS,1,fog-2,3350.000,0.000000
FOG_WITH_IDS_seed1,FOG_WITH_IDS,1,fog-3,3350.000,0.000000
FOG_WITH_IDS_seed1,FOG_WITH_IDS,1,cloud,3375.000,0.000000
FOG_WITH_IDS_seed1,FOG_WITH_IDS,1,proxy,3375.000,0.000000
FOG_WITH_IDS_seed1,FOG_WITH_IDS,1,fog-1,3375.000,0.440000
FOG_WITH_IDS_seed1,FOG_WITH_IDS,1,fog-2,3375.000,0.040000
FOG_WITH_IDS_seed1,FOG_WITH_IDS,1,fog-3,3375.000,0.440000
FOG_WITH_IDS_seed1,FOG_WITH_IDS,1,cloud,3400.000,0.000000
FOG_WITH_IDS_seed1,FOG_WITH_IDS,1,proxy,3400.000,0.000000
FOG_WITH_IDS_seed1,FOG_WITH_IDS,1,fog-1,3400.000,0.040000
FOG_WITH_IDS_seed1,FOG_WITH_IDS,1,fog-2,3400.000,0.040000
FOG_WITH_IDS_seed1,FOG_WITH_IDS,1,fog-3,3400.000,0.040000
FOG_WITH_IDS_seed1,FOG_WITH_IDS,1,cloud,3425.000,0.000000
FOG_WITH_IDS_seed1,FOG_WITH_IDS,1,proxy,3425.000,0.000000
FOG_WITH_IDS_seed1,FOG_WITH_IDS,1,fog-1,3425.000,0.480000
FOG_WITH_IDS_seed1,FOG_WITH_IDS,1,fog-2,3425.000,0.080000
FOG_WITH_IDS_seed1,FOG_WITH_IDS,1,fog-3,3425.000,0.480000
FOG_WITH_IDS_seed1,FOG_WITH_IDS,1,cloud,3450.000,0.000000
FOG_WITH_IDS_seed1,FOG_WITH_IDS,1,proxy,3450.000,0.000000
FOG_WITH_IDS_seed1,FOG_WITH_IDS,1,fog-1,3450.000,0.000000
FOG_WITH_IDS_seed1,FOG_WITH_IDS,1,fog-2,3450.000,0.000000
FOG_WITH_IDS_seed1,FOG_WITH_IDS,1,fog-3,3450.000,0.000000
FOG_WITH_IDS_seed1,FOG_WITH_IDS,1,cloud,3475.000,0.000000
FOG_WITH_IDS_seed1,FOG_WITH_IDS,1,proxy,3475.000,0.000000
FOG_WITH_IDS_seed1,FOG_WITH_IDS,1,fog-1,3475.000,0.440000
FOG_WITH_IDS_seed1,FOG_WITH_IDS,1,fog-2,3475.000,0.040000
FOG_WITH_IDS_seed1,FOG_WITH_IDS,1,fog-3,3475.000,0.440000
FOG_WITH_IDS_seed1,FOG_WITH_IDS,1,cloud,3500.000,0.000000
FOG_WITH_IDS_seed1,FOG_WITH_IDS,1,proxy,3500.000,0.000000
FOG_WITH_IDS_seed1,FOG_WITH_IDS,1,fog-1,3500.000,0.040000
FOG_WITH_IDS_seed1,FOG_WITH_IDS,1,fog-2,3500.000,0.040000
FOG_WITH_IDS_seed1,FOG_WITH_IDS,1,fog-3,3500.000,0.040000
FOG_WITH_IDS_seed1,FOG_WITH_IDS,1,cloud,3525.000,0.000000
FOG_WITH_IDS_seed1,FOG_WITH_IDS,1,proxy,3525.000,0.000000
FOG_WITH_IDS_seed1,FOG_WITH_IDS,1,fog-1,3525.000,0.480000
FOG_WITH_IDS_seed1,FOG_WITH_IDS,1,fog-2,3525.000,0.080000
FOG_WITH_IDS_seed1,FOG_WITH_IDS,1,fog-3,3525.000,0.480000
FOG_WITH_IDS_seed1,FOG_WITH_IDS,1,cloud,3550.000,0.000000
FOG_WITH_IDS_seed1,FOG_WITH_IDS,1,proxy,3550.000,0.000000
FOG_WITH_IDS_seed1,FOG_WITH_IDS,1,fog-1,3550.000,0.000000
FOG_WITH_IDS_seed1,FOG_WITH_IDS,1,fog-2,3550.000,0.000000
FOG_WITH_IDS_seed1,FOG_WITH_IDS,1,fog-3,3550.000,0.000000
FOG_WITH_IDS_seed1,FOG_WITH_IDS,1,cloud,3575.000,0.000000
FOG_WITH_IDS_seed1,FOG_WITH_IDS,1,proxy,3575.000,0.000000
FOG_WITH_IDS_seed1,FOG_WITH_IDS,1,fog-1,3575.000,0.440000
FOG_WITH_IDS_seed1,FOG_WITH_IDS,1,fog-2,3575.000,0.040000
FOG_WITH_IDS_seed1,FOG_WITH_IDS,1,fog-3,3575.000,0.440000
FOG_WITH_IDS_seed1,FOG_WITH_IDS,1,cloud,3600.000,0.000000
FOG_WITH_IDS_seed1,FOG_WITH_IDS,1,proxy,3600.000,0.000000
FOG_WITH_IDS_seed1,FOG_WITH_IDS,1,fog-1,3600.000,0.040000
FOG_WITH_IDS_seed1,FOG_WITH_IDS,1,fog-2,3600.000,0.040000
FOG_WITH_IDS_seed1,FOG_WITH_IDS,1,fog-3,3600.000,0.040000
FOG_WITH_IDS_seed1,FOG_WITH_IDS,1,cloud,3625.000,0.000000
FOG_WITH_IDS_seed1,FOG_WITH_IDS,1,proxy,3625.000,0.000000
FOG_WITH_IDS_seed1,FOG_WITH_IDS,1,fog-1,3625.000,0.480000
FOG_WITH_IDS_seed1,FOG_WITH_IDS,1,fog-2,3625.000,0.080000
FOG_WITH_IDS_seed1,FOG_WITH_IDS,1,fog-3,3625.000,0.480000
FOG_WITH_IDS_seed1,FOG_WITH_IDS,1,cloud,3650.000,0.000000
FOG_WITH_IDS_seed1,FOG_WITH_IDS,1,proxy,3650.000,0.000000
FOG_WITH_IDS_seed1,FOG_WITH_IDS,1,fog-1,3650.000,0.000000
FOG_WITH_IDS_seed1,FOG_WITH_IDS,1,fog-2,3650.000,0.000000
FOG_WITH_IDS_seed1,FOG_WITH_IDS,1,fog-3,3650.000,0.000000
FOG_WITH_IDS_seed1,FOG_WITH_IDS,1,cloud,3675.000,0.000000
FOG_WITH_IDS_seed1,FOG_WITH_IDS,1,proxy,3675.000,0.000000
FOG_WITH_IDS_seed1,FOG_WITH_IDS,1,fog-1,3675.000,0.440000
FOG_WITH_IDS_seed1,FOG_WITH_IDS,1,fog-2,3675.000,0.040000
FOG_WITH_IDS_seed1,FOG_WITH_IDS,1,fog-3,3675.000,0.440000
FOG_WITH_IDS_seed1,FOG_WITH_IDS,1,cloud,3700.000,0.000000
FOG_WITH_IDS_seed1,FOG_WITH_IDS,1,proxy,3700.000,0.000000
FOG_WITH_IDS_seed1,FOG_WITH_IDS,1,fog-1,3700.000,0.040000
FOG_WITH_IDS_seed1,FOG_WITH_IDS,1,fog-2,3700.000,0.040000
FOG_WITH_IDS_seed1,FOG_WITH_IDS,1,fog-3,3700.000,0.040000
FOG_WITH_IDS_seed1,FOG_WITH_IDS,1,cloud,3725.000,0.000000
FOG_WITH_IDS_seed1,FOG_WITH_IDS,1,proxy,3725.000,0.000000
FOG_WITH_IDS_seed1,FOG_WITH_IDS,1,fog-1,3725.000,0.480000
FOG_WITH_IDS_seed1,FOG_WITH_IDS,1,fog-2,3725.000,0.080000
FOG_WITH_IDS_seed1,FOG_WITH_IDS,1,fog-3,3725.000,0.480000
FOG_WITH_IDS_seed1,FOG_WITH_IDS,1,cloud,3750.000,0.000000
FOG_WITH_IDS_seed1,FOG_WITH_IDS,1,proxy,3750.000,0.000000
FOG_WITH_IDS_seed1,FOG_WITH_IDS,1,fog-1,3750.000,0.000000
FOG_WITH_IDS_seed1,FOG_WITH_IDS,1,fog-2,3750.000,0.000000
FOG_WITH_IDS_seed1,FOG_WITH_IDS,1,fog-3,3750.000,0.000000
FOG_WITH_IDS_seed1,FOG_WITH_IDS,1,cloud,3775.000,0.000000
FOG_WITH_IDS_seed1,FOG_WITH_IDS,1,proxy,3775.000,0.000000
FOG_WITH_IDS_seed1,FOG_WITH_IDS,1,fog-1,3775.000,0.440000
FOG_WITH_IDS_seed1,FOG_WITH_IDS,1,fog-2,3775.000,0.040000
FOG_WITH_IDS_seed1,FOG_WITH_IDS,1,fog-3,3775.000,0.440000
FOG_WITH_IDS_seed1,FOG_WITH_IDS,1,cloud,3800.000,0.000000
FOG_WITH_IDS_seed1,FOG_WITH_IDS,1,proxy,3800.000,0.000000
FOG_WITH_IDS_seed1,FOG_WITH_IDS,1,fog-1,3800.000,0.040000
FOG_WITH_IDS_seed1,FOG_WITH_IDS,1,fog-2,3800.000,0.040000
FOG_WITH_IDS_seed1,FOG_WITH_IDS,1,fog-3,3800.000,0.040000
FOG_WITH_IDS_seed1,FOG_WITH_IDS,1,cloud,3825.000,0.000000
FOG_WITH_IDS_seed1,FOG_WITH_IDS,1,proxy,3825.000,0.000000
FOG_WITH_IDS_seed1,FOG_WITH_IDS,1,fog-1,3825.000,0.480000
FOG_WITH_IDS_seed1,FOG_WITH_IDS,1,fog-2,3825.000,0.080000
FOG_WITH_IDS_seed1,FOG_WITH_IDS,1,fog-3,3825.000,0.480000
FOG_WITH_IDS_seed1,FOG_WITH_IDS,1,cloud,3850.000,0.000000
FOG_WITH_IDS_seed1,FOG_WITH_IDS,1,proxy,3850.000,0.000000
FOG_WITH_IDS_seed1,FOG_WITH_IDS,1,fog-1,3850.000,0.000000
FOG_WITH_IDS_seed1,FOG_WITH_IDS,1,fog-2,3850.000,0.000000
FOG_WITH_IDS_seed1,FOG_WITH_IDS,1,fog-3,3850.000,0.000000
FOG_WITH_IDS_seed1,FOG_WITH_IDS,1,cloud,3875.000,0.000000
FOG_WITH_IDS_seed1,FOG_WITH_IDS,1,proxy,3875.000,0.000000
FOG_WITH_IDS_seed1,FOG_WITH_IDS,1,fog-1,3875.000,0.440000
FOG_WITH_IDS_seed1,FOG_WITH_IDS,1,fog-2,3875.000,0.040000
FOG_WITH_IDS_seed1,FOG_WITH_IDS,1,fog-3,3875.000,0.440000
FOG_WITH_IDS_seed1,FOG_WITH_IDS,1,cloud,3900.000,0.000000
FOG_WITH_IDS_seed1,FOG_WITH_IDS,1,proxy,3900.000,0.000000
FOG_WITH_IDS_seed1,FOG_WITH_IDS,1,fog-1,3900.000,0.040000
FOG_WITH_IDS_seed1,FOG_WITH_IDS,1,fog-2,3900.000,0.040000
FOG_WITH_IDS_seed1,FOG_WITH_IDS,1,fog-3,3900.000,0.040000
FOG_WITH_IDS_seed1,FOG_WITH_IDS,1,cloud,3925.000,0.000000
FOG_WITH_IDS_seed1,FOG_WITH_IDS,1,proxy,3925.000,0.000000
FOG_WITH_IDS_seed1,FOG_WITH_IDS,1,fog-1,3925.000,0.480000
FOG_WITH_IDS_seed1,FOG_WITH_IDS,1,fog-2,3925.000,0.080000
FOG_WITH_IDS_seed1,FOG_WITH_IDS,1,fog-3,3925.000,0.480000
FOG_WITH_IDS_seed1,FOG_WITH_IDS,1,cloud,3950.000,0.000000
FOG_WITH_IDS_seed1,FOG_WITH_IDS,1,proxy,3950.000,0.000000
FOG_WITH_IDS_seed1,FOG_WITH_IDS,1,fog-1,3950.000,0.000000
FOG_WITH_IDS_seed1,FOG_WITH_IDS,1,fog-2,3950.000,0.000000
FOG_WITH_IDS_seed1,FOG_WITH_IDS,1,fog-3,3950.000,0.000000
FOG_WITH_IDS_seed1,FOG_WITH_IDS,1,cloud,3975.000,0.000000
FOG_WITH_IDS_seed1,FOG_WITH_IDS,1,proxy,3975.000,0.000000
FOG_WITH_IDS_seed1,FOG_WITH_IDS,1,fog-1,3975.000,0.440000
FOG_WITH_IDS_seed1,FOG_WITH_IDS,1,fog-2,3975.000,0.040000
FOG_WITH_IDS_seed1,FOG_WITH_IDS,1,fog-3,3975.000,0.440000
FOG_WITH_IDS_seed1,FOG_WITH_IDS,1,cloud,4000.000,0.000000
FOG_WITH_IDS_seed1,FOG_WITH_IDS,1,proxy,4000.000,0.000000
FOG_WITH_IDS_seed1,FOG_WITH_IDS,1,fog-1,4000.000,0.040000
FOG_WITH_IDS_seed1,FOG_WITH_IDS,1,fog-2,4000.000,0.040000
FOG_WITH_IDS_seed1,FOG_WITH_IDS,1,fog-3,4000.000,0.040000
FOG_WITH_IDS_seed1,FOG_WITH_IDS,1,cloud,4025.000,0.000000
FOG_WITH_IDS_seed1,FOG_WITH_IDS,1,proxy,4025.000,0.000000
FOG_WITH_IDS_seed1,FOG_WITH_IDS,1,fog-1,4025.000,0.480000
FOG_WITH_IDS_seed1,FOG_WITH_IDS,1,fog-2,4025.000,0.080000
FOG_WITH_IDS_seed1,FOG_WITH_IDS,1,fog-3,4025.000,0.480000
FOG_WITH_IDS_seed1,FOG_WITH_IDS,1,cloud,4050.000,0.000000
FOG_WITH_IDS_seed1,FOG_WITH_IDS,1,proxy,4050.000,0.000000
FOG_WITH_IDS_seed1,FOG_WITH_IDS,1,fog-1,4050.000,0.000000
FOG_WITH_IDS_seed1,FOG_WITH_IDS,1,fog-2,4050.000,0.000000
FOG_WITH_IDS_seed1,FOG_WITH_IDS,1,fog-3,4050.000,0.000000
FOG_WITH_IDS_seed1,FOG_WITH_IDS,1,cloud,4075.000,0.000000
FOG_WITH_IDS_seed1,FOG_WITH_IDS,1,proxy,4075.000,0.000000
FOG_WITH_IDS_seed1,FOG_WITH_IDS,1,fog-1,4075.000,0.440000
FOG_WITH_IDS_seed1,FOG_WITH_IDS,1,fog-2,4075.000,0.040000
FOG_WITH_IDS_seed1,FOG_WITH_IDS,1,fog-3,4075.000,0.440000
FOG_WITH_IDS_seed1,FOG_WITH_IDS,1,cloud,4100.000,0.000000
FOG_WITH_IDS_seed1,FOG_WITH_IDS,1,proxy,4100.000,0.000000
FOG_WITH_IDS_seed1,FOG_WITH_IDS,1,fog-1,4100.000,0.040000
FOG_WITH_IDS_seed1,FOG_WITH_IDS,1,fog-2,4100.000,0.040000
FOG_WITH_IDS_seed1,FOG_WITH_IDS,1,fog-3,4100.000,0.040000
FOG_WITH_IDS_seed1,FOG_WITH_IDS,1,cloud,4125.000,0.000000
FOG_WITH_IDS_seed1,FOG_WITH_IDS,1,proxy,4125.000,0.000000
FOG_WITH_IDS_seed1,FOG_WITH_IDS,1,fog-1,4125.000,0.480000
FOG_WITH_IDS_seed1,FOG_WITH_IDS,1,fog-2,4125.000,0.080000
FOG_WITH_IDS_seed1,FOG_WITH_IDS,1,fog-3,4125.000,0.480000
FOG_WITH_IDS_seed1,FOG_WITH_IDS,1,cloud,4150.000,0.000000
FOG_WITH_IDS_seed1,FOG_WITH_IDS,1,proxy,4150.000,0.000000
FOG_WITH_IDS_seed1,FOG_WITH_IDS,1,fog-1,4150.000,0.000000
FOG_WITH_IDS_seed1,FOG_WITH_IDS,1,fog-2,4150.000,0.000000
FOG_WITH_IDS_seed1,FOG_WITH_IDS,1,fog-3,4150.000,0.000000
FOG_WITH_IDS_seed1,FOG_WITH_IDS,1,cloud,4175.000,0.000000
FOG_WITH_IDS_seed1,FOG_WITH_IDS,1,proxy,4175.000,0.000000
FOG_WITH_IDS_seed1,FOG_WITH_IDS,1,fog-1,4175.000,0.440000
FOG_WITH_IDS_seed1,FOG_WITH_IDS,1,fog-2,4175.000,0.040000
FOG_WITH_IDS_seed1,FOG_WITH_IDS,1,fog-3,4175.000,0.440000
FOG_WITH_IDS_seed1,FOG_WITH_IDS,1,cloud,4200.000,0.000000
FOG_WITH_IDS_seed1,FOG_WITH_IDS,1,proxy,4200.000,0.000000
FOG_WITH_IDS_seed1,FOG_WITH_IDS,1,fog-1,4200.000,0.040000
FOG_WITH_IDS_seed1,FOG_WITH_IDS,1,fog-2,4200.000,0.040000
FOG_WITH_IDS_seed1,FOG_WITH_IDS,1,fog-3,4200.000,0.040000
FOG_WITH_IDS_seed1,FOG_WITH_IDS,1,cloud,4225.000,0.000000
FOG_WITH_IDS_seed1,FOG_WITH_IDS,1,proxy,4225.000,0.000000
FOG_WITH_IDS_seed1,FOG_WITH_IDS,1,fog-1,4225.000,0.480000
FOG_WITH_IDS_seed1,FOG_WITH_IDS,1,fog-2,4225.000,0.080000
FOG_WITH_IDS_seed1,FOG_WITH_IDS,1,fog-3,4225.000,0.480000
FOG_WITH_IDS_seed1,FOG_WITH_IDS,1,cloud,4250.000,0.000000
FOG_WITH_IDS_seed1,FOG_WITH_IDS,1,proxy,4250.000,0.000000
FOG_WITH_IDS_seed1,FOG_WITH_IDS,1,fog-1,4250.000,0.000000
FOG_WITH_IDS_seed1,FOG_WITH_IDS,1,fog-2,4250.000,0.000000
FOG_WITH_IDS_seed1,FOG_WITH_IDS,1,fog-3,4250.000,0.000000
FOG_WITH_IDS_seed1,FOG_WITH_IDS,1,cloud,4275.000,0.000000
FOG_WITH_IDS_seed1,FOG_WITH_IDS,1,proxy,4275.000,0.000000
FOG_WITH_IDS_seed1,FOG_WITH_IDS,1,fog-1,4275.000,0.440000
FOG_WITH_IDS_seed1,FOG_WITH_IDS,1,fog-2,4275.000,0.040000
FOG_WITH_IDS_seed1,FOG_WITH_IDS,1,fog-3,4275.000,0.440000
FOG_WITH_IDS_seed1,FOG_WITH_IDS,1,cloud,4300.000,0.000000
FOG_WITH_IDS_seed1,FOG_WITH_IDS,1,proxy,4300.000,0.000000
FOG_WITH_IDS_seed1,FOG_WITH_IDS,1,fog-1,4300.000,0.040000
FOG_WITH_IDS_seed1,FOG_WITH_IDS,1,fog-2,4300.000,0.040000
FOG_WITH_IDS_seed1,FOG_WITH_IDS,1,fog-3,4300.000,0.040000
FOG_WITH_IDS_seed1,FOG_WITH_IDS,1,cloud,4325.000,0.000000
FOG_WITH_IDS_seed1,FOG_WITH_IDS,1,proxy,4325.000,0.000000
FOG_WITH_IDS_seed1,FOG_WITH_IDS,1,fog-1,4325.000,0.480000
FOG_WITH_IDS_seed1,FOG_WITH_IDS,1,fog-2,4325.000,0.080000
FOG_WITH_IDS_seed1,FOG_WITH_IDS,1,fog-3,4325.000,0.480000
FOG_WITH_IDS_seed1,FOG_WITH_IDS,1,cloud,4350.000,0.000000
FOG_WITH_IDS_seed1,FOG_WITH_IDS,1,proxy,4350.000,0.000000
FOG_WITH_IDS_seed1,FOG_WITH_IDS,1,fog-1,4350.000,0.000000
FOG_WITH_IDS_seed1,FOG_WITH_IDS,1,fog-2,4350.000,0.000000
FOG_WITH_IDS_seed1,FOG_WITH_IDS,1,fog-3,4350.000,0.000000
FOG_WITH_IDS_seed1,FOG_WITH_IDS,1,cloud,4375.000,0.000000
FOG_WITH_IDS_seed1,FOG_WITH_IDS,1,proxy,4375.000,0.000000
FOG_WITH_IDS_seed1,FOG_WITH_IDS,1,fog-1,4375.000,0.440000
FOG_WITH_IDS_seed1,FOG_WITH_IDS,1,fog-2,4375.000,0.040000
FOG_WITH_IDS_seed1,FOG_WITH_IDS,1,fog-3,4375.000,0.440000
FOG_WITH_IDS_seed1,FOG_WITH_IDS,1,cloud,4400.000,0.000000
FOG_WITH_IDS_seed1,FOG_WITH_IDS,1,proxy,4400.000,0.000000
FOG_WITH_IDS_seed1,FOG_WITH_IDS,1,fog-1,4400.000,0.040000
FOG_WITH_IDS_seed1,FOG_WITH_IDS,1,fog-2,4400.000,0.040000
FOG_WITH_IDS_seed1,FOG_WITH_IDS,1,fog-3,4400.000,0.040000
FOG_WITH_IDS_seed1,FOG_WITH_IDS,1,cloud,4425.000,0.000000
FOG_WITH_IDS_seed1,FOG_WITH_IDS,1,proxy,4425.000,0.000000
FOG_WITH_IDS_seed1,FOG_WITH_IDS,1,fog-1,4425.000,0.480000
FOG_WITH_IDS_seed1,FOG_WITH_IDS,1,fog-2,4425.000,0.080000
FOG_WITH_IDS_seed1,FOG_WITH_IDS,1,fog-3,4425.000,0.480000
FOG_WITH_IDS_seed1,FOG_WITH_IDS,1,cloud,4450.000,0.000000
FOG_WITH_IDS_seed1,FOG_WITH_IDS,1,proxy,4450.000,0.000000
FOG_WITH_IDS_seed1,FOG_WITH_IDS,1,fog-1,4450.000,0.000000
FOG_WITH_IDS_seed1,FOG_WITH_IDS,1,fog-2,4450.000,0.000000
FOG_WITH_IDS_seed1,FOG_WITH_IDS,1,fog-3,4450.000,0.000000
FOG_WITH_IDS_seed1,FOG_WITH_IDS,1,cloud,4475.000,0.000000
FOG_WITH_IDS_seed1,FOG_WITH_IDS,1,proxy,4475.000,0.000000
FOG_WITH_IDS_seed1,FOG_WITH_IDS,1,fog-1,4475.000,0.440000
FOG_WITH_IDS_seed1,FOG_WITH_IDS,1,fog-2,4475.000,0.040000
FOG_WITH_IDS_seed1,FOG_WITH_IDS,1,fog-3,4475.000,0.440000
FOG_WITH_IDS_seed1,FOG_WITH_IDS,1,cloud,4500.000,0.000000
FOG_WITH_IDS_seed1,FOG_WITH_IDS,1,proxy,4500.000,0.000000
FOG_WITH_IDS_seed1,FOG_WITH_IDS,1,fog-1,4500.000,0.040000
FOG_WITH_IDS_seed1,FOG_WITH_IDS,1,fog-2,4500.000,0.040000
FOG_WITH_IDS_seed1,FOG_WITH_IDS,1,fog-3,4500.000,0.040000
FOG_WITH_IDS_seed1,FOG_WITH_IDS,1,cloud,4525.000,0.000000
FOG_WITH_IDS_seed1,FOG_WITH_IDS,1,proxy,4525.000,0.000000
FOG_WITH_IDS_seed1,FOG_WITH_IDS,1,fog-1,4525.000,0.480000
FOG_WITH_IDS_seed1,FOG_WITH_IDS,1,fog-2,4525.000,0.080000
FOG_WITH_IDS_seed1,FOG_WITH_IDS,1,fog-3,4525.000,0.480000
FOG_WITH_IDS_seed1,FOG_WITH_IDS,1,cloud,4550.000,0.000000
FOG_WITH_IDS_seed1,FOG_WITH_IDS,1,proxy,4550.000,0.000000
FOG_WITH_IDS_seed1,FOG_WITH_IDS,1,fog-1,4550.000,0.000000
FOG_WITH_IDS_seed1,FOG_WITH_IDS,1,fog-2,4550.000,0.000000
FOG_WITH_IDS_seed1,FOG_WITH_IDS,1,fog-3,4550.000,0.000000
FOG_WITH_IDS_seed1,FOG_WITH_IDS,1,cloud,4575.000,0.000000
FOG_WITH_IDS_seed1,FOG_WITH_IDS,1,proxy,4575.000,0.000000
FOG_WITH_IDS_seed1,FOG_WITH_IDS,1,fog-1,4575.000,0.440000
FOG_WITH_IDS_seed1,FOG_WITH_IDS,1,fog-2,4575.000,0.040000
FOG_WITH_IDS_seed1,FOG_WITH_IDS,1,fog-3,4575.000,0.440000
FOG_WITH_IDS_seed1,FOG_WITH_IDS,1,cloud,4600.000,0.000000
FOG_WITH_IDS_seed1,FOG_WITH_IDS,1,proxy,4600.000,0.000000
FOG_WITH_IDS_seed1,FOG_WITH_IDS,1,fog-1,4600.000,0.040000
FOG_WITH_IDS_seed1,FOG_WITH_IDS,1,fog-2,4600.000,0.040000
FOG_WITH_IDS_seed1,FOG_WITH_IDS,1,fog-3,4600.000,0.040000
FOG_WITH_IDS_seed1,FOG_WITH_IDS,1,cloud,4625.000,0.000000
FOG_WITH_IDS_seed1,FOG_WITH_IDS,1,proxy,4625.000,0.000000
FOG_WITH_IDS_seed1,FOG_WITH_IDS,1,fog-1,4625.000,0.480000
FOG_WITH_IDS_seed1,FOG_WITH_IDS,1,fog-2,4625.000,0.080000
FOG_WITH_IDS_seed1,FOG_WITH_IDS,1,fog-3,4625.000,0.480000
FOG_WITH_IDS_seed1,FOG_WITH_IDS,1,cloud,4650.000,0.000000
FOG_WITH_IDS_seed1,FOG_WITH_IDS,1,proxy,4650.000,0.000000
FOG_WITH_IDS_seed1,FOG_WITH_IDS,1,fog-1,4650.000,0.000000
FOG_WITH_IDS_seed1,FOG_WITH_IDS,1,fog-2,4650.000,0.000000
FOG_WITH_IDS_seed1,FOG_WITH_IDS,1,fog-3,4650.000,0.000000
FOG_WITH_IDS_seed1,FOG_WITH_IDS,1,cloud,4675.000,0.000000
FOG_WITH_IDS_seed1,FOG_WITH_IDS,1,proxy,4675.000,0.000000
FOG_WITH_IDS_seed1,FOG_WITH_IDS,1,fog-1,4675.000,0.440000
FOG_WITH_IDS_seed1,FOG_WITH_IDS,1,fog-2,4675.000,0.040000
FOG_WITH_IDS_seed1,FOG_WITH_IDS,1,fog-3,4675.000,0.440000
FOG_WITH_IDS_seed1,FOG_WITH_IDS,1,cloud,4700.000,0.000000
FOG_WITH_IDS_seed1,FOG_WITH_IDS,1,proxy,4700.000,0.000000
FOG_WITH_IDS_seed1,FOG_WITH_IDS,1,fog-1,4700.000,0.040000
FOG_WITH_IDS_seed1,FOG_WITH_IDS,1,fog-2,4700.000,0.040000
FOG_WITH_IDS_seed1,FOG_WITH_IDS,1,fog-3,4700.000,0.040000
FOG_WITH_IDS_seed1,FOG_WITH_IDS,1,cloud,4725.000,0.000000
FOG_WITH_IDS_seed1,FOG_WITH_IDS,1,proxy,4725.000,0.000000
FOG_WITH_IDS_seed1,FOG_WITH_IDS,1,fog-1,4725.000,0.480000
FOG_WITH_IDS_seed1,FOG_WITH_IDS,1,fog-2,4725.000,0.080000
FOG_WITH_IDS_seed1,FOG_WITH_IDS,1,fog-3,4725.000,0.480000
FOG_WITH_IDS_seed1,FOG_WITH_IDS,1,cloud,4750.000,0.000000
FOG_WITH_IDS_seed1,FOG_WITH_IDS,1,proxy,4750.000,0.000000
FOG_WITH_IDS_seed1,FOG_WITH_IDS,1,fog-1,4750.000,0.000000
FOG_WITH_IDS_seed1,FOG_WITH_IDS,1,fog-2,4750.000,0.000000
FOG_WITH_IDS_seed1,FOG_WITH_IDS,1,fog-3,4750.000,0.000000
FOG_WITH_IDS_seed1,FOG_WITH_IDS,1,cloud,4775.000,0.000000
FOG_WITH_IDS_seed1,FOG_WITH_IDS,1,proxy,4775.000,0.000000
FOG_WITH_IDS_seed1,FOG_WITH_IDS,1,fog-1,4775.000,0.440000
FOG_WITH_IDS_seed1,FOG_WITH_IDS,1,fog-2,4775.000,0.040000
FOG_WITH_IDS_seed1,FOG_WITH_IDS,1,fog-3,4775.000,0.440000
FOG_WITH_IDS_seed1,FOG_WITH_IDS,1,cloud,4800.000,0.000000
FOG_WITH_IDS_seed1,FOG_WITH_IDS,1,proxy,4800.000,0.000000
FOG_WITH_IDS_seed1,FOG_WITH_IDS,1,fog-1,4800.000,0.040000
FOG_WITH_IDS_seed1,FOG_WITH_IDS,1,fog-2,4800.000,0.040000
FOG_WITH_IDS_seed1,FOG_WITH_IDS,1,fog-3,4800.000,0.040000
FOG_WITH_IDS_seed1,FOG_WITH_IDS,1,cloud,4825.000,0.000000
FOG_WITH_IDS_seed1,FOG_WITH_IDS,1,proxy,4825.000,0.000000
FOG_WITH_IDS_seed1,FOG_WITH_IDS,1,fog-1,4825.000,0.480000
FOG_WITH_IDS_seed1,FOG_WITH_IDS,1,fog-2,4825.000,0.080000
FOG_WITH_IDS_seed1,FOG_WITH_IDS,1,fog-3,4825.000,0.480000
FOG_WITH_IDS_seed1,FOG_WITH_IDS,1,cloud,4850.000,0.000000
FOG_WITH_IDS_seed1,FOG_WITH_IDS,1,proxy,4850.000,0.000000
FOG_WITH_IDS_seed1,FOG_WITH_IDS,1,fog-1,4850.000,0.000000
FOG_WITH_IDS_seed1,FOG_WITH_IDS,1,fog-2,4850.000,0.000000
FOG_WITH_IDS_seed1,FOG_WITH_IDS,1,fog-3,4850.000,0.000000
FOG_WITH_IDS_seed1,FOG_WITH_IDS,1,cloud,4875.000,0.000000
FOG_WITH_IDS_seed1,FOG_WITH_IDS,1,proxy,4875.000,0.000000
FOG_WITH_IDS_seed1,FOG_WITH_IDS,1,fog-1,4875.000,0.440000
FOG_WITH_IDS_seed1,FOG_WITH_IDS,1,fog-2,4875.000,0.040000
FOG_WITH_IDS_seed1,FOG_WITH_IDS,1,fog-3,4875.000,0.440000
FOG_WITH_IDS_seed1,FOG_WITH_IDS,1,cloud,4900.000,0.000000
FOG_WITH_IDS_seed1,FOG_WITH_IDS,1,proxy,4900.000,0.000000
FOG_WITH_IDS_seed1,FOG_WITH_IDS,1,fog-1,4900.000,0.040000
FOG_WITH_IDS_seed1,FOG_WITH_IDS,1,fog-2,4900.000,0.040000
FOG_WITH_IDS_seed1,FOG_WITH_IDS,1,fog-3,4900.000,0.040000
FOG_WITH_IDS_seed1,FOG_WITH_IDS,1,cloud,4925.000,0.000000
FOG_WITH_IDS_seed1,FOG_WITH_IDS,1,proxy,4925.000,0.000000
FOG_WITH_IDS_seed1,FOG_WITH_IDS,1,fog-1,4925.000,0.480000
FOG_WITH_IDS_seed1,FOG_WITH_IDS,1,fog-2,4925.000,0.080000
FOG_WITH_IDS_seed1,FOG_WITH_IDS,1,fog-3,4925.000,0.480000
FOG_WITH_IDS_seed1,FOG_WITH_IDS,1,cloud,4950.000,0.000000
FOG_WITH_IDS_seed1,FOG_WITH_IDS,1,proxy,4950.000,0.000000
FOG_WITH_IDS_seed1,FOG_WITH_IDS,1,fog-1,4950.000,0.000000
FOG_WITH_IDS_seed1,FOG_WITH_IDS,1,fog-2,4950.000,0.000000
FOG_WITH_IDS_seed1,FOG_WITH_IDS,1,fog-3,4950.000,0.000000
FOG_WITH_IDS_seed1,FOG_WITH_IDS,1,cloud,4975.000,0.000000
FOG_WITH_IDS_seed1,FOG_WITH_IDS,1,proxy,4975.000,0.000000
FOG_WITH_IDS_seed1,FOG_WITH_IDS,1,fog-1,4975.000,0.440000
FOG_WITH_IDS_seed1,FOG_WITH_IDS,1,fog-2,4975.000,0.040000
FOG_WITH_IDS_seed1,FOG_WITH_IDS,1,fog-3,4975.000,0.440000
FOG_WITH_IDS_seed1,FOG_WITH_IDS,1,cloud,5000.000,0.000000
FOG_WITH_IDS_seed1,FOG_WITH_IDS,1,proxy,5000.000,0.000000
FOG_WITH_IDS_seed1,FOG_WITH_IDS,1,fog-1,5000.000,0.000000
FOG_WITH_IDS_seed1,FOG_WITH_IDS,1,fog-2,5000.000,0.000000
FOG_WITH_IDS_seed1,FOG_WITH_IDS,1,fog-3,5000.000,0.000000
FOG_WITH_IDS_seed2,FOG_WITH_IDS,2,cloud,25.000,0.000179
FOG_WITH_IDS_seed2,FOG_WITH_IDS,2,proxy,25.000,0.000000
FOG_WITH_IDS_seed2,FOG_WITH_IDS,2,fog-1,25.000,0.005500
FOG_WITH_IDS_seed2,FOG_WITH_IDS,2,fog-2,25.000,0.005500
FOG_WITH_IDS_seed2,FOG_WITH_IDS,2,fog-3,25.000,0.005500
FOG_WITH_IDS_seed2,FOG_WITH_IDS,2,cloud,50.000,0.000179
FOG_WITH_IDS_seed2,FOG_WITH_IDS,2,proxy,50.000,0.000000
FOG_WITH_IDS_seed2,FOG_WITH_IDS,2,fog-1,50.000,0.005500
FOG_WITH_IDS_seed2,FOG_WITH_IDS,2,fog-2,50.000,0.005500
FOG_WITH_IDS_seed2,FOG_WITH_IDS,2,fog-3,50.000,0.005500
FOG_WITH_IDS_seed2,FOG_WITH_IDS,2,cloud,75.000,0.000179
FOG_WITH_IDS_seed2,FOG_WITH_IDS,2,proxy,75.000,0.000000
FOG_WITH_IDS_seed2,FOG_WITH_IDS,2,fog-1,75.000,0.005500
FOG_WITH_IDS_seed2,FOG_WITH_IDS,2,fog-2,75.000,0.005500
FOG_WITH_IDS_seed2,FOG_WITH_IDS,2,fog-3,75.000,0.005500
FOG_WITH_IDS_seed2,FOG_WITH_IDS,2,cloud,100.000,0.000179
FOG_WITH_IDS_seed2,FOG_WITH_IDS,2,proxy,100.000,0.000000
FOG_WITH_IDS_seed2,FOG_WITH_IDS,2,fog-1,100.000,0.005500
FOG_WITH_IDS_seed2,FOG_WITH_IDS,2,fog-2,100.000,0.005500
FOG_WITH_IDS_seed2,FOG_WITH_IDS,2,fog-3,100.000,0.005500
FOG_WITH_IDS_seed2,FOG_WITH_IDS,2,cloud,125.000,0.000179
FOG_WITH_IDS_seed2,FOG_WITH_IDS,2,proxy,125.000,0.000000
FOG_WITH_IDS_seed2,FOG_WITH_IDS,2,fog-1,125.000,0.440220
FOG_WITH_IDS_seed2,FOG_WITH_IDS,2,fog-2,125.000,0.040220
FOG_WITH_IDS_seed2,FOG_WITH_IDS,2,fog-3,125.000,0.440220
FOG_WITH_IDS_seed2,FOG_WITH_IDS,2,cloud,150.000,0.000179
FOG_WITH_IDS_seed2,FOG_WITH_IDS,2,proxy,150.000,0.000000
FOG_WITH_IDS_seed2,FOG_WITH_IDS,2,fog-1,150.000,0.000000
FOG_WITH_IDS_seed2,FOG_WITH_IDS,2,fog-2,150.000,0.000000
FOG_WITH_IDS_seed2,FOG_WITH_IDS,2,fog-3,150.000,0.000000
FOG_WITH_IDS_seed2,FOG_WITH_IDS,2,cloud,175.000,0.000071
FOG_WITH_IDS_seed2,FOG_WITH_IDS,2,proxy,175.000,0.000000
FOG_WITH_IDS_seed2,FOG_WITH_IDS,2,fog-1,175.000,0.440000
FOG_WITH_IDS_seed2,FOG_WITH_IDS,2,fog-2,175.000,0.040000
FOG_WITH_IDS_seed2,FOG_WITH_IDS,2,fog-3,175.000,0.440000
FOG_WITH_IDS_seed2,FOG_WITH_IDS,2,cloud,200.000,0.000000
FOG_WITH_IDS_seed2,FOG_WITH_IDS,2,proxy,200.000,0.000000
FOG_WITH_IDS_seed2,FOG_WITH_IDS,2,fog-1,200.000,0.040000
FOG_WITH_IDS_seed2,FOG_WITH_IDS,2,fog-2,200.000,0.040000
FOG_WITH_IDS_seed2,FOG_WITH_IDS,2,fog-3,200.000,0.040000
FOG_WITH_IDS_seed2,FOG_WITH_IDS,2,cloud,225.000,0.000000
FOG_WITH_IDS_seed2,FOG_WITH_IDS,2,proxy,225.000,0.000000
FOG_WITH_IDS_seed2,FOG_WITH_IDS,2,fog-1,225.000,0.480000
FOG_WITH_IDS_seed2,FOG_WITH_IDS,2,fog-2,225.000,0.080000
FOG_WITH_IDS_seed2,FOG_WITH_IDS,2,fog-3,225.000,0.480000
FOG_WITH_IDS_seed2,FOG_WITH_IDS,2,cloud,250.000,0.000000
FOG_WITH_IDS_seed2,FOG_WITH_IDS,2,proxy,250.000,0.000000
FOG_WITH_IDS_seed2,FOG_WITH_IDS,2,fog-1,250.000,0.000000
FOG_WITH_IDS_seed2,FOG_WITH_IDS,2,fog-2,250.000,0.000000
FOG_WITH_IDS_seed2,FOG_WITH_IDS,2,fog-3,250.000,0.000000
FOG_WITH_IDS_seed2,FOG_WITH_IDS,2,cloud,275.000,0.000000
FOG_WITH_IDS_seed2,FOG_WITH_IDS,2,proxy,275.000,0.000000
FOG_WITH_IDS_seed2,FOG_WITH_IDS,2,fog-1,275.000,0.440000
FOG_WITH_IDS_seed2,FOG_WITH_IDS,2,fog-2,275.000,0.040000
FOG_WITH_IDS_seed2,FOG_WITH_IDS,2,fog-3,275.000,0.440000
FOG_WITH_IDS_seed2,FOG_WITH_IDS,2,cloud,300.000,0.000000
FOG_WITH_IDS_seed2,FOG_WITH_IDS,2,proxy,300.000,0.000000
FOG_WITH_IDS_seed2,FOG_WITH_IDS,2,fog-1,300.000,0.040000
FOG_WITH_IDS_seed2,FOG_WITH_IDS,2,fog-2,300.000,0.040000
FOG_WITH_IDS_seed2,FOG_WITH_IDS,2,fog-3,300.000,0.040000
FOG_WITH_IDS_seed2,FOG_WITH_IDS,2,cloud,325.000,0.000000
FOG_WITH_IDS_seed2,FOG_WITH_IDS,2,proxy,325.000,0.000000
FOG_WITH_IDS_seed2,FOG_WITH_IDS,2,fog-1,325.000,0.480000
FOG_WITH_IDS_seed2,FOG_WITH_IDS,2,fog-2,325.000,0.080000
FOG_WITH_IDS_seed2,FOG_WITH_IDS,2,fog-3,325.000,0.480000
FOG_WITH_IDS_seed2,FOG_WITH_IDS,2,cloud,350.000,0.000000
FOG_WITH_IDS_seed2,FOG_WITH_IDS,2,proxy,350.000,0.000000
FOG_WITH_IDS_seed2,FOG_WITH_IDS,2,fog-1,350.000,0.000000
FOG_WITH_IDS_seed2,FOG_WITH_IDS,2,fog-2,350.000,0.000000
FOG_WITH_IDS_seed2,FOG_WITH_IDS,2,fog-3,350.000,0.000000
FOG_WITH_IDS_seed2,FOG_WITH_IDS,2,cloud,375.000,0.000000
FOG_WITH_IDS_seed2,FOG_WITH_IDS,2,proxy,375.000,0.000000
FOG_WITH_IDS_seed2,FOG_WITH_IDS,2,fog-1,375.000,0.440000
FOG_WITH_IDS_seed2,FOG_WITH_IDS,2,fog-2,375.000,0.040000
FOG_WITH_IDS_seed2,FOG_WITH_IDS,2,fog-3,375.000,0.440000
FOG_WITH_IDS_seed2,FOG_WITH_IDS,2,cloud,400.000,0.000000
FOG_WITH_IDS_seed2,FOG_WITH_IDS,2,proxy,400.000,0.000000
FOG_WITH_IDS_seed2,FOG_WITH_IDS,2,fog-1,400.000,0.040000
FOG_WITH_IDS_seed2,FOG_WITH_IDS,2,fog-2,400.000,0.040000
FOG_WITH_IDS_seed2,FOG_WITH_IDS,2,fog-3,400.000,0.040000
FOG_WITH_IDS_seed2,FOG_WITH_IDS,2,cloud,425.000,0.000000
FOG_WITH_IDS_seed2,FOG_WITH_IDS,2,proxy,425.000,0.000000
FOG_WITH_IDS_seed2,FOG_WITH_IDS,2,fog-1,425.000,0.480000
FOG_WITH_IDS_seed2,FOG_WITH_IDS,2,fog-2,425.000,0.080000
FOG_WITH_IDS_seed2,FOG_WITH_IDS,2,fog-3,425.000,0.480000
FOG_WITH_IDS_seed2,FOG_WITH_IDS,2,cloud,450.000,0.000000
FOG_WITH_IDS_seed2,FOG_WITH_IDS,2,proxy,450.000,0.000000
FOG_WITH_IDS_seed2,FOG_WITH_IDS,2,fog-1,450.000,0.000000
FOG_WITH_IDS_seed2,FOG_WITH_IDS,2,fog-2,450.000,0.000000
FOG_WITH_IDS_seed2,FOG_WITH_IDS,2,fog-3,450.000,0.000000
FOG_WITH_IDS_seed2,FOG_WITH_IDS,2,cloud,475.000,0.000000
FOG_WITH_IDS_seed2,FOG_WITH_IDS,2,proxy,475.000,0.000000
FOG_WITH_IDS_seed2,FOG_WITH_IDS,2,fog-1,475.000,0.440000
FOG_WITH_IDS_seed2,FOG_WITH_IDS,2,fog-2,475.000,0.040000
FOG_WITH_IDS_seed2,FOG_WITH_IDS,2,fog-3,475.000,0.440000
FOG_WITH_IDS_seed2,FOG_WITH_IDS,2,cloud,500.000,0.000000
FOG_WITH_IDS_seed2,FOG_WITH_IDS,2,proxy,500.000,0.000000
FOG_WITH_IDS_seed2,FOG_WITH_IDS,2,fog-1,500.000,0.040000
FOG_WITH_IDS_seed2,FOG_WITH_IDS,2,fog-2,500.000,0.040000
FOG_WITH_IDS_seed2,FOG_WITH_IDS,2,fog-3,500.000,0.040000
FOG_WITH_IDS_seed2,FOG_WITH_IDS,2,cloud,525.000,0.000000
FOG_WITH_IDS_seed2,FOG_WITH_IDS,2,proxy,525.000,0.000000
FOG_WITH_IDS_seed2,FOG_WITH_IDS,2,fog-1,525.000,0.480000
FOG_WITH_IDS_seed2,FOG_WITH_IDS,2,fog-2,525.000,0.080000
FOG_WITH_IDS_seed2,FOG_WITH_IDS,2,fog-3,525.000,0.480000
FOG_WITH_IDS_seed2,FOG_WITH_IDS,2,cloud,550.000,0.000000
FOG_WITH_IDS_seed2,FOG_WITH_IDS,2,proxy,550.000,0.000000
FOG_WITH_IDS_seed2,FOG_WITH_IDS,2,fog-1,550.000,0.000000
FOG_WITH_IDS_seed2,FOG_WITH_IDS,2,fog-2,550.000,0.000000
FOG_WITH_IDS_seed2,FOG_WITH_IDS,2,fog-3,550.000,0.000000
FOG_WITH_IDS_seed2,FOG_WITH_IDS,2,cloud,575.000,0.000000
FOG_WITH_IDS_seed2,FOG_WITH_IDS,2,proxy,575.000,0.000000
FOG_WITH_IDS_seed2,FOG_WITH_IDS,2,fog-1,575.000,0.440000
FOG_WITH_IDS_seed2,FOG_WITH_IDS,2,fog-2,575.000,0.040000
FOG_WITH_IDS_seed2,FOG_WITH_IDS,2,fog-3,575.000,0.440000
FOG_WITH_IDS_seed2,FOG_WITH_IDS,2,cloud,600.000,0.000000
FOG_WITH_IDS_seed2,FOG_WITH_IDS,2,proxy,600.000,0.000000
FOG_WITH_IDS_seed2,FOG_WITH_IDS,2,fog-1,600.000,0.040000
FOG_WITH_IDS_seed2,FOG_WITH_IDS,2,fog-2,600.000,0.040000
FOG_WITH_IDS_seed2,FOG_WITH_IDS,2,fog-3,600.000,0.040000
FOG_WITH_IDS_seed2,FOG_WITH_IDS,2,cloud,625.000,0.000000
FOG_WITH_IDS_seed2,FOG_WITH_IDS,2,proxy,625.000,0.000000
FOG_WITH_IDS_seed2,FOG_WITH_IDS,2,fog-1,625.000,0.480000
FOG_WITH_IDS_seed2,FOG_WITH_IDS,2,fog-2,625.000,0.080000
FOG_WITH_IDS_seed2,FOG_WITH_IDS,2,fog-3,625.000,0.480000
FOG_WITH_IDS_seed2,FOG_WITH_IDS,2,cloud,650.000,0.000000
FOG_WITH_IDS_seed2,FOG_WITH_IDS,2,proxy,650.000,0.000000
FOG_WITH_IDS_seed2,FOG_WITH_IDS,2,fog-1,650.000,0.000000
FOG_WITH_IDS_seed2,FOG_WITH_IDS,2,fog-2,650.000,0.000000
FOG_WITH_IDS_seed2,FOG_WITH_IDS,2,fog-3,650.000,0.000000
FOG_WITH_IDS_seed2,FOG_WITH_IDS,2,cloud,675.000,0.000000
FOG_WITH_IDS_seed2,FOG_WITH_IDS,2,proxy,675.000,0.000000
FOG_WITH_IDS_seed2,FOG_WITH_IDS,2,fog-1,675.000,0.440000
FOG_WITH_IDS_seed2,FOG_WITH_IDS,2,fog-2,675.000,0.040000
FOG_WITH_IDS_seed2,FOG_WITH_IDS,2,fog-3,675.000,0.440000
FOG_WITH_IDS_seed2,FOG_WITH_IDS,2,cloud,700.000,0.000000
FOG_WITH_IDS_seed2,FOG_WITH_IDS,2,proxy,700.000,0.000000
FOG_WITH_IDS_seed2,FOG_WITH_IDS,2,fog-1,700.000,0.040000
FOG_WITH_IDS_seed2,FOG_WITH_IDS,2,fog-2,700.000,0.040000
FOG_WITH_IDS_seed2,FOG_WITH_IDS,2,fog-3,700.000,0.040000
FOG_WITH_IDS_seed2,FOG_WITH_IDS,2,cloud,725.000,0.000000
FOG_WITH_IDS_seed2,FOG_WITH_IDS,2,proxy,725.000,0.000000
FOG_WITH_IDS_seed2,FOG_WITH_IDS,2,fog-1,725.000,0.480000
FOG_WITH_IDS_seed2,FOG_WITH_IDS,2,fog-2,725.000,0.080000
FOG_WITH_IDS_seed2,FOG_WITH_IDS,2,fog-3,725.000,0.480000
FOG_WITH_IDS_seed2,FOG_WITH_IDS,2,cloud,750.000,0.000000
FOG_WITH_IDS_seed2,FOG_WITH_IDS,2,proxy,750.000,0.000000
FOG_WITH_IDS_seed2,FOG_WITH_IDS,2,fog-1,750.000,0.000000
FOG_WITH_IDS_seed2,FOG_WITH_IDS,2,fog-2,750.000,0.000000
FOG_WITH_IDS_seed2,FOG_WITH_IDS,2,fog-3,750.000,0.000000
FOG_WITH_IDS_seed2,FOG_WITH_IDS,2,cloud,775.000,0.000000
FOG_WITH_IDS_seed2,FOG_WITH_IDS,2,proxy,775.000,0.000000
FOG_WITH_IDS_seed2,FOG_WITH_IDS,2,fog-1,775.000,0.440000
FOG_WITH_IDS_seed2,FOG_WITH_IDS,2,fog-2,775.000,0.040000
FOG_WITH_IDS_seed2,FOG_WITH_IDS,2,fog-3,775.000,0.440000
FOG_WITH_IDS_seed2,FOG_WITH_IDS,2,cloud,800.000,0.000000
FOG_WITH_IDS_seed2,FOG_WITH_IDS,2,proxy,800.000,0.000000
FOG_WITH_IDS_seed2,FOG_WITH_IDS,2,fog-1,800.000,0.040000
FOG_WITH_IDS_seed2,FOG_WITH_IDS,2,fog-2,800.000,0.040000
FOG_WITH_IDS_seed2,FOG_WITH_IDS,2,fog-3,800.000,0.040000
FOG_WITH_IDS_seed2,FOG_WITH_IDS,2,cloud,825.000,0.000000
FOG_WITH_IDS_seed2,FOG_WITH_IDS,2,proxy,825.000,0.000000
FOG_WITH_IDS_seed2,FOG_WITH_IDS,2,fog-1,825.000,0.480000
FOG_WITH_IDS_seed2,FOG_WITH_IDS,2,fog-2,825.000,0.080000
FOG_WITH_IDS_seed2,FOG_WITH_IDS,2,fog-3,825.000,0.480000
FOG_WITH_IDS_seed2,FOG_WITH_IDS,2,cloud,850.000,0.000000
FOG_WITH_IDS_seed2,FOG_WITH_IDS,2,proxy,850.000,0.000000
FOG_WITH_IDS_seed2,FOG_WITH_IDS,2,fog-1,850.000,0.000000
FOG_WITH_IDS_seed2,FOG_WITH_IDS,2,fog-2,850.000,0.000000
FOG_WITH_IDS_seed2,FOG_WITH_IDS,2,fog-3,850.000,0.000000
FOG_WITH_IDS_seed2,FOG_WITH_IDS,2,cloud,875.000,0.000000
FOG_WITH_IDS_seed2,FOG_WITH_IDS,2,proxy,875.000,0.000000
FOG_WITH_IDS_seed2,FOG_WITH_IDS,2,fog-1,875.000,0.440000
FOG_WITH_IDS_seed2,FOG_WITH_IDS,2,fog-2,875.000,0.040000
FOG_WITH_IDS_seed2,FOG_WITH_IDS,2,fog-3,875.000,0.440000
FOG_WITH_IDS_seed2,FOG_WITH_IDS,2,cloud,900.000,0.000000
FOG_WITH_IDS_seed2,FOG_WITH_IDS,2,proxy,900.000,0.000000
FOG_WITH_IDS_seed2,FOG_WITH_IDS,2,fog-1,900.000,0.040000
FOG_WITH_IDS_seed2,FOG_WITH_IDS,2,fog-2,900.000,0.040000
FOG_WITH_IDS_seed2,FOG_WITH_IDS,2,fog-3,900.000,0.040000
FOG_WITH_IDS_seed2,FOG_WITH_IDS,2,cloud,925.000,0.000000
FOG_WITH_IDS_seed2,FOG_WITH_IDS,2,proxy,925.000,0.000000
FOG_WITH_IDS_seed2,FOG_WITH_IDS,2,fog-1,925.000,0.480000
FOG_WITH_IDS_seed2,FOG_WITH_IDS,2,fog-2,925.000,0.080000
FOG_WITH_IDS_seed2,FOG_WITH_IDS,2,fog-3,925.000,0.480000
FOG_WITH_IDS_seed2,FOG_WITH_IDS,2,cloud,950.000,0.000000
FOG_WITH_IDS_seed2,FOG_WITH_IDS,2,proxy,950.000,0.000000
FOG_WITH_IDS_seed2,FOG_WITH_IDS,2,fog-1,950.000,0.000000
FOG_WITH_IDS_seed2,FOG_WITH_IDS,2,fog-2,950.000,0.000000
FOG_WITH_IDS_seed2,FOG_WITH_IDS,2,fog-3,950.000,0.000000
FOG_WITH_IDS_seed2,FOG_WITH_IDS,2,cloud,975.000,0.000000
FOG_WITH_IDS_seed2,FOG_WITH_IDS,2,proxy,975.000,0.000000
FOG_WITH_IDS_seed2,FOG_WITH_IDS,2,fog-1,975.000,0.440000
FOG_WITH_IDS_seed2,FOG_WITH_IDS,2,fog-2,975.000,0.040000
FOG_WITH_IDS_seed2,FOG_WITH_IDS,2,fog-3,975.000,0.440000
FOG_WITH_IDS_seed2,FOG_WITH_IDS,2,cloud,1000.000,0.000000
FOG_WITH_IDS_seed2,FOG_WITH_IDS,2,proxy,1000.000,0.000000
FOG_WITH_IDS_seed2,FOG_WITH_IDS,2,fog-1,1000.000,0.040000
FOG_WITH_IDS_seed2,FOG_WITH_IDS,2,fog-2,1000.000,0.040000
FOG_WITH_IDS_seed2,FOG_WITH_IDS,2,fog-3,1000.000,0.040000
FOG_WITH_IDS_seed2,FOG_WITH_IDS,2,cloud,1025.000,0.000000
FOG_WITH_IDS_seed2,FOG_WITH_IDS,2,proxy,1025.000,0.000000
FOG_WITH_IDS_seed2,FOG_WITH_IDS,2,fog-1,1025.000,0.480000
FOG_WITH_IDS_seed2,FOG_WITH_IDS,2,fog-2,1025.000,0.080000
FOG_WITH_IDS_seed2,FOG_WITH_IDS,2,fog-3,1025.000,0.480000
FOG_WITH_IDS_seed2,FOG_WITH_IDS,2,cloud,1050.000,0.000000
FOG_WITH_IDS_seed2,FOG_WITH_IDS,2,proxy,1050.000,0.000000
FOG_WITH_IDS_seed2,FOG_WITH_IDS,2,fog-1,1050.000,0.000000
FOG_WITH_IDS_seed2,FOG_WITH_IDS,2,fog-2,1050.000,0.000000
FOG_WITH_IDS_seed2,FOG_WITH_IDS,2,fog-3,1050.000,0.000000
FOG_WITH_IDS_seed2,FOG_WITH_IDS,2,cloud,1075.000,0.000000
FOG_WITH_IDS_seed2,FOG_WITH_IDS,2,proxy,1075.000,0.000000
FOG_WITH_IDS_seed2,FOG_WITH_IDS,2,fog-1,1075.000,0.440000
FOG_WITH_IDS_seed2,FOG_WITH_IDS,2,fog-2,1075.000,0.040000
FOG_WITH_IDS_seed2,FOG_WITH_IDS,2,fog-3,1075.000,0.440000
FOG_WITH_IDS_seed2,FOG_WITH_IDS,2,cloud,1100.000,0.000000
FOG_WITH_IDS_seed2,FOG_WITH_IDS,2,proxy,1100.000,0.000000
FOG_WITH_IDS_seed2,FOG_WITH_IDS,2,fog-1,1100.000,0.040000
FOG_WITH_IDS_seed2,FOG_WITH_IDS,2,fog-2,1100.000,0.040000
FOG_WITH_IDS_seed2,FOG_WITH_IDS,2,fog-3,1100.000,0.040000
FOG_WITH_IDS_seed2,FOG_WITH_IDS,2,cloud,1125.000,0.000000
FOG_WITH_IDS_seed2,FOG_WITH_IDS,2,proxy,1125.000,0.000000
FOG_WITH_IDS_seed2,FOG_WITH_IDS,2,fog-1,1125.000,0.480000
FOG_WITH_IDS_seed2,FOG_WITH_IDS,2,fog-2,1125.000,0.080000
FOG_WITH_IDS_seed2,FOG_WITH_IDS,2,fog-3,1125.000,0.480000
FOG_WITH_IDS_seed2,FOG_WITH_IDS,2,cloud,1150.000,0.000000
FOG_WITH_IDS_seed2,FOG_WITH_IDS,2,proxy,1150.000,0.000000
FOG_WITH_IDS_seed2,FOG_WITH_IDS,2,fog-1,1150.000,0.000000
FOG_WITH_IDS_seed2,FOG_WITH_IDS,2,fog-2,1150.000,0.000000
FOG_WITH_IDS_seed2,FOG_WITH_IDS,2,fog-3,1150.000,0.000000
FOG_WITH_IDS_seed2,FOG_WITH_IDS,2,cloud,1175.000,0.000000
FOG_WITH_IDS_seed2,FOG_WITH_IDS,2,proxy,1175.000,0.000000
FOG_WITH_IDS_seed2,FOG_WITH_IDS,2,fog-1,1175.000,0.440000
FOG_WITH_IDS_seed2,FOG_WITH_IDS,2,fog-2,1175.000,0.040000
FOG_WITH_IDS_seed2,FOG_WITH_IDS,2,fog-3,1175.000,0.440000
FOG_WITH_IDS_seed2,FOG_WITH_IDS,2,cloud,1200.000,0.000000
FOG_WITH_IDS_seed2,FOG_WITH_IDS,2,proxy,1200.000,0.000000
FOG_WITH_IDS_seed2,FOG_WITH_IDS,2,fog-1,1200.000,0.040000
FOG_WITH_IDS_seed2,FOG_WITH_IDS,2,fog-2,1200.000,0.040000
FOG_WITH_IDS_seed2,FOG_WITH_IDS,2,fog-3,1200.000,0.040000
FOG_WITH_IDS_seed2,FOG_WITH_IDS,2,cloud,1225.000,0.000000
FOG_WITH_IDS_seed2,FOG_WITH_IDS,2,proxy,1225.000,0.000000
FOG_WITH_IDS_seed2,FOG_WITH_IDS,2,fog-1,1225.000,0.480000
FOG_WITH_IDS_seed2,FOG_WITH_IDS,2,fog-2,1225.000,0.080000
FOG_WITH_IDS_seed2,FOG_WITH_IDS,2,fog-3,1225.000,0.480000
FOG_WITH_IDS_seed2,FOG_WITH_IDS,2,cloud,1250.000,0.000000
FOG_WITH_IDS_seed2,FOG_WITH_IDS,2,proxy,1250.000,0.000000
FOG_WITH_IDS_seed2,FOG_WITH_IDS,2,fog-1,1250.000,0.000000
FOG_WITH_IDS_seed2,FOG_WITH_IDS,2,fog-2,1250.000,0.000000
FOG_WITH_IDS_seed2,FOG_WITH_IDS,2,fog-3,1250.000,0.000000
FOG_WITH_IDS_seed2,FOG_WITH_IDS,2,cloud,1275.000,0.000000
FOG_WITH_IDS_seed2,FOG_WITH_IDS,2,proxy,1275.000,0.000000
FOG_WITH_IDS_seed2,FOG_WITH_IDS,2,fog-1,1275.000,0.440000
FOG_WITH_IDS_seed2,FOG_WITH_IDS,2,fog-2,1275.000,0.040000
FOG_WITH_IDS_seed2,FOG_WITH_IDS,2,fog-3,1275.000,0.440000
FOG_WITH_IDS_seed2,FOG_WITH_IDS,2,cloud,1300.000,0.000000
FOG_WITH_IDS_seed2,FOG_WITH_IDS,2,proxy,1300.000,0.000000
FOG_WITH_IDS_seed2,FOG_WITH_IDS,2,fog-1,1300.000,0.040000
FOG_WITH_IDS_seed2,FOG_WITH_IDS,2,fog-2,1300.000,0.040000
FOG_WITH_IDS_seed2,FOG_WITH_IDS,2,fog-3,1300.000,0.040000
FOG_WITH_IDS_seed2,FOG_WITH_IDS,2,cloud,1325.000,0.000000
FOG_WITH_IDS_seed2,FOG_WITH_IDS,2,proxy,1325.000,0.000000
FOG_WITH_IDS_seed2,FOG_WITH_IDS,2,fog-1,1325.000,0.480000
FOG_WITH_IDS_seed2,FOG_WITH_IDS,2,fog-2,1325.000,0.080000
FOG_WITH_IDS_seed2,FOG_WITH_IDS,2,fog-3,1325.000,0.480000
FOG_WITH_IDS_seed2,FOG_WITH_IDS,2,cloud,1350.000,0.000000
FOG_WITH_IDS_seed2,FOG_WITH_IDS,2,proxy,1350.000,0.000000
FOG_WITH_IDS_seed2,FOG_WITH_IDS,2,fog-1,1350.000,0.000000
FOG_WITH_IDS_seed2,FOG_WITH_IDS,2,fog-2,1350.000,0.000000
FOG_WITH_IDS_seed2,FOG_WITH_IDS,2,fog-3,1350.000,0.000000
FOG_WITH_IDS_seed2,FOG_WITH_IDS,2,cloud,1375.000,0.000000
FOG_WITH_IDS_seed2,FOG_WITH_IDS,2,proxy,1375.000,0.000000
FOG_WITH_IDS_seed2,FOG_WITH_IDS,2,fog-1,1375.000,0.440000
FOG_WITH_IDS_seed2,FOG_WITH_IDS,2,fog-2,1375.000,0.040000
FOG_WITH_IDS_seed2,FOG_WITH_IDS,2,fog-3,1375.000,0.440000
FOG_WITH_IDS_seed2,FOG_WITH_IDS,2,cloud,1400.000,0.000000
FOG_WITH_IDS_seed2,FOG_WITH_IDS,2,proxy,1400.000,0.000000
FOG_WITH_IDS_seed2,FOG_WITH_IDS,2,fog-1,1400.000,0.040000
FOG_WITH_IDS_seed2,FOG_WITH_IDS,2,fog-2,1400.000,0.040000
FOG_WITH_IDS_seed2,FOG_WITH_IDS,2,fog-3,1400.000,0.040000
FOG_WITH_IDS_seed2,FOG_WITH_IDS,2,cloud,1425.000,0.000000
FOG_WITH_IDS_seed2,FOG_WITH_IDS,2,proxy,1425.000,0.000000
FOG_WITH_IDS_seed2,FOG_WITH_IDS,2,fog-1,1425.000,0.480000
FOG_WITH_IDS_seed2,FOG_WITH_IDS,2,fog-2,1425.000,0.080000
FOG_WITH_IDS_seed2,FOG_WITH_IDS,2,fog-3,1425.000,0.480000
FOG_WITH_IDS_seed2,FOG_WITH_IDS,2,cloud,1450.000,0.000000
FOG_WITH_IDS_seed2,FOG_WITH_IDS,2,proxy,1450.000,0.000000
FOG_WITH_IDS_seed2,FOG_WITH_IDS,2,fog-1,1450.000,0.000000
FOG_WITH_IDS_seed2,FOG_WITH_IDS,2,fog-2,1450.000,0.000000
FOG_WITH_IDS_seed2,FOG_WITH_IDS,2,fog-3,1450.000,0.000000
FOG_WITH_IDS_seed2,FOG_WITH_IDS,2,cloud,1475.000,0.000000
FOG_WITH_IDS_seed2,FOG_WITH_IDS,2,proxy,1475.000,0.000000
FOG_WITH_IDS_seed2,FOG_WITH_IDS,2,fog-1,1475.000,0.440000
FOG_WITH_IDS_seed2,FOG_WITH_IDS,2,fog-2,1475.000,0.040000
FOG_WITH_IDS_seed2,FOG_WITH_IDS,2,fog-3,1475.000,0.440000
FOG_WITH_IDS_seed2,FOG_WITH_IDS,2,cloud,1500.000,0.000000
FOG_WITH_IDS_seed2,FOG_WITH_IDS,2,proxy,1500.000,0.000000
FOG_WITH_IDS_seed2,FOG_WITH_IDS,2,fog-1,1500.000,0.040000
FOG_WITH_IDS_seed2,FOG_WITH_IDS,2,fog-2,1500.000,0.040000
FOG_WITH_IDS_seed2,FOG_WITH_IDS,2,fog-3,1500.000,0.040000
FOG_WITH_IDS_seed2,FOG_WITH_IDS,2,cloud,1525.000,0.000000
FOG_WITH_IDS_seed2,FOG_WITH_IDS,2,proxy,1525.000,0.000000
FOG_WITH_IDS_seed2,FOG_WITH_IDS,2,fog-1,1525.000,0.480000
FOG_WITH_IDS_seed2,FOG_WITH_IDS,2,fog-2,1525.000,0.080000
FOG_WITH_IDS_seed2,FOG_WITH_IDS,2,fog-3,1525.000,0.480000
FOG_WITH_IDS_seed2,FOG_WITH_IDS,2,cloud,1550.000,0.000000
FOG_WITH_IDS_seed2,FOG_WITH_IDS,2,proxy,1550.000,0.000000
FOG_WITH_IDS_seed2,FOG_WITH_IDS,2,fog-1,1550.000,0.000000
FOG_WITH_IDS_seed2,FOG_WITH_IDS,2,fog-2,1550.000,0.000000
FOG_WITH_IDS_seed2,FOG_WITH_IDS,2,fog-3,1550.000,0.000000
FOG_WITH_IDS_seed2,FOG_WITH_IDS,2,cloud,1575.000,0.000000
FOG_WITH_IDS_seed2,FOG_WITH_IDS,2,proxy,1575.000,0.000000
FOG_WITH_IDS_seed2,FOG_WITH_IDS,2,fog-1,1575.000,0.440000
FOG_WITH_IDS_seed2,FOG_WITH_IDS,2,fog-2,1575.000,0.040000
FOG_WITH_IDS_seed2,FOG_WITH_IDS,2,fog-3,1575.000,0.440000
FOG_WITH_IDS_seed2,FOG_WITH_IDS,2,cloud,1600.000,0.000000
FOG_WITH_IDS_seed2,FOG_WITH_IDS,2,proxy,1600.000,0.000000
FOG_WITH_IDS_seed2,FOG_WITH_IDS,2,fog-1,1600.000,0.040000
FOG_WITH_IDS_seed2,FOG_WITH_IDS,2,fog-2,1600.000,0.040000
FOG_WITH_IDS_seed2,FOG_WITH_IDS,2,fog-3,1600.000,0.040000
FOG_WITH_IDS_seed2,FOG_WITH_IDS,2,cloud,1625.000,0.000000
FOG_WITH_IDS_seed2,FOG_WITH_IDS,2,proxy,1625.000,0.000000
FOG_WITH_IDS_seed2,FOG_WITH_IDS,2,fog-1,1625.000,0.480000
FOG_WITH_IDS_seed2,FOG_WITH_IDS,2,fog-2,1625.000,0.080000
FOG_WITH_IDS_seed2,FOG_WITH_IDS,2,fog-3,1625.000,0.480000
FOG_WITH_IDS_seed2,FOG_WITH_IDS,2,cloud,1650.000,0.000000
FOG_WITH_IDS_seed2,FOG_WITH_IDS,2,proxy,1650.000,0.000000
FOG_WITH_IDS_seed2,FOG_WITH_IDS,2,fog-1,1650.000,0.000000
FOG_WITH_IDS_seed2,FOG_WITH_IDS,2,fog-2,1650.000,0.000000
FOG_WITH_IDS_seed2,FOG_WITH_IDS,2,fog-3,1650.000,0.000000
FOG_WITH_IDS_seed2,FOG_WITH_IDS,2,cloud,1675.000,0.000000
FOG_WITH_IDS_seed2,FOG_WITH_IDS,2,proxy,1675.000,0.000000
FOG_WITH_IDS_seed2,FOG_WITH_IDS,2,fog-1,1675.000,0.440000
FOG_WITH_IDS_seed2,FOG_WITH_IDS,2,fog-2,1675.000,0.040000
FOG_WITH_IDS_seed2,FOG_WITH_IDS,2,fog-3,1675.000,0.440000
FOG_WITH_IDS_seed2,FOG_WITH_IDS,2,cloud,1700.000,0.000000
FOG_WITH_IDS_seed2,FOG_WITH_IDS,2,proxy,1700.000,0.000000
FOG_WITH_IDS_seed2,FOG_WITH_IDS,2,fog-1,1700.000,0.040000
FOG_WITH_IDS_seed2,FOG_WITH_IDS,2,fog-2,1700.000,0.040000
FOG_WITH_IDS_seed2,FOG_WITH_IDS,2,fog-3,1700.000,0.040000
FOG_WITH_IDS_seed2,FOG_WITH_IDS,2,cloud,1725.000,0.000000
FOG_WITH_IDS_seed2,FOG_WITH_IDS,2,proxy,1725.000,0.000000
FOG_WITH_IDS_seed2,FOG_WITH_IDS,2,fog-1,1725.000,0.480000
FOG_WITH_IDS_seed2,FOG_WITH_IDS,2,fog-2,1725.000,0.080000
FOG_WITH_IDS_seed2,FOG_WITH_IDS,2,fog-3,1725.000,0.480000
FOG_WITH_IDS_seed2,FOG_WITH_IDS,2,cloud,1750.000,0.000000
FOG_WITH_IDS_seed2,FOG_WITH_IDS,2,proxy,1750.000,0.000000
FOG_WITH_IDS_seed2,FOG_WITH_IDS,2,fog-1,1750.000,0.000000
FOG_WITH_IDS_seed2,FOG_WITH_IDS,2,fog-2,1750.000,0.000000
FOG_WITH_IDS_seed2,FOG_WITH_IDS,2,fog-3,1750.000,0.000000
FOG_WITH_IDS_seed2,FOG_WITH_IDS,2,cloud,1775.000,0.000000
FOG_WITH_IDS_seed2,FOG_WITH_IDS,2,proxy,1775.000,0.000000
FOG_WITH_IDS_seed2,FOG_WITH_IDS,2,fog-1,1775.000,0.440000
FOG_WITH_IDS_seed2,FOG_WITH_IDS,2,fog-2,1775.000,0.040000
FOG_WITH_IDS_seed2,FOG_WITH_IDS,2,fog-3,1775.000,0.440000
FOG_WITH_IDS_seed2,FOG_WITH_IDS,2,cloud,1800.000,0.000000
FOG_WITH_IDS_seed2,FOG_WITH_IDS,2,proxy,1800.000,0.000000
FOG_WITH_IDS_seed2,FOG_WITH_IDS,2,fog-1,1800.000,0.040000
FOG_WITH_IDS_seed2,FOG_WITH_IDS,2,fog-2,1800.000,0.040000
FOG_WITH_IDS_seed2,FOG_WITH_IDS,2,fog-3,1800.000,0.040000
FOG_WITH_IDS_seed2,FOG_WITH_IDS,2,cloud,1825.000,0.000000
FOG_WITH_IDS_seed2,FOG_WITH_IDS,2,proxy,1825.000,0.000000
FOG_WITH_IDS_seed2,FOG_WITH_IDS,2,fog-1,1825.000,0.480000
FOG_WITH_IDS_seed2,FOG_WITH_IDS,2,fog-2,1825.000,0.080000
FOG_WITH_IDS_seed2,FOG_WITH_IDS,2,fog-3,1825.000,0.480000
FOG_WITH_IDS_seed2,FOG_WITH_IDS,2,cloud,1850.000,0.000000
FOG_WITH_IDS_seed2,FOG_WITH_IDS,2,proxy,1850.000,0.000000
FOG_WITH_IDS_seed2,FOG_WITH_IDS,2,fog-1,1850.000,0.000000
FOG_WITH_IDS_seed2,FOG_WITH_IDS,2,fog-2,1850.000,0.000000
FOG_WITH_IDS_seed2,FOG_WITH_IDS,2,fog-3,1850.000,0.000000
FOG_WITH_IDS_seed2,FOG_WITH_IDS,2,cloud,1875.000,0.000000
FOG_WITH_IDS_seed2,FOG_WITH_IDS,2,proxy,1875.000,0.000000
FOG_WITH_IDS_seed2,FOG_WITH_IDS,2,fog-1,1875.000,0.440000
FOG_WITH_IDS_seed2,FOG_WITH_IDS,2,fog-2,1875.000,0.040000
FOG_WITH_IDS_seed2,FOG_WITH_IDS,2,fog-3,1875.000,0.440000
FOG_WITH_IDS_seed2,FOG_WITH_IDS,2,cloud,1900.000,0.000000
FOG_WITH_IDS_seed2,FOG_WITH_IDS,2,proxy,1900.000,0.000000
FOG_WITH_IDS_seed2,FOG_WITH_IDS,2,fog-1,1900.000,0.040000
FOG_WITH_IDS_seed2,FOG_WITH_IDS,2,fog-2,1900.000,0.040000
FOG_WITH_IDS_seed2,FOG_WITH_IDS,2,fog-3,1900.000,0.040000
FOG_WITH_IDS_seed2,FOG_WITH_IDS,2,cloud,1925.000,0.000000
FOG_WITH_IDS_seed2,FOG_WITH_IDS,2,proxy,1925.000,0.000000
FOG_WITH_IDS_seed2,FOG_WITH_IDS,2,fog-1,1925.000,0.480000
FOG_WITH_IDS_seed2,FOG_WITH_IDS,2,fog-2,1925.000,0.080000
FOG_WITH_IDS_seed2,FOG_WITH_IDS,2,fog-3,1925.000,0.480000
FOG_WITH_IDS_seed2,FOG_WITH_IDS,2,cloud,1950.000,0.000000
FOG_WITH_IDS_seed2,FOG_WITH_IDS,2,proxy,1950.000,0.000000
FOG_WITH_IDS_seed2,FOG_WITH_IDS,2,fog-1,1950.000,0.000000
FOG_WITH_IDS_seed2,FOG_WITH_IDS,2,fog-2,1950.000,0.000000
FOG_WITH_IDS_seed2,FOG_WITH_IDS,2,fog-3,1950.000,0.000000
FOG_WITH_IDS_seed2,FOG_WITH_IDS,2,cloud,1975.000,0.000000
FOG_WITH_IDS_seed2,FOG_WITH_IDS,2,proxy,1975.000,0.000000
FOG_WITH_IDS_seed2,FOG_WITH_IDS,2,fog-1,1975.000,0.440000
FOG_WITH_IDS_seed2,FOG_WITH_IDS,2,fog-2,1975.000,0.040000
FOG_WITH_IDS_seed2,FOG_WITH_IDS,2,fog-3,1975.000,0.440000
FOG_WITH_IDS_seed2,FOG_WITH_IDS,2,cloud,2000.000,0.000000
FOG_WITH_IDS_seed2,FOG_WITH_IDS,2,proxy,2000.000,0.000000
FOG_WITH_IDS_seed2,FOG_WITH_IDS,2,fog-1,2000.000,0.040000
FOG_WITH_IDS_seed2,FOG_WITH_IDS,2,fog-2,2000.000,0.040000
FOG_WITH_IDS_seed2,FOG_WITH_IDS,2,fog-3,2000.000,0.040000
FOG_WITH_IDS_seed2,FOG_WITH_IDS,2,cloud,2025.000,0.000000
FOG_WITH_IDS_seed2,FOG_WITH_IDS,2,proxy,2025.000,0.000000
FOG_WITH_IDS_seed2,FOG_WITH_IDS,2,fog-1,2025.000,0.480000
FOG_WITH_IDS_seed2,FOG_WITH_IDS,2,fog-2,2025.000,0.080000
FOG_WITH_IDS_seed2,FOG_WITH_IDS,2,fog-3,2025.000,0.480000
FOG_WITH_IDS_seed2,FOG_WITH_IDS,2,cloud,2050.000,0.000000
FOG_WITH_IDS_seed2,FOG_WITH_IDS,2,proxy,2050.000,0.000000
FOG_WITH_IDS_seed2,FOG_WITH_IDS,2,fog-1,2050.000,0.000000
FOG_WITH_IDS_seed2,FOG_WITH_IDS,2,fog-2,2050.000,0.000000
FOG_WITH_IDS_seed2,FOG_WITH_IDS,2,fog-3,2050.000,0.000000
FOG_WITH_IDS_seed2,FOG_WITH_IDS,2,cloud,2075.000,0.000000
FOG_WITH_IDS_seed2,FOG_WITH_IDS,2,proxy,2075.000,0.000000
FOG_WITH_IDS_seed2,FOG_WITH_IDS,2,fog-1,2075.000,0.440000
FOG_WITH_IDS_seed2,FOG_WITH_IDS,2,fog-2,2075.000,0.040000
FOG_WITH_IDS_seed2,FOG_WITH_IDS,2,fog-3,2075.000,0.440000
FOG_WITH_IDS_seed2,FOG_WITH_IDS,2,cloud,2100.000,0.000000
FOG_WITH_IDS_seed2,FOG_WITH_IDS,2,proxy,2100.000,0.000000
FOG_WITH_IDS_seed2,FOG_WITH_IDS,2,fog-1,2100.000,0.040000
FOG_WITH_IDS_seed2,FOG_WITH_IDS,2,fog-2,2100.000,0.040000
FOG_WITH_IDS_seed2,FOG_WITH_IDS,2,fog-3,2100.000,0.040000
FOG_WITH_IDS_seed2,FOG_WITH_IDS,2,cloud,2125.000,0.000000
FOG_WITH_IDS_seed2,FOG_WITH_IDS,2,proxy,2125.000,0.000000
FOG_WITH_IDS_seed2,FOG_WITH_IDS,2,fog-1,2125.000,0.480000
FOG_WITH_IDS_seed2,FOG_WITH_IDS,2,fog-2,2125.000,0.080000
FOG_WITH_IDS_seed2,FOG_WITH_IDS,2,fog-3,2125.000,0.480000
FOG_WITH_IDS_seed2,FOG_WITH_IDS,2,cloud,2150.000,0.000000
FOG_WITH_IDS_seed2,FOG_WITH_IDS,2,proxy,2150.000,0.000000
FOG_WITH_IDS_seed2,FOG_WITH_IDS,2,fog-1,2150.000,0.000000
FOG_WITH_IDS_seed2,FOG_WITH_IDS,2,fog-2,2150.000,0.000000
FOG_WITH_IDS_seed2,FOG_WITH_IDS,2,fog-3,2150.000,0.000000
FOG_WITH_IDS_seed2,FOG_WITH_IDS,2,cloud,2175.000,0.000000
FOG_WITH_IDS_seed2,FOG_WITH_IDS,2,proxy,2175.000,0.000000
FOG_WITH_IDS_seed2,FOG_WITH_IDS,2,fog-1,2175.000,0.440000
FOG_WITH_IDS_seed2,FOG_WITH_IDS,2,fog-2,2175.000,0.040000
FOG_WITH_IDS_seed2,FOG_WITH_IDS,2,fog-3,2175.000,0.440000
FOG_WITH_IDS_seed2,FOG_WITH_IDS,2,cloud,2200.000,0.000000
FOG_WITH_IDS_seed2,FOG_WITH_IDS,2,proxy,2200.000,0.000000
FOG_WITH_IDS_seed2,FOG_WITH_IDS,2,fog-1,2200.000,0.040000
FOG_WITH_IDS_seed2,FOG_WITH_IDS,2,fog-2,2200.000,0.040000
FOG_WITH_IDS_seed2,FOG_WITH_IDS,2,fog-3,2200.000,0.040000
FOG_WITH_IDS_seed2,FOG_WITH_IDS,2,cloud,2225.000,0.000000
FOG_WITH_IDS_seed2,FOG_WITH_IDS,2,proxy,2225.000,0.000000
FOG_WITH_IDS_seed2,FOG_WITH_IDS,2,fog-1,2225.000,0.480000
FOG_WITH_IDS_seed2,FOG_WITH_IDS,2,fog-2,2225.000,0.080000
FOG_WITH_IDS_seed2,FOG_WITH_IDS,2,fog-3,2225.000,0.480000
FOG_WITH_IDS_seed2,FOG_WITH_IDS,2,cloud,2250.000,0.000000
FOG_WITH_IDS_seed2,FOG_WITH_IDS,2,proxy,2250.000,0.000000
FOG_WITH_IDS_seed2,FOG_WITH_IDS,2,fog-1,2250.000,0.000000
FOG_WITH_IDS_seed2,FOG_WITH_IDS,2,fog-2,2250.000,0.000000
FOG_WITH_IDS_seed2,FOG_WITH_IDS,2,fog-3,2250.000,0.000000
FOG_WITH_IDS_seed2,FOG_WITH_IDS,2,cloud,2275.000,0.000000
FOG_WITH_IDS_seed2,FOG_WITH_IDS,2,proxy,2275.000,0.000000
FOG_WITH_IDS_seed2,FOG_WITH_IDS,2,fog-1,2275.000,0.440000
FOG_WITH_IDS_seed2,FOG_WITH_IDS,2,fog-2,2275.000,0.040000
FOG_WITH_IDS_seed2,FOG_WITH_IDS,2,fog-3,2275.000,0.440000
FOG_WITH_IDS_seed2,FOG_WITH_IDS,2,cloud,2300.000,0.000000
FOG_WITH_IDS_seed2,FOG_WITH_IDS,2,proxy,2300.000,0.000000
FOG_WITH_IDS_seed2,FOG_WITH_IDS,2,fog-1,2300.000,0.040000
FOG_WITH_IDS_seed2,FOG_WITH_IDS,2,fog-2,2300.000,0.040000
FOG_WITH_IDS_seed2,FOG_WITH_IDS,2,fog-3,2300.000,0.040000
FOG_WITH_IDS_seed2,FOG_WITH_IDS,2,cloud,2325.000,0.000000
FOG_WITH_IDS_seed2,FOG_WITH_IDS,2,proxy,2325.000,0.000000
FOG_WITH_IDS_seed2,FOG_WITH_IDS,2,fog-1,2325.000,0.480000
FOG_WITH_IDS_seed2,FOG_WITH_IDS,2,fog-2,2325.000,0.080000
FOG_WITH_IDS_seed2,FOG_WITH_IDS,2,fog-3,2325.000,0.480000
FOG_WITH_IDS_seed2,FOG_WITH_IDS,2,cloud,2350.000,0.000000
FOG_WITH_IDS_seed2,FOG_WITH_IDS,2,proxy,2350.000,0.000000
FOG_WITH_IDS_seed2,FOG_WITH_IDS,2,fog-1,2350.000,0.000000
FOG_WITH_IDS_seed2,FOG_WITH_IDS,2,fog-2,2350.000,0.000000
FOG_WITH_IDS_seed2,FOG_WITH_IDS,2,fog-3,2350.000,0.000000
FOG_WITH_IDS_seed2,FOG_WITH_IDS,2,cloud,2375.000,0.000000
FOG_WITH_IDS_seed2,FOG_WITH_IDS,2,proxy,2375.000,0.000000
FOG_WITH_IDS_seed2,FOG_WITH_IDS,2,fog-1,2375.000,0.440000
FOG_WITH_IDS_seed2,FOG_WITH_IDS,2,fog-2,2375.000,0.040000
FOG_WITH_IDS_seed2,FOG_WITH_IDS,2,fog-3,2375.000,0.440000
FOG_WITH_IDS_seed2,FOG_WITH_IDS,2,cloud,2400.000,0.000000
FOG_WITH_IDS_seed2,FOG_WITH_IDS,2,proxy,2400.000,0.000000
FOG_WITH_IDS_seed2,FOG_WITH_IDS,2,fog-1,2400.000,0.040000
FOG_WITH_IDS_seed2,FOG_WITH_IDS,2,fog-2,2400.000,0.040000
FOG_WITH_IDS_seed2,FOG_WITH_IDS,2,fog-3,2400.000,0.040000
FOG_WITH_IDS_seed2,FOG_WITH_IDS,2,cloud,2425.000,0.000000
FOG_WITH_IDS_seed2,FOG_WITH_IDS,2,proxy,2425.000,0.000000
FOG_WITH_IDS_seed2,FOG_WITH_IDS,2,fog-1,2425.000,0.480000
FOG_WITH_IDS_seed2,FOG_WITH_IDS,2,fog-2,2425.000,0.080000
FOG_WITH_IDS_seed2,FOG_WITH_IDS,2,fog-3,2425.000,0.480000
FOG_WITH_IDS_seed2,FOG_WITH_IDS,2,cloud,2450.000,0.000000
FOG_WITH_IDS_seed2,FOG_WITH_IDS,2,proxy,2450.000,0.000000
FOG_WITH_IDS_seed2,FOG_WITH_IDS,2,fog-1,2450.000,0.000000
FOG_WITH_IDS_seed2,FOG_WITH_IDS,2,fog-2,2450.000,0.000000
FOG_WITH_IDS_seed2,FOG_WITH_IDS,2,fog-3,2450.000,0.000000
FOG_WITH_IDS_seed2,FOG_WITH_IDS,2,cloud,2475.000,0.000000
FOG_WITH_IDS_seed2,FOG_WITH_IDS,2,proxy,2475.000,0.000000
FOG_WITH_IDS_seed2,FOG_WITH_IDS,2,fog-1,2475.000,0.440000
FOG_WITH_IDS_seed2,FOG_WITH_IDS,2,fog-2,2475.000,0.040000
FOG_WITH_IDS_seed2,FOG_WITH_IDS,2,fog-3,2475.000,0.440000
FOG_WITH_IDS_seed2,FOG_WITH_IDS,2,cloud,2500.000,0.000000
FOG_WITH_IDS_seed2,FOG_WITH_IDS,2,proxy,2500.000,0.000000
FOG_WITH_IDS_seed2,FOG_WITH_IDS,2,fog-1,2500.000,0.040000
FOG_WITH_IDS_seed2,FOG_WITH_IDS,2,fog-2,2500.000,0.040000
FOG_WITH_IDS_seed2,FOG_WITH_IDS,2,fog-3,2500.000,0.040000
FOG_WITH_IDS_seed2,FOG_WITH_IDS,2,cloud,2525.000,0.000000
FOG_WITH_IDS_seed2,FOG_WITH_IDS,2,proxy,2525.000,0.000000
FOG_WITH_IDS_seed2,FOG_WITH_IDS,2,fog-1,2525.000,0.480000
FOG_WITH_IDS_seed2,FOG_WITH_IDS,2,fog-2,2525.000,0.080000
FOG_WITH_IDS_seed2,FOG_WITH_IDS,2,fog-3,2525.000,0.480000
FOG_WITH_IDS_seed2,FOG_WITH_IDS,2,cloud,2550.000,0.000000
FOG_WITH_IDS_seed2,FOG_WITH_IDS,2,proxy,2550.000,0.000000
FOG_WITH_IDS_seed2,FOG_WITH_IDS,2,fog-1,2550.000,0.000000
FOG_WITH_IDS_seed2,FOG_WITH_IDS,2,fog-2,2550.000,0.000000
FOG_WITH_IDS_seed2,FOG_WITH_IDS,2,fog-3,2550.000,0.000000
FOG_WITH_IDS_seed2,FOG_WITH_IDS,2,cloud,2575.000,0.000000
FOG_WITH_IDS_seed2,FOG_WITH_IDS,2,proxy,2575.000,0.000000
FOG_WITH_IDS_seed2,FOG_WITH_IDS,2,fog-1,2575.000,0.440000
FOG_WITH_IDS_seed2,FOG_WITH_IDS,2,fog-2,2575.000,0.040000
FOG_WITH_IDS_seed2,FOG_WITH_IDS,2,fog-3,2575.000,0.440000
FOG_WITH_IDS_seed2,FOG_WITH_IDS,2,cloud,2600.000,0.000000
FOG_WITH_IDS_seed2,FOG_WITH_IDS,2,proxy,2600.000,0.000000
FOG_WITH_IDS_seed2,FOG_WITH_IDS,2,fog-1,2600.000,0.040000
FOG_WITH_IDS_seed2,FOG_WITH_IDS,2,fog-2,2600.000,0.040000
FOG_WITH_IDS_seed2,FOG_WITH_IDS,2,fog-3,2600.000,0.040000
FOG_WITH_IDS_seed2,FOG_WITH_IDS,2,cloud,2625.000,0.000000
FOG_WITH_IDS_seed2,FOG_WITH_IDS,2,proxy,2625.000,0.000000
FOG_WITH_IDS_seed2,FOG_WITH_IDS,2,fog-1,2625.000,0.480000
FOG_WITH_IDS_seed2,FOG_WITH_IDS,2,fog-2,2625.000,0.080000
FOG_WITH_IDS_seed2,FOG_WITH_IDS,2,fog-3,2625.000,0.480000
FOG_WITH_IDS_seed2,FOG_WITH_IDS,2,cloud,2650.000,0.000000
FOG_WITH_IDS_seed2,FOG_WITH_IDS,2,proxy,2650.000,0.000000
FOG_WITH_IDS_seed2,FOG_WITH_IDS,2,fog-1,2650.000,0.000000
FOG_WITH_IDS_seed2,FOG_WITH_IDS,2,fog-2,2650.000,0.000000
FOG_WITH_IDS_seed2,FOG_WITH_IDS,2,fog-3,2650.000,0.000000
FOG_WITH_IDS_seed2,FOG_WITH_IDS,2,cloud,2675.000,0.000000
FOG_WITH_IDS_seed2,FOG_WITH_IDS,2,proxy,2675.000,0.000000
FOG_WITH_IDS_seed2,FOG_WITH_IDS,2,fog-1,2675.000,0.440000
FOG_WITH_IDS_seed2,FOG_WITH_IDS,2,fog-2,2675.000,0.040000
FOG_WITH_IDS_seed2,FOG_WITH_IDS,2,fog-3,2675.000,0.440000
FOG_WITH_IDS_seed2,FOG_WITH_IDS,2,cloud,2700.000,0.000000
FOG_WITH_IDS_seed2,FOG_WITH_IDS,2,proxy,2700.000,0.000000
FOG_WITH_IDS_seed2,FOG_WITH_IDS,2,fog-1,2700.000,0.040000
FOG_WITH_IDS_seed2,FOG_WITH_IDS,2,fog-2,2700.000,0.040000
FOG_WITH_IDS_seed2,FOG_WITH_IDS,2,fog-3,2700.000,0.040000
FOG_WITH_IDS_seed2,FOG_WITH_IDS,2,cloud,2725.000,0.000000
FOG_WITH_IDS_seed2,FOG_WITH_IDS,2,proxy,2725.000,0.000000
FOG_WITH_IDS_seed2,FOG_WITH_IDS,2,fog-1,2725.000,0.480000
FOG_WITH_IDS_seed2,FOG_WITH_IDS,2,fog-2,2725.000,0.080000
FOG_WITH_IDS_seed2,FOG_WITH_IDS,2,fog-3,2725.000,0.480000
FOG_WITH_IDS_seed2,FOG_WITH_IDS,2,cloud,2750.000,0.000000
FOG_WITH_IDS_seed2,FOG_WITH_IDS,2,proxy,2750.000,0.000000
FOG_WITH_IDS_seed2,FOG_WITH_IDS,2,fog-1,2750.000,0.000000
FOG_WITH_IDS_seed2,FOG_WITH_IDS,2,fog-2,2750.000,0.000000
FOG_WITH_IDS_seed2,FOG_WITH_IDS,2,fog-3,2750.000,0.000000
FOG_WITH_IDS_seed2,FOG_WITH_IDS,2,cloud,2775.000,0.000000
FOG_WITH_IDS_seed2,FOG_WITH_IDS,2,proxy,2775.000,0.000000
FOG_WITH_IDS_seed2,FOG_WITH_IDS,2,fog-1,2775.000,0.440000
FOG_WITH_IDS_seed2,FOG_WITH_IDS,2,fog-2,2775.000,0.040000
FOG_WITH_IDS_seed2,FOG_WITH_IDS,2,fog-3,2775.000,0.440000
FOG_WITH_IDS_seed2,FOG_WITH_IDS,2,cloud,2800.000,0.000000
FOG_WITH_IDS_seed2,FOG_WITH_IDS,2,proxy,2800.000,0.000000
FOG_WITH_IDS_seed2,FOG_WITH_IDS,2,fog-1,2800.000,0.040000
FOG_WITH_IDS_seed2,FOG_WITH_IDS,2,fog-2,2800.000,0.040000
FOG_WITH_IDS_seed2,FOG_WITH_IDS,2,fog-3,2800.000,0.040000
FOG_WITH_IDS_seed2,FOG_WITH_IDS,2,cloud,2825.000,0.000000
FOG_WITH_IDS_seed2,FOG_WITH_IDS,2,proxy,2825.000,0.000000
FOG_WITH_IDS_seed2,FOG_WITH_IDS,2,fog-1,2825.000,0.480000
FOG_WITH_IDS_seed2,FOG_WITH_IDS,2,fog-2,2825.000,0.080000
FOG_WITH_IDS_seed2,FOG_WITH_IDS,2,fog-3,2825.000,0.480000
FOG_WITH_IDS_seed2,FOG_WITH_IDS,2,cloud,2850.000,0.000000
FOG_WITH_IDS_seed2,FOG_WITH_IDS,2,proxy,2850.000,0.000000
FOG_WITH_IDS_seed2,FOG_WITH_IDS,2,fog-1,2850.000,0.000000
FOG_WITH_IDS_seed2,FOG_WITH_IDS,2,fog-2,2850.000,0.000000
FOG_WITH_IDS_seed2,FOG_WITH_IDS,2,fog-3,2850.000,0.000000
FOG_WITH_IDS_seed2,FOG_WITH_IDS,2,cloud,2875.000,0.000000
FOG_WITH_IDS_seed2,FOG_WITH_IDS,2,proxy,2875.000,0.000000
FOG_WITH_IDS_seed2,FOG_WITH_IDS,2,fog-1,2875.000,0.440000
FOG_WITH_IDS_seed2,FOG_WITH_IDS,2,fog-2,2875.000,0.040000
FOG_WITH_IDS_seed2,FOG_WITH_IDS,2,fog-3,2875.000,0.440000
FOG_WITH_IDS_seed2,FOG_WITH_IDS,2,cloud,2900.000,0.000000
FOG_WITH_IDS_seed2,FOG_WITH_IDS,2,proxy,2900.000,0.000000
FOG_WITH_IDS_seed2,FOG_WITH_IDS,2,fog-1,2900.000,0.040000
FOG_WITH_IDS_seed2,FOG_WITH_IDS,2,fog-2,2900.000,0.040000
FOG_WITH_IDS_seed2,FOG_WITH_IDS,2,fog-3,2900.000,0.040000
FOG_WITH_IDS_seed2,FOG_WITH_IDS,2,cloud,2925.000,0.000000
FOG_WITH_IDS_seed2,FOG_WITH_IDS,2,proxy,2925.000,0.000000
FOG_WITH_IDS_seed2,FOG_WITH_IDS,2,fog-1,2925.000,0.480000
FOG_WITH_IDS_seed2,FOG_WITH_IDS,2,fog-2,2925.000,0.080000
FOG_WITH_IDS_seed2,FOG_WITH_IDS,2,fog-3,2925.000,0.480000
FOG_WITH_IDS_seed2,FOG_WITH_IDS,2,cloud,2950.000,0.000000
FOG_WITH_IDS_seed2,FOG_WITH_IDS,2,proxy,2950.000,0.000000
FOG_WITH_IDS_seed2,FOG_WITH_IDS,2,fog-1,2950.000,0.000000
FOG_WITH_IDS_seed2,FOG_WITH_IDS,2,fog-2,2950.000,0.000000
FOG_WITH_IDS_seed2,FOG_WITH_IDS,2,fog-3,2950.000,0.000000
FOG_WITH_IDS_seed2,FOG_WITH_IDS,2,cloud,2975.000,0.000000
FOG_WITH_IDS_seed2,FOG_WITH_IDS,2,proxy,2975.000,0.000000
FOG_WITH_IDS_seed2,FOG_WITH_IDS,2,fog-1,2975.000,0.440000
FOG_WITH_IDS_seed2,FOG_WITH_IDS,2,fog-2,2975.000,0.040000
FOG_WITH_IDS_seed2,FOG_WITH_IDS,2,fog-3,2975.000,0.440000
FOG_WITH_IDS_seed2,FOG_WITH_IDS,2,cloud,3000.000,0.000000
FOG_WITH_IDS_seed2,FOG_WITH_IDS,2,proxy,3000.000,0.000000
FOG_WITH_IDS_seed2,FOG_WITH_IDS,2,fog-1,3000.000,0.040000
FOG_WITH_IDS_seed2,FOG_WITH_IDS,2,fog-2,3000.000,0.040000
FOG_WITH_IDS_seed2,FOG_WITH_IDS,2,fog-3,3000.000,0.040000
FOG_WITH_IDS_seed2,FOG_WITH_IDS,2,cloud,3025.000,0.000000
FOG_WITH_IDS_seed2,FOG_WITH_IDS,2,proxy,3025.000,0.000000
FOG_WITH_IDS_seed2,FOG_WITH_IDS,2,fog-1,3025.000,0.480000
FOG_WITH_IDS_seed2,FOG_WITH_IDS,2,fog-2,3025.000,0.080000
FOG_WITH_IDS_seed2,FOG_WITH_IDS,2,fog-3,3025.000,0.480000
FOG_WITH_IDS_seed2,FOG_WITH_IDS,2,cloud,3050.000,0.000000
FOG_WITH_IDS_seed2,FOG_WITH_IDS,2,proxy,3050.000,0.000000
FOG_WITH_IDS_seed2,FOG_WITH_IDS,2,fog-1,3050.000,0.000000
FOG_WITH_IDS_seed2,FOG_WITH_IDS,2,fog-2,3050.000,0.000000
FOG_WITH_IDS_seed2,FOG_WITH_IDS,2,fog-3,3050.000,0.000000
FOG_WITH_IDS_seed2,FOG_WITH_IDS,2,cloud,3075.000,0.000000
FOG_WITH_IDS_seed2,FOG_WITH_IDS,2,proxy,3075.000,0.000000
FOG_WITH_IDS_seed2,FOG_WITH_IDS,2,fog-1,3075.000,0.440000
FOG_WITH_IDS_seed2,FOG_WITH_IDS,2,fog-2,3075.000,0.040000
FOG_WITH_IDS_seed2,FOG_WITH_IDS,2,fog-3,3075.000,0.440000
FOG_WITH_IDS_seed2,FOG_WITH_IDS,2,cloud,3100.000,0.000000
FOG_WITH_IDS_seed2,FOG_WITH_IDS,2,proxy,3100.000,0.000000
FOG_WITH_IDS_seed2,FOG_WITH_IDS,2,fog-1,3100.000,0.040000
FOG_WITH_IDS_seed2,FOG_WITH_IDS,2,fog-2,3100.000,0.040000
FOG_WITH_IDS_seed2,FOG_WITH_IDS,2,fog-3,3100.000,0.040000
FOG_WITH_IDS_seed2,FOG_WITH_IDS,2,cloud,3125.000,0.000000
FOG_WITH_IDS_seed2,FOG_WITH_IDS,2,proxy,3125.000,0.000000
FOG_WITH_IDS_seed2,FOG_WITH_IDS,2,fog-1,3125.000,0.480000
FOG_WITH_IDS_seed2,FOG_WITH_IDS,2,fog-2,3125.000,0.080000
FOG_WITH_IDS_seed2,FOG_WITH_IDS,2,fog-3,3125.000,0.480000
FOG_WITH_IDS_seed2,FOG_WITH_IDS,2,cloud,3150.000,0.000000
FOG_WITH_IDS_seed2,FOG_WITH_IDS,2,proxy,3150.000,0.000000
FOG_WITH_IDS_seed2,FOG_WITH_IDS,2,fog-1,3150.000,0.000000
FOG_WITH_IDS_seed2,FOG_WITH_IDS,2,fog-2,3150.000,0.000000
FOG_WITH_IDS_seed2,FOG_WITH_IDS,2,fog-3,3150.000,0.000000
FOG_WITH_IDS_seed2,FOG_WITH_IDS,2,cloud,3175.000,0.000000
FOG_WITH_IDS_seed2,FOG_WITH_IDS,2,proxy,3175.000,0.000000
FOG_WITH_IDS_seed2,FOG_WITH_IDS,2,fog-1,3175.000,0.440000
FOG_WITH_IDS_seed2,FOG_WITH_IDS,2,fog-2,3175.000,0.040000
FOG_WITH_IDS_seed2,FOG_WITH_IDS,2,fog-3,3175.000,0.440000
FOG_WITH_IDS_seed2,FOG_WITH_IDS,2,cloud,3200.000,0.000000
FOG_WITH_IDS_seed2,FOG_WITH_IDS,2,proxy,3200.000,0.000000
FOG_WITH_IDS_seed2,FOG_WITH_IDS,2,fog-1,3200.000,0.040000
FOG_WITH_IDS_seed2,FOG_WITH_IDS,2,fog-2,3200.000,0.040000
FOG_WITH_IDS_seed2,FOG_WITH_IDS,2,fog-3,3200.000,0.040000
FOG_WITH_IDS_seed2,FOG_WITH_IDS,2,cloud,3225.000,0.000000
FOG_WITH_IDS_seed2,FOG_WITH_IDS,2,proxy,3225.000,0.000000
FOG_WITH_IDS_seed2,FOG_WITH_IDS,2,fog-1,3225.000,0.480000
FOG_WITH_IDS_seed2,FOG_WITH_IDS,2,fog-2,3225.000,0.080000
FOG_WITH_IDS_seed2,FOG_WITH_IDS,2,fog-3,3225.000,0.480000
FOG_WITH_IDS_seed2,FOG_WITH_IDS,2,cloud,3250.000,0.000000
FOG_WITH_IDS_seed2,FOG_WITH_IDS,2,proxy,3250.000,0.000000
FOG_WITH_IDS_seed2,FOG_WITH_IDS,2,fog-1,3250.000,0.000000
FOG_WITH_IDS_seed2,FOG_WITH_IDS,2,fog-2,3250.000,0.000000
FOG_WITH_IDS_seed2,FOG_WITH_IDS,2,fog-3,3250.000,0.000000
FOG_WITH_IDS_seed2,FOG_WITH_IDS,2,cloud,3275.000,0.000000
FOG_WITH_IDS_seed2,FOG_WITH_IDS,2,proxy,3275.000,0.000000
FOG_WITH_IDS_seed2,FOG_WITH_IDS,2,fog-1,3275.000,0.440000
FOG_WITH_IDS_seed2,FOG_WITH_IDS,2,fog-2,3275.000,0.040000
FOG_WITH_IDS_seed2,FOG_WITH_IDS,2,fog-3,3275.000,0.440000
FOG_WITH_IDS_seed2,FOG_WITH_IDS,2,cloud,3300.000,0.000000
FOG_WITH_IDS_seed2,FOG_WITH_IDS,2,proxy,3300.000,0.000000
FOG_WITH_IDS_seed2,FOG_WITH_IDS,2,fog-1,3300.000,0.040000
FOG_WITH_IDS_seed2,FOG_WITH_IDS,2,fog-2,3300.000,0.040000
FOG_WITH_IDS_seed2,FOG_WITH_IDS,2,fog-3,3300.000,0.040000
FOG_WITH_IDS_seed2,FOG_WITH_IDS,2,cloud,3325.000,0.000000
FOG_WITH_IDS_seed2,FOG_WITH_IDS,2,proxy,3325.000,0.000000
FOG_WITH_IDS_seed2,FOG_WITH_IDS,2,fog-1,3325.000,0.480000
FOG_WITH_IDS_seed2,FOG_WITH_IDS,2,fog-2,3325.000,0.080000
FOG_WITH_IDS_seed2,FOG_WITH_IDS,2,fog-3,3325.000,0.480000
FOG_WITH_IDS_seed2,FOG_WITH_IDS,2,cloud,3350.000,0.000000
FOG_WITH_IDS_seed2,FOG_WITH_IDS,2,proxy,3350.000,0.000000
FOG_WITH_IDS_seed2,FOG_WITH_IDS,2,fog-1,3350.000,0.000000
FOG_WITH_IDS_seed2,FOG_WITH_IDS,2,fog-2,3350.000,0.000000
FOG_WITH_IDS_seed2,FOG_WITH_IDS,2,fog-3,3350.000,0.000000
FOG_WITH_IDS_seed2,FOG_WITH_IDS,2,cloud,3375.000,0.000000
FOG_WITH_IDS_seed2,FOG_WITH_IDS,2,proxy,3375.000,0.000000
FOG_WITH_IDS_seed2,FOG_WITH_IDS,2,fog-1,3375.000,0.440000
FOG_WITH_IDS_seed2,FOG_WITH_IDS,2,fog-2,3375.000,0.040000
FOG_WITH_IDS_seed2,FOG_WITH_IDS,2,fog-3,3375.000,0.440000
FOG_WITH_IDS_seed2,FOG_WITH_IDS,2,cloud,3400.000,0.000000
FOG_WITH_IDS_seed2,FOG_WITH_IDS,2,proxy,3400.000,0.000000
FOG_WITH_IDS_seed2,FOG_WITH_IDS,2,fog-1,3400.000,0.040000
FOG_WITH_IDS_seed2,FOG_WITH_IDS,2,fog-2,3400.000,0.040000
FOG_WITH_IDS_seed2,FOG_WITH_IDS,2,fog-3,3400.000,0.040000
FOG_WITH_IDS_seed2,FOG_WITH_IDS,2,cloud,3425.000,0.000000
FOG_WITH_IDS_seed2,FOG_WITH_IDS,2,proxy,3425.000,0.000000
FOG_WITH_IDS_seed2,FOG_WITH_IDS,2,fog-1,3425.000,0.480000
FOG_WITH_IDS_seed2,FOG_WITH_IDS,2,fog-2,3425.000,0.080000
FOG_WITH_IDS_seed2,FOG_WITH_IDS,2,fog-3,3425.000,0.480000
FOG_WITH_IDS_seed2,FOG_WITH_IDS,2,cloud,3450.000,0.000000
FOG_WITH_IDS_seed2,FOG_WITH_IDS,2,proxy,3450.000,0.000000
FOG_WITH_IDS_seed2,FOG_WITH_IDS,2,fog-1,3450.000,0.000000
FOG_WITH_IDS_seed2,FOG_WITH_IDS,2,fog-2,3450.000,0.000000
FOG_WITH_IDS_seed2,FOG_WITH_IDS,2,fog-3,3450.000,0.000000
FOG_WITH_IDS_seed2,FOG_WITH_IDS,2,cloud,3475.000,0.000000
FOG_WITH_IDS_seed2,FOG_WITH_IDS,2,proxy,3475.000,0.000000
FOG_WITH_IDS_seed2,FOG_WITH_IDS,2,fog-1,3475.000,0.440000
FOG_WITH_IDS_seed2,FOG_WITH_IDS,2,fog-2,3475.000,0.040000
FOG_WITH_IDS_seed2,FOG_WITH_IDS,2,fog-3,3475.000,0.440000
FOG_WITH_IDS_seed2,FOG_WITH_IDS,2,cloud,3500.000,0.000000
FOG_WITH_IDS_seed2,FOG_WITH_IDS,2,proxy,3500.000,0.000000
FOG_WITH_IDS_seed2,FOG_WITH_IDS,2,fog-1,3500.000,0.040000
FOG_WITH_IDS_seed2,FOG_WITH_IDS,2,fog-2,3500.000,0.040000
FOG_WITH_IDS_seed2,FOG_WITH_IDS,2,fog-3,3500.000,0.040000
FOG_WITH_IDS_seed2,FOG_WITH_IDS,2,cloud,3525.000,0.000000
FOG_WITH_IDS_seed2,FOG_WITH_IDS,2,proxy,3525.000,0.000000
FOG_WITH_IDS_seed2,FOG_WITH_IDS,2,fog-1,3525.000,0.480000
FOG_WITH_IDS_seed2,FOG_WITH_IDS,2,fog-2,3525.000,0.080000
FOG_WITH_IDS_seed2,FOG_WITH_IDS,2,fog-3,3525.000,0.480000
FOG_WITH_IDS_seed2,FOG_WITH_IDS,2,cloud,3550.000,0.000000
FOG_WITH_IDS_seed2,FOG_WITH_IDS,2,proxy,3550.000,0.000000
FOG_WITH_IDS_seed2,FOG_WITH_IDS,2,fog-1,3550.000,0.000000
FOG_WITH_IDS_seed2,FOG_WITH_IDS,2,fog-2,3550.000,0.000000
FOG_WITH_IDS_seed2,FOG_WITH_IDS,2,fog-3,3550.000,0.000000
FOG_WITH_IDS_seed2,FOG_WITH_IDS,2,cloud,3575.000,0.000000
FOG_WITH_IDS_seed2,FOG_WITH_IDS,2,proxy,3575.000,0.000000
FOG_WITH_IDS_seed2,FOG_WITH_IDS,2,fog-1,3575.000,0.440000
FOG_WITH_IDS_seed2,FOG_WITH_IDS,2,fog-2,3575.000,0.040000
FOG_WITH_IDS_seed2,FOG_WITH_IDS,2,fog-3,3575.000,0.440000
FOG_WITH_IDS_seed2,FOG_WITH_IDS,2,cloud,3600.000,0.000000
FOG_WITH_IDS_seed2,FOG_WITH_IDS,2,proxy,3600.000,0.000000
FOG_WITH_IDS_seed2,FOG_WITH_IDS,2,fog-1,3600.000,0.040000
FOG_WITH_IDS_seed2,FOG_WITH_IDS,2,fog-2,3600.000,0.040000
FOG_WITH_IDS_seed2,FOG_WITH_IDS,2,fog-3,3600.000,0.040000
FOG_WITH_IDS_seed2,FOG_WITH_IDS,2,cloud,3625.000,0.000000
FOG_WITH_IDS_seed2,FOG_WITH_IDS,2,proxy,3625.000,0.000000
FOG_WITH_IDS_seed2,FOG_WITH_IDS,2,fog-1,3625.000,0.480000
FOG_WITH_IDS_seed2,FOG_WITH_IDS,2,fog-2,3625.000,0.080000
FOG_WITH_IDS_seed2,FOG_WITH_IDS,2,fog-3,3625.000,0.480000
FOG_WITH_IDS_seed2,FOG_WITH_IDS,2,cloud,3650.000,0.000000
FOG_WITH_IDS_seed2,FOG_WITH_IDS,2,proxy,3650.000,0.000000
FOG_WITH_IDS_seed2,FOG_WITH_IDS,2,fog-1,3650.000,0.000000
FOG_WITH_IDS_seed2,FOG_WITH_IDS,2,fog-2,3650.000,0.000000
FOG_WITH_IDS_seed2,FOG_WITH_IDS,2,fog-3,3650.000,0.000000
FOG_WITH_IDS_seed2,FOG_WITH_IDS,2,cloud,3675.000,0.000000
FOG_WITH_IDS_seed2,FOG_WITH_IDS,2,proxy,3675.000,0.000000
FOG_WITH_IDS_seed2,FOG_WITH_IDS,2,fog-1,3675.000,0.440000
FOG_WITH_IDS_seed2,FOG_WITH_IDS,2,fog-2,3675.000,0.040000
FOG_WITH_IDS_seed2,FOG_WITH_IDS,2,fog-3,3675.000,0.440000
FOG_WITH_IDS_seed2,FOG_WITH_IDS,2,cloud,3700.000,0.000000
FOG_WITH_IDS_seed2,FOG_WITH_IDS,2,proxy,3700.000,0.000000
FOG_WITH_IDS_seed2,FOG_WITH_IDS,2,fog-1,3700.000,0.040000
FOG_WITH_IDS_seed2,FOG_WITH_IDS,2,fog-2,3700.000,0.040000
FOG_WITH_IDS_seed2,FOG_WITH_IDS,2,fog-3,3700.000,0.040000
FOG_WITH_IDS_seed2,FOG_WITH_IDS,2,cloud,3725.000,0.000000
FOG_WITH_IDS_seed2,FOG_WITH_IDS,2,proxy,3725.000,0.000000
FOG_WITH_IDS_seed2,FOG_WITH_IDS,2,fog-1,3725.000,0.480000
FOG_WITH_IDS_seed2,FOG_WITH_IDS,2,fog-2,3725.000,0.080000
FOG_WITH_IDS_seed2,FOG_WITH_IDS,2,fog-3,3725.000,0.480000
FOG_WITH_IDS_seed2,FOG_WITH_IDS,2,cloud,3750.000,0.000000
FOG_WITH_IDS_seed2,FOG_WITH_IDS,2,proxy,3750.000,0.000000
FOG_WITH_IDS_seed2,FOG_WITH_IDS,2,fog-1,3750.000,0.000000
FOG_WITH_IDS_seed2,FOG_WITH_IDS,2,fog-2,3750.000,0.000000
FOG_WITH_IDS_seed2,FOG_WITH_IDS,2,fog-3,3750.000,0.000000
FOG_WITH_IDS_seed2,FOG_WITH_IDS,2,cloud,3775.000,0.000000
FOG_WITH_IDS_seed2,FOG_WITH_IDS,2,proxy,3775.000,0.000000
FOG_WITH_IDS_seed2,FOG_WITH_IDS,2,fog-1,3775.000,0.440000
FOG_WITH_IDS_seed2,FOG_WITH_IDS,2,fog-2,3775.000,0.040000
FOG_WITH_IDS_seed2,FOG_WITH_IDS,2,fog-3,3775.000,0.440000
FOG_WITH_IDS_seed2,FOG_WITH_IDS,2,cloud,3800.000,0.000000
FOG_WITH_IDS_seed2,FOG_WITH_IDS,2,proxy,3800.000,0.000000
FOG_WITH_IDS_seed2,FOG_WITH_IDS,2,fog-1,3800.000,0.040000
FOG_WITH_IDS_seed2,FOG_WITH_IDS,2,fog-2,3800.000,0.040000
FOG_WITH_IDS_seed2,FOG_WITH_IDS,2,fog-3,3800.000,0.040000
FOG_WITH_IDS_seed2,FOG_WITH_IDS,2,cloud,3825.000,0.000000
FOG_WITH_IDS_seed2,FOG_WITH_IDS,2,proxy,3825.000,0.000000
FOG_WITH_IDS_seed2,FOG_WITH_IDS,2,fog-1,3825.000,0.480000
FOG_WITH_IDS_seed2,FOG_WITH_IDS,2,fog-2,3825.000,0.080000
FOG_WITH_IDS_seed2,FOG_WITH_IDS,2,fog-3,3825.000,0.480000
FOG_WITH_IDS_seed2,FOG_WITH_IDS,2,cloud,3850.000,0.000000
FOG_WITH_IDS_seed2,FOG_WITH_IDS,2,proxy,3850.000,0.000000
FOG_WITH_IDS_seed2,FOG_WITH_IDS,2,fog-1,3850.000,0.000000
FOG_WITH_IDS_seed2,FOG_WITH_IDS,2,fog-2,3850.000,0.000000
FOG_WITH_IDS_seed2,FOG_WITH_IDS,2,fog-3,3850.000,0.000000
FOG_WITH_IDS_seed2,FOG_WITH_IDS,2,cloud,3875.000,0.000000
FOG_WITH_IDS_seed2,FOG_WITH_IDS,2,proxy,3875.000,0.000000
FOG_WITH_IDS_seed2,FOG_WITH_IDS,2,fog-1,3875.000,0.440000
FOG_WITH_IDS_seed2,FOG_WITH_IDS,2,fog-2,3875.000,0.040000
FOG_WITH_IDS_seed2,FOG_WITH_IDS,2,fog-3,3875.000,0.440000
FOG_WITH_IDS_seed2,FOG_WITH_IDS,2,cloud,3900.000,0.000000
FOG_WITH_IDS_seed2,FOG_WITH_IDS,2,proxy,3900.000,0.000000
FOG_WITH_IDS_seed2,FOG_WITH_IDS,2,fog-1,3900.000,0.040000
FOG_WITH_IDS_seed2,FOG_WITH_IDS,2,fog-2,3900.000,0.040000
FOG_WITH_IDS_seed2,FOG_WITH_IDS,2,fog-3,3900.000,0.040000
FOG_WITH_IDS_seed2,FOG_WITH_IDS,2,cloud,3925.000,0.000000
FOG_WITH_IDS_seed2,FOG_WITH_IDS,2,proxy,3925.000,0.000000
FOG_WITH_IDS_seed2,FOG_WITH_IDS,2,fog-1,3925.000,0.480000
FOG_WITH_IDS_seed2,FOG_WITH_IDS,2,fog-2,3925.000,0.080000
FOG_WITH_IDS_seed2,FOG_WITH_IDS,2,fog-3,3925.000,0.480000
FOG_WITH_IDS_seed2,FOG_WITH_IDS,2,cloud,3950.000,0.000000
FOG_WITH_IDS_seed2,FOG_WITH_IDS,2,proxy,3950.000,0.000000
FOG_WITH_IDS_seed2,FOG_WITH_IDS,2,fog-1,3950.000,0.000000
FOG_WITH_IDS_seed2,FOG_WITH_IDS,2,fog-2,3950.000,0.000000
FOG_WITH_IDS_seed2,FOG_WITH_IDS,2,fog-3,3950.000,0.000000
FOG_WITH_IDS_seed2,FOG_WITH_IDS,2,cloud,3975.000,0.000000
FOG_WITH_IDS_seed2,FOG_WITH_IDS,2,proxy,3975.000,0.000000
FOG_WITH_IDS_seed2,FOG_WITH_IDS,2,fog-1,3975.000,0.440000
FOG_WITH_IDS_seed2,FOG_WITH_IDS,2,fog-2,3975.000,0.040000
FOG_WITH_IDS_seed2,FOG_WITH_IDS,2,fog-3,3975.000,0.440000
FOG_WITH_IDS_seed2,FOG_WITH_IDS,2,cloud,4000.000,0.000000
FOG_WITH_IDS_seed2,FOG_WITH_IDS,2,proxy,4000.000,0.000000
FOG_WITH_IDS_seed2,FOG_WITH_IDS,2,fog-1,4000.000,0.040000
FOG_WITH_IDS_seed2,FOG_WITH_IDS,2,fog-2,4000.000,0.040000
FOG_WITH_IDS_seed2,FOG_WITH_IDS,2,fog-3,4000.000,0.040000
FOG_WITH_IDS_seed2,FOG_WITH_IDS,2,cloud,4025.000,0.000000
FOG_WITH_IDS_seed2,FOG_WITH_IDS,2,proxy,4025.000,0.000000
FOG_WITH_IDS_seed2,FOG_WITH_IDS,2,fog-1,4025.000,0.480000
FOG_WITH_IDS_seed2,FOG_WITH_IDS,2,fog-2,4025.000,0.080000
FOG_WITH_IDS_seed2,FOG_WITH_IDS,2,fog-3,4025.000,0.480000
FOG_WITH_IDS_seed2,FOG_WITH_IDS,2,cloud,4050.000,0.000000
FOG_WITH_IDS_seed2,FOG_WITH_IDS,2,proxy,4050.000,0.000000
FOG_WITH_IDS_seed2,FOG_WITH_IDS,2,fog-1,4050.000,0.000000
FOG_WITH_IDS_seed2,FOG_WITH_IDS,2,fog-2,4050.000,0.000000
FOG_WITH_IDS_seed2,FOG_WITH_IDS,2,fog-3,4050.000,0.000000
FOG_WITH_IDS_seed2,FOG_WITH_IDS,2,cloud,4075.000,0.000000
FOG_WITH_IDS_seed2,FOG_WITH_IDS,2,proxy,4075.000,0.000000
FOG_WITH_IDS_seed2,FOG_WITH_IDS,2,fog-1,4075.000,0.440000
FOG_WITH_IDS_seed2,FOG_WITH_IDS,2,fog-2,4075.000,0.040000
FOG_WITH_IDS_seed2,FOG_WITH_IDS,2,fog-3,4075.000,0.440000
FOG_WITH_IDS_seed2,FOG_WITH_IDS,2,cloud,4100.000,0.000000
FOG_WITH_IDS_seed2,FOG_WITH_IDS,2,proxy,4100.000,0.000000
FOG_WITH_IDS_seed2,FOG_WITH_IDS,2,fog-1,4100.000,0.040000
FOG_WITH_IDS_seed2,FOG_WITH_IDS,2,fog-2,4100.000,0.040000
FOG_WITH_IDS_seed2,FOG_WITH_IDS,2,fog-3,4100.000,0.040000
FOG_WITH_IDS_seed2,FOG_WITH_IDS,2,cloud,4125.000,0.000000
FOG_WITH_IDS_seed2,FOG_WITH_IDS,2,proxy,4125.000,0.000000
FOG_WITH_IDS_seed2,FOG_WITH_IDS,2,fog-1,4125.000,0.480000
FOG_WITH_IDS_seed2,FOG_WITH_IDS,2,fog-2,4125.000,0.080000
FOG_WITH_IDS_seed2,FOG_WITH_IDS,2,fog-3,4125.000,0.480000
FOG_WITH_IDS_seed2,FOG_WITH_IDS,2,cloud,4150.000,0.000000
FOG_WITH_IDS_seed2,FOG_WITH_IDS,2,proxy,4150.000,0.000000
FOG_WITH_IDS_seed2,FOG_WITH_IDS,2,fog-1,4150.000,0.000000
FOG_WITH_IDS_seed2,FOG_WITH_IDS,2,fog-2,4150.000,0.000000
FOG_WITH_IDS_seed2,FOG_WITH_IDS,2,fog-3,4150.000,0.000000
FOG_WITH_IDS_seed2,FOG_WITH_IDS,2,cloud,4175.000,0.000000
FOG_WITH_IDS_seed2,FOG_WITH_IDS,2,proxy,4175.000,0.000000
FOG_WITH_IDS_seed2,FOG_WITH_IDS,2,fog-1,4175.000,0.440000
FOG_WITH_IDS_seed2,FOG_WITH_IDS,2,fog-2,4175.000,0.040000
FOG_WITH_IDS_seed2,FOG_WITH_IDS,2,fog-3,4175.000,0.440000
FOG_WITH_IDS_seed2,FOG_WITH_IDS,2,cloud,4200.000,0.000000
FOG_WITH_IDS_seed2,FOG_WITH_IDS,2,proxy,4200.000,0.000000
FOG_WITH_IDS_seed2,FOG_WITH_IDS,2,fog-1,4200.000,0.040000
FOG_WITH_IDS_seed2,FOG_WITH_IDS,2,fog-2,4200.000,0.040000
FOG_WITH_IDS_seed2,FOG_WITH_IDS,2,fog-3,4200.000,0.040000
FOG_WITH_IDS_seed2,FOG_WITH_IDS,2,cloud,4225.000,0.000000
FOG_WITH_IDS_seed2,FOG_WITH_IDS,2,proxy,4225.000,0.000000
FOG_WITH_IDS_seed2,FOG_WITH_IDS,2,fog-1,4225.000,0.480000
FOG_WITH_IDS_seed2,FOG_WITH_IDS,2,fog-2,4225.000,0.080000
FOG_WITH_IDS_seed2,FOG_WITH_IDS,2,fog-3,4225.000,0.480000
FOG_WITH_IDS_seed2,FOG_WITH_IDS,2,cloud,4250.000,0.000000
FOG_WITH_IDS_seed2,FOG_WITH_IDS,2,proxy,4250.000,0.000000
FOG_WITH_IDS_seed2,FOG_WITH_IDS,2,fog-1,4250.000,0.000000
FOG_WITH_IDS_seed2,FOG_WITH_IDS,2,fog-2,4250.000,0.000000
FOG_WITH_IDS_seed2,FOG_WITH_IDS,2,fog-3,4250.000,0.000000
FOG_WITH_IDS_seed2,FOG_WITH_IDS,2,cloud,4275.000,0.000000
FOG_WITH_IDS_seed2,FOG_WITH_IDS,2,proxy,4275.000,0.000000
FOG_WITH_IDS_seed2,FOG_WITH_IDS,2,fog-1,4275.000,0.440000
FOG_WITH_IDS_seed2,FOG_WITH_IDS,2,fog-2,4275.000,0.040000
FOG_WITH_IDS_seed2,FOG_WITH_IDS,2,fog-3,4275.000,0.440000
FOG_WITH_IDS_seed2,FOG_WITH_IDS,2,cloud,4300.000,0.000000
FOG_WITH_IDS_seed2,FOG_WITH_IDS,2,proxy,4300.000,0.000000
FOG_WITH_IDS_seed2,FOG_WITH_IDS,2,fog-1,4300.000,0.040000
FOG_WITH_IDS_seed2,FOG_WITH_IDS,2,fog-2,4300.000,0.040000
FOG_WITH_IDS_seed2,FOG_WITH_IDS,2,fog-3,4300.000,0.040000
FOG_WITH_IDS_seed2,FOG_WITH_IDS,2,cloud,4325.000,0.000000
FOG_WITH_IDS_seed2,FOG_WITH_IDS,2,proxy,4325.000,0.000000
FOG_WITH_IDS_seed2,FOG_WITH_IDS,2,fog-1,4325.000,0.480000
FOG_WITH_IDS_seed2,FOG_WITH_IDS,2,fog-2,4325.000,0.080000
FOG_WITH_IDS_seed2,FOG_WITH_IDS,2,fog-3,4325.000,0.480000
FOG_WITH_IDS_seed2,FOG_WITH_IDS,2,cloud,4350.000,0.000000
FOG_WITH_IDS_seed2,FOG_WITH_IDS,2,proxy,4350.000,0.000000
FOG_WITH_IDS_seed2,FOG_WITH_IDS,2,fog-1,4350.000,0.000000
FOG_WITH_IDS_seed2,FOG_WITH_IDS,2,fog-2,4350.000,0.000000
FOG_WITH_IDS_seed2,FOG_WITH_IDS,2,fog-3,4350.000,0.000000
FOG_WITH_IDS_seed2,FOG_WITH_IDS,2,cloud,4375.000,0.000000
FOG_WITH_IDS_seed2,FOG_WITH_IDS,2,proxy,4375.000,0.000000
FOG_WITH_IDS_seed2,FOG_WITH_IDS,2,fog-1,4375.000,0.440000
FOG_WITH_IDS_seed2,FOG_WITH_IDS,2,fog-2,4375.000,0.040000
FOG_WITH_IDS_seed2,FOG_WITH_IDS,2,fog-3,4375.000,0.440000
FOG_WITH_IDS_seed2,FOG_WITH_IDS,2,cloud,4400.000,0.000000
FOG_WITH_IDS_seed2,FOG_WITH_IDS,2,proxy,4400.000,0.000000
FOG_WITH_IDS_seed2,FOG_WITH_IDS,2,fog-1,4400.000,0.040000
FOG_WITH_IDS_seed2,FOG_WITH_IDS,2,fog-2,4400.000,0.040000
FOG_WITH_IDS_seed2,FOG_WITH_IDS,2,fog-3,4400.000,0.040000
FOG_WITH_IDS_seed2,FOG_WITH_IDS,2,cloud,4425.000,0.000000
FOG_WITH_IDS_seed2,FOG_WITH_IDS,2,proxy,4425.000,0.000000
FOG_WITH_IDS_seed2,FOG_WITH_IDS,2,fog-1,4425.000,0.480000
FOG_WITH_IDS_seed2,FOG_WITH_IDS,2,fog-2,4425.000,0.080000
FOG_WITH_IDS_seed2,FOG_WITH_IDS,2,fog-3,4425.000,0.480000
FOG_WITH_IDS_seed2,FOG_WITH_IDS,2,cloud,4450.000,0.000000
FOG_WITH_IDS_seed2,FOG_WITH_IDS,2,proxy,4450.000,0.000000
FOG_WITH_IDS_seed2,FOG_WITH_IDS,2,fog-1,4450.000,0.000000
FOG_WITH_IDS_seed2,FOG_WITH_IDS,2,fog-2,4450.000,0.000000
FOG_WITH_IDS_seed2,FOG_WITH_IDS,2,fog-3,4450.000,0.000000
FOG_WITH_IDS_seed2,FOG_WITH_IDS,2,cloud,4475.000,0.000000
FOG_WITH_IDS_seed2,FOG_WITH_IDS,2,proxy,4475.000,0.000000
FOG_WITH_IDS_seed2,FOG_WITH_IDS,2,fog-1,4475.000,0.440000
FOG_WITH_IDS_seed2,FOG_WITH_IDS,2,fog-2,4475.000,0.040000
FOG_WITH_IDS_seed2,FOG_WITH_IDS,2,fog-3,4475.000,0.440000
FOG_WITH_IDS_seed2,FOG_WITH_IDS,2,cloud,4500.000,0.000000
FOG_WITH_IDS_seed2,FOG_WITH_IDS,2,proxy,4500.000,0.000000
FOG_WITH_IDS_seed2,FOG_WITH_IDS,2,fog-1,4500.000,0.040000
FOG_WITH_IDS_seed2,FOG_WITH_IDS,2,fog-2,4500.000,0.040000
FOG_WITH_IDS_seed2,FOG_WITH_IDS,2,fog-3,4500.000,0.040000
FOG_WITH_IDS_seed2,FOG_WITH_IDS,2,cloud,4525.000,0.000000
FOG_WITH_IDS_seed2,FOG_WITH_IDS,2,proxy,4525.000,0.000000
FOG_WITH_IDS_seed2,FOG_WITH_IDS,2,fog-1,4525.000,0.480000
FOG_WITH_IDS_seed2,FOG_WITH_IDS,2,fog-2,4525.000,0.080000
FOG_WITH_IDS_seed2,FOG_WITH_IDS,2,fog-3,4525.000,0.480000
FOG_WITH_IDS_seed2,FOG_WITH_IDS,2,cloud,4550.000,0.000000
FOG_WITH_IDS_seed2,FOG_WITH_IDS,2,proxy,4550.000,0.000000
FOG_WITH_IDS_seed2,FOG_WITH_IDS,2,fog-1,4550.000,0.000000
FOG_WITH_IDS_seed2,FOG_WITH_IDS,2,fog-2,4550.000,0.000000
FOG_WITH_IDS_seed2,FOG_WITH_IDS,2,fog-3,4550.000,0.000000
FOG_WITH_IDS_seed2,FOG_WITH_IDS,2,cloud,4575.000,0.000000
FOG_WITH_IDS_seed2,FOG_WITH_IDS,2,proxy,4575.000,0.000000
FOG_WITH_IDS_seed2,FOG_WITH_IDS,2,fog-1,4575.000,0.440000
FOG_WITH_IDS_seed2,FOG_WITH_IDS,2,fog-2,4575.000,0.040000
FOG_WITH_IDS_seed2,FOG_WITH_IDS,2,fog-3,4575.000,0.440000
FOG_WITH_IDS_seed2,FOG_WITH_IDS,2,cloud,4600.000,0.000000
FOG_WITH_IDS_seed2,FOG_WITH_IDS,2,proxy,4600.000,0.000000
FOG_WITH_IDS_seed2,FOG_WITH_IDS,2,fog-1,4600.000,0.040000
FOG_WITH_IDS_seed2,FOG_WITH_IDS,2,fog-2,4600.000,0.040000
FOG_WITH_IDS_seed2,FOG_WITH_IDS,2,fog-3,4600.000,0.040000
FOG_WITH_IDS_seed2,FOG_WITH_IDS,2,cloud,4625.000,0.000000
FOG_WITH_IDS_seed2,FOG_WITH_IDS,2,proxy,4625.000,0.000000
FOG_WITH_IDS_seed2,FOG_WITH_IDS,2,fog-1,4625.000,0.480000
FOG_WITH_IDS_seed2,FOG_WITH_IDS,2,fog-2,4625.000,0.080000
FOG_WITH_IDS_seed2,FOG_WITH_IDS,2,fog-3,4625.000,0.480000
FOG_WITH_IDS_seed2,FOG_WITH_IDS,2,cloud,4650.000,0.000000
FOG_WITH_IDS_seed2,FOG_WITH_IDS,2,proxy,4650.000,0.000000
FOG_WITH_IDS_seed2,FOG_WITH_IDS,2,fog-1,4650.000,0.000000
FOG_WITH_IDS_seed2,FOG_WITH_IDS,2,fog-2,4650.000,0.000000
FOG_WITH_IDS_seed2,FOG_WITH_IDS,2,fog-3,4650.000,0.000000
FOG_WITH_IDS_seed2,FOG_WITH_IDS,2,cloud,4675.000,0.000000
FOG_WITH_IDS_seed2,FOG_WITH_IDS,2,proxy,4675.000,0.000000
FOG_WITH_IDS_seed2,FOG_WITH_IDS,2,fog-1,4675.000,0.440000
FOG_WITH_IDS_seed2,FOG_WITH_IDS,2,fog-2,4675.000,0.040000
FOG_WITH_IDS_seed2,FOG_WITH_IDS,2,fog-3,4675.000,0.440000
FOG_WITH_IDS_seed2,FOG_WITH_IDS,2,cloud,4700.000,0.000000
FOG_WITH_IDS_seed2,FOG_WITH_IDS,2,proxy,4700.000,0.000000
FOG_WITH_IDS_seed2,FOG_WITH_IDS,2,fog-1,4700.000,0.040000
FOG_WITH_IDS_seed2,FOG_WITH_IDS,2,fog-2,4700.000,0.040000
FOG_WITH_IDS_seed2,FOG_WITH_IDS,2,fog-3,4700.000,0.040000
FOG_WITH_IDS_seed2,FOG_WITH_IDS,2,cloud,4725.000,0.000000
FOG_WITH_IDS_seed2,FOG_WITH_IDS,2,proxy,4725.000,0.000000
FOG_WITH_IDS_seed2,FOG_WITH_IDS,2,fog-1,4725.000,0.480000
FOG_WITH_IDS_seed2,FOG_WITH_IDS,2,fog-2,4725.000,0.080000
FOG_WITH_IDS_seed2,FOG_WITH_IDS,2,fog-3,4725.000,0.480000
FOG_WITH_IDS_seed2,FOG_WITH_IDS,2,cloud,4750.000,0.000000
FOG_WITH_IDS_seed2,FOG_WITH_IDS,2,proxy,4750.000,0.000000
FOG_WITH_IDS_seed2,FOG_WITH_IDS,2,fog-1,4750.000,0.000000
FOG_WITH_IDS_seed2,FOG_WITH_IDS,2,fog-2,4750.000,0.000000
FOG_WITH_IDS_seed2,FOG_WITH_IDS,2,fog-3,4750.000,0.000000
FOG_WITH_IDS_seed2,FOG_WITH_IDS,2,cloud,4775.000,0.000000
FOG_WITH_IDS_seed2,FOG_WITH_IDS,2,proxy,4775.000,0.000000
FOG_WITH_IDS_seed2,FOG_WITH_IDS,2,fog-1,4775.000,0.440000
FOG_WITH_IDS_seed2,FOG_WITH_IDS,2,fog-2,4775.000,0.040000
FOG_WITH_IDS_seed2,FOG_WITH_IDS,2,fog-3,4775.000,0.440000
FOG_WITH_IDS_seed2,FOG_WITH_IDS,2,cloud,4800.000,0.000000
FOG_WITH_IDS_seed2,FOG_WITH_IDS,2,proxy,4800.000,0.000000
FOG_WITH_IDS_seed2,FOG_WITH_IDS,2,fog-1,4800.000,0.040000
FOG_WITH_IDS_seed2,FOG_WITH_IDS,2,fog-2,4800.000,0.040000
FOG_WITH_IDS_seed2,FOG_WITH_IDS,2,fog-3,4800.000,0.040000
FOG_WITH_IDS_seed2,FOG_WITH_IDS,2,cloud,4825.000,0.000000
FOG_WITH_IDS_seed2,FOG_WITH_IDS,2,proxy,4825.000,0.000000
FOG_WITH_IDS_seed2,FOG_WITH_IDS,2,fog-1,4825.000,0.480000
FOG_WITH_IDS_seed2,FOG_WITH_IDS,2,fog-2,4825.000,0.080000
FOG_WITH_IDS_seed2,FOG_WITH_IDS,2,fog-3,4825.000,0.480000
FOG_WITH_IDS_seed2,FOG_WITH_IDS,2,cloud,4850.000,0.000000
FOG_WITH_IDS_seed2,FOG_WITH_IDS,2,proxy,4850.000,0.000000
FOG_WITH_IDS_seed2,FOG_WITH_IDS,2,fog-1,4850.000,0.000000
FOG_WITH_IDS_seed2,FOG_WITH_IDS,2,fog-2,4850.000,0.000000
FOG_WITH_IDS_seed2,FOG_WITH_IDS,2,fog-3,4850.000,0.000000
FOG_WITH_IDS_seed2,FOG_WITH_IDS,2,cloud,4875.000,0.000000
FOG_WITH_IDS_seed2,FOG_WITH_IDS,2,proxy,4875.000,0.000000
FOG_WITH_IDS_seed2,FOG_WITH_IDS,2,fog-1,4875.000,0.440000
FOG_WITH_IDS_seed2,FOG_WITH_IDS,2,fog-2,4875.000,0.040000
FOG_WITH_IDS_seed2,FOG_WITH_IDS,2,fog-3,4875.000,0.440000
FOG_WITH_IDS_seed2,FOG_WITH_IDS,2,cloud,4900.000,0.000000
FOG_WITH_IDS_seed2,FOG_WITH_IDS,2,proxy,4900.000,0.000000
FOG_WITH_IDS_seed2,FOG_WITH_IDS,2,fog-1,4900.000,0.040000
FOG_WITH_IDS_seed2,FOG_WITH_IDS,2,fog-2,4900.000,0.040000
FOG_WITH_IDS_seed2,FOG_WITH_IDS,2,fog-3,4900.000,0.040000
FOG_WITH_IDS_seed2,FOG_WITH_IDS,2,cloud,4925.000,0.000000
FOG_WITH_IDS_seed2,FOG_WITH_IDS,2,proxy,4925.000,0.000000
FOG_WITH_IDS_seed2,FOG_WITH_IDS,2,fog-1,4925.000,0.480000
FOG_WITH_IDS_seed2,FOG_WITH_IDS,2,fog-2,4925.000,0.080000
FOG_WITH_IDS_seed2,FOG_WITH_IDS,2,fog-3,4925.000,0.480000
FOG_WITH_IDS_seed2,FOG_WITH_IDS,2,cloud,4950.000,0.000000
FOG_WITH_IDS_seed2,FOG_WITH_IDS,2,proxy,4950.000,0.000000
FOG_WITH_IDS_seed2,FOG_WITH_IDS,2,fog-1,4950.000,0.000000
FOG_WITH_IDS_seed2,FOG_WITH_IDS,2,fog-2,4950.000,0.000000
FOG_WITH_IDS_seed2,FOG_WITH_IDS,2,fog-3,4950.000,0.000000
FOG_WITH_IDS_seed2,FOG_WITH_IDS,2,cloud,4975.000,0.000000
FOG_WITH_IDS_seed2,FOG_WITH_IDS,2,proxy,4975.000,0.000000
FOG_WITH_IDS_seed2,FOG_WITH_IDS,2,fog-1,4975.000,0.440000
FOG_WITH_IDS_seed2,FOG_WITH_IDS,2,fog-2,4975.000,0.040000
FOG_WITH_IDS_seed2,FOG_WITH_IDS,2,fog-3,4975.000,0.440000
FOG_WITH_IDS_seed2,FOG_WITH_IDS,2,cloud,5000.000,0.000000
FOG_WITH_IDS_seed2,FOG_WITH_IDS,2,proxy,5000.000,0.000000
FOG_WITH_IDS_seed2,FOG_WITH_IDS,2,fog-1,5000.000,0.000000
FOG_WITH_IDS_seed2,FOG_WITH_IDS,2,fog-2,5000.000,0.000000
FOG_WITH_IDS_seed2,FOG_WITH_IDS,2,fog-3,5000.000,0.000000
FOG_WITH_IDS_seed3,FOG_WITH_IDS,3,cloud,25.000,0.000179
FOG_WITH_IDS_seed3,FOG_WITH_IDS,3,proxy,25.000,0.000000
FOG_WITH_IDS_seed3,FOG_WITH_IDS,3,fog-1,25.000,0.005500
FOG_WITH_IDS_seed3,FOG_WITH_IDS,3,fog-2,25.000,0.005500
FOG_WITH_IDS_seed3,FOG_WITH_IDS,3,fog-3,25.000,0.005500
FOG_WITH_IDS_seed3,FOG_WITH_IDS,3,cloud,50.000,0.000179
FOG_WITH_IDS_seed3,FOG_WITH_IDS,3,proxy,50.000,0.000000
FOG_WITH_IDS_seed3,FOG_WITH_IDS,3,fog-1,50.000,0.005500
FOG_WITH_IDS_seed3,FOG_WITH_IDS,3,fog-2,50.000,0.005500
FOG_WITH_IDS_seed3,FOG_WITH_IDS,3,fog-3,50.000,0.005500
FOG_WITH_IDS_seed3,FOG_WITH_IDS,3,cloud,75.000,0.000179
FOG_WITH_IDS_seed3,FOG_WITH_IDS,3,proxy,75.000,0.000000
FOG_WITH_IDS_seed3,FOG_WITH_IDS,3,fog-1,75.000,0.005500
FOG_WITH_IDS_seed3,FOG_WITH_IDS,3,fog-2,75.000,0.005500
FOG_WITH_IDS_seed3,FOG_WITH_IDS,3,fog-3,75.000,0.005500
FOG_WITH_IDS_seed3,FOG_WITH_IDS,3,cloud,100.000,0.000179
FOG_WITH_IDS_seed3,FOG_WITH_IDS,3,proxy,100.000,0.000000
FOG_WITH_IDS_seed3,FOG_WITH_IDS,3,fog-1,100.000,0.005500
FOG_WITH_IDS_seed3,FOG_WITH_IDS,3,fog-2,100.000,0.005500
FOG_WITH_IDS_seed3,FOG_WITH_IDS,3,fog-3,100.000,0.005500
FOG_WITH_IDS_seed3,FOG_WITH_IDS,3,cloud,125.000,0.000179
FOG_WITH_IDS_seed3,FOG_WITH_IDS,3,proxy,125.000,0.000000
FOG_WITH_IDS_seed3,FOG_WITH_IDS,3,fog-1,125.000,0.440220
FOG_WITH_IDS_seed3,FOG_WITH_IDS,3,fog-2,125.000,0.040220
FOG_WITH_IDS_seed3,FOG_WITH_IDS,3,fog-3,125.000,0.440220
FOG_WITH_IDS_seed3,FOG_WITH_IDS,3,cloud,150.000,0.000179
FOG_WITH_IDS_seed3,FOG_WITH_IDS,3,proxy,150.000,0.000000
FOG_WITH_IDS_seed3,FOG_WITH_IDS,3,fog-1,150.000,0.000000
FOG_WITH_IDS_seed3,FOG_WITH_IDS,3,fog-2,150.000,0.000000
FOG_WITH_IDS_seed3,FOG_WITH_IDS,3,fog-3,150.000,0.000000
FOG_WITH_IDS_seed3,FOG_WITH_IDS,3,cloud,175.000,0.000071
FOG_WITH_IDS_seed3,FOG_WITH_IDS,3,proxy,175.000,0.000000
FOG_WITH_IDS_seed3,FOG_WITH_IDS,3,fog-1,175.000,0.440000
FOG_WITH_IDS_seed3,FOG_WITH_IDS,3,fog-2,175.000,0.040000
FOG_WITH_IDS_seed3,FOG_WITH_IDS,3,fog-3,175.000,0.440000
FOG_WITH_IDS_seed3,FOG_WITH_IDS,3,cloud,200.000,0.000000
FOG_WITH_IDS_seed3,FOG_WITH_IDS,3,proxy,200.000,0.000000
FOG_WITH_IDS_seed3,FOG_WITH_IDS,3,fog-1,200.000,0.040000
FOG_WITH_IDS_seed3,FOG_WITH_IDS,3,fog-2,200.000,0.040000
FOG_WITH_IDS_seed3,FOG_WITH_IDS,3,fog-3,200.000,0.040000
FOG_WITH_IDS_seed3,FOG_WITH_IDS,3,cloud,225.000,0.000000
FOG_WITH_IDS_seed3,FOG_WITH_IDS,3,proxy,225.000,0.000000
FOG_WITH_IDS_seed3,FOG_WITH_IDS,3,fog-1,225.000,0.480000
FOG_WITH_IDS_seed3,FOG_WITH_IDS,3,fog-2,225.000,0.080000
FOG_WITH_IDS_seed3,FOG_WITH_IDS,3,fog-3,225.000,0.480000
FOG_WITH_IDS_seed3,FOG_WITH_IDS,3,cloud,250.000,0.000000
FOG_WITH_IDS_seed3,FOG_WITH_IDS,3,proxy,250.000,0.000000
FOG_WITH_IDS_seed3,FOG_WITH_IDS,3,fog-1,250.000,0.000000
FOG_WITH_IDS_seed3,FOG_WITH_IDS,3,fog-2,250.000,0.000000
FOG_WITH_IDS_seed3,FOG_WITH_IDS,3,fog-3,250.000,0.000000
FOG_WITH_IDS_seed3,FOG_WITH_IDS,3,cloud,275.000,0.000000
FOG_WITH_IDS_seed3,FOG_WITH_IDS,3,proxy,275.000,0.000000
FOG_WITH_IDS_seed3,FOG_WITH_IDS,3,fog-1,275.000,0.440000
FOG_WITH_IDS_seed3,FOG_WITH_IDS,3,fog-2,275.000,0.040000
FOG_WITH_IDS_seed3,FOG_WITH_IDS,3,fog-3,275.000,0.440000
FOG_WITH_IDS_seed3,FOG_WITH_IDS,3,cloud,300.000,0.000000
FOG_WITH_IDS_seed3,FOG_WITH_IDS,3,proxy,300.000,0.000000
FOG_WITH_IDS_seed3,FOG_WITH_IDS,3,fog-1,300.000,0.040000
FOG_WITH_IDS_seed3,FOG_WITH_IDS,3,fog-2,300.000,0.040000
FOG_WITH_IDS_seed3,FOG_WITH_IDS,3,fog-3,300.000,0.040000
FOG_WITH_IDS_seed3,FOG_WITH_IDS,3,cloud,325.000,0.000000
FOG_WITH_IDS_seed3,FOG_WITH_IDS,3,proxy,325.000,0.000000
FOG_WITH_IDS_seed3,FOG_WITH_IDS,3,fog-1,325.000,0.480000
FOG_WITH_IDS_seed3,FOG_WITH_IDS,3,fog-2,325.000,0.080000
FOG_WITH_IDS_seed3,FOG_WITH_IDS,3,fog-3,325.000,0.480000
FOG_WITH_IDS_seed3,FOG_WITH_IDS,3,cloud,350.000,0.000000
FOG_WITH_IDS_seed3,FOG_WITH_IDS,3,proxy,350.000,0.000000
FOG_WITH_IDS_seed3,FOG_WITH_IDS,3,fog-1,350.000,0.000000
FOG_WITH_IDS_seed3,FOG_WITH_IDS,3,fog-2,350.000,0.000000
FOG_WITH_IDS_seed3,FOG_WITH_IDS,3,fog-3,350.000,0.000000
FOG_WITH_IDS_seed3,FOG_WITH_IDS,3,cloud,375.000,0.000000
FOG_WITH_IDS_seed3,FOG_WITH_IDS,3,proxy,375.000,0.000000
FOG_WITH_IDS_seed3,FOG_WITH_IDS,3,fog-1,375.000,0.440000
FOG_WITH_IDS_seed3,FOG_WITH_IDS,3,fog-2,375.000,0.040000
FOG_WITH_IDS_seed3,FOG_WITH_IDS,3,fog-3,375.000,0.440000
FOG_WITH_IDS_seed3,FOG_WITH_IDS,3,cloud,400.000,0.000000
FOG_WITH_IDS_seed3,FOG_WITH_IDS,3,proxy,400.000,0.000000
FOG_WITH_IDS_seed3,FOG_WITH_IDS,3,fog-1,400.000,0.040000
FOG_WITH_IDS_seed3,FOG_WITH_IDS,3,fog-2,400.000,0.040000
FOG_WITH_IDS_seed3,FOG_WITH_IDS,3,fog-3,400.000,0.040000
FOG_WITH_IDS_seed3,FOG_WITH_IDS,3,cloud,425.000,0.000000
FOG_WITH_IDS_seed3,FOG_WITH_IDS,3,proxy,425.000,0.000000
FOG_WITH_IDS_seed3,FOG_WITH_IDS,3,fog-1,425.000,0.480000
FOG_WITH_IDS_seed3,FOG_WITH_IDS,3,fog-2,425.000,0.080000
FOG_WITH_IDS_seed3,FOG_WITH_IDS,3,fog-3,425.000,0.480000
FOG_WITH_IDS_seed3,FOG_WITH_IDS,3,cloud,450.000,0.000000
FOG_WITH_IDS_seed3,FOG_WITH_IDS,3,proxy,450.000,0.000000
FOG_WITH_IDS_seed3,FOG_WITH_IDS,3,fog-1,450.000,0.000000
FOG_WITH_IDS_seed3,FOG_WITH_IDS,3,fog-2,450.000,0.000000
FOG_WITH_IDS_seed3,FOG_WITH_IDS,3,fog-3,450.000,0.000000
FOG_WITH_IDS_seed3,FOG_WITH_IDS,3,cloud,475.000,0.000000
FOG_WITH_IDS_seed3,FOG_WITH_IDS,3,proxy,475.000,0.000000
FOG_WITH_IDS_seed3,FOG_WITH_IDS,3,fog-1,475.000,0.440000
FOG_WITH_IDS_seed3,FOG_WITH_IDS,3,fog-2,475.000,0.040000
FOG_WITH_IDS_seed3,FOG_WITH_IDS,3,fog-3,475.000,0.440000
FOG_WITH_IDS_seed3,FOG_WITH_IDS,3,cloud,500.000,0.000000
FOG_WITH_IDS_seed3,FOG_WITH_IDS,3,proxy,500.000,0.000000
FOG_WITH_IDS_seed3,FOG_WITH_IDS,3,fog-1,500.000,0.040000
FOG_WITH_IDS_seed3,FOG_WITH_IDS,3,fog-2,500.000,0.040000
FOG_WITH_IDS_seed3,FOG_WITH_IDS,3,fog-3,500.000,0.040000
FOG_WITH_IDS_seed3,FOG_WITH_IDS,3,cloud,525.000,0.000000
FOG_WITH_IDS_seed3,FOG_WITH_IDS,3,proxy,525.000,0.000000
FOG_WITH_IDS_seed3,FOG_WITH_IDS,3,fog-1,525.000,0.480000
FOG_WITH_IDS_seed3,FOG_WITH_IDS,3,fog-2,525.000,0.080000
FOG_WITH_IDS_seed3,FOG_WITH_IDS,3,fog-3,525.000,0.480000
FOG_WITH_IDS_seed3,FOG_WITH_IDS,3,cloud,550.000,0.000000
FOG_WITH_IDS_seed3,FOG_WITH_IDS,3,proxy,550.000,0.000000
FOG_WITH_IDS_seed3,FOG_WITH_IDS,3,fog-1,550.000,0.000000
FOG_WITH_IDS_seed3,FOG_WITH_IDS,3,fog-2,550.000,0.000000
FOG_WITH_IDS_seed3,FOG_WITH_IDS,3,fog-3,550.000,0.000000
FOG_WITH_IDS_seed3,FOG_WITH_IDS,3,cloud,575.000,0.000000
FOG_WITH_IDS_seed3,FOG_WITH_IDS,3,proxy,575.000,0.000000
FOG_WITH_IDS_seed3,FOG_WITH_IDS,3,fog-1,575.000,0.440000
FOG_WITH_IDS_seed3,FOG_WITH_IDS,3,fog-2,575.000,0.040000
FOG_WITH_IDS_seed3,FOG_WITH_IDS,3,fog-3,575.000,0.440000
FOG_WITH_IDS_seed3,FOG_WITH_IDS,3,cloud,600.000,0.000000
FOG_WITH_IDS_seed3,FOG_WITH_IDS,3,proxy,600.000,0.000000
FOG_WITH_IDS_seed3,FOG_WITH_IDS,3,fog-1,600.000,0.040000
FOG_WITH_IDS_seed3,FOG_WITH_IDS,3,fog-2,600.000,0.040000
FOG_WITH_IDS_seed3,FOG_WITH_IDS,3,fog-3,600.000,0.040000
FOG_WITH_IDS_seed3,FOG_WITH_IDS,3,cloud,625.000,0.000000
FOG_WITH_IDS_seed3,FOG_WITH_IDS,3,proxy,625.000,0.000000
FOG_WITH_IDS_seed3,FOG_WITH_IDS,3,fog-1,625.000,0.480000
FOG_WITH_IDS_seed3,FOG_WITH_IDS,3,fog-2,625.000,0.080000
FOG_WITH_IDS_seed3,FOG_WITH_IDS,3,fog-3,625.000,0.480000
FOG_WITH_IDS_seed3,FOG_WITH_IDS,3,cloud,650.000,0.000000
FOG_WITH_IDS_seed3,FOG_WITH_IDS,3,proxy,650.000,0.000000
FOG_WITH_IDS_seed3,FOG_WITH_IDS,3,fog-1,650.000,0.000000
FOG_WITH_IDS_seed3,FOG_WITH_IDS,3,fog-2,650.000,0.000000
FOG_WITH_IDS_seed3,FOG_WITH_IDS,3,fog-3,650.000,0.000000
FOG_WITH_IDS_seed3,FOG_WITH_IDS,3,cloud,675.000,0.000000
FOG_WITH_IDS_seed3,FOG_WITH_IDS,3,proxy,675.000,0.000000
FOG_WITH_IDS_seed3,FOG_WITH_IDS,3,fog-1,675.000,0.440000
FOG_WITH_IDS_seed3,FOG_WITH_IDS,3,fog-2,675.000,0.040000
FOG_WITH_IDS_seed3,FOG_WITH_IDS,3,fog-3,675.000,0.440000
FOG_WITH_IDS_seed3,FOG_WITH_IDS,3,cloud,700.000,0.000000
FOG_WITH_IDS_seed3,FOG_WITH_IDS,3,proxy,700.000,0.000000
FOG_WITH_IDS_seed3,FOG_WITH_IDS,3,fog-1,700.000,0.040000
FOG_WITH_IDS_seed3,FOG_WITH_IDS,3,fog-2,700.000,0.040000
FOG_WITH_IDS_seed3,FOG_WITH_IDS,3,fog-3,700.000,0.040000
FOG_WITH_IDS_seed3,FOG_WITH_IDS,3,cloud,725.000,0.000000
FOG_WITH_IDS_seed3,FOG_WITH_IDS,3,proxy,725.000,0.000000
FOG_WITH_IDS_seed3,FOG_WITH_IDS,3,fog-1,725.000,0.480000
FOG_WITH_IDS_seed3,FOG_WITH_IDS,3,fog-2,725.000,0.080000
FOG_WITH_IDS_seed3,FOG_WITH_IDS,3,fog-3,725.000,0.480000
FOG_WITH_IDS_seed3,FOG_WITH_IDS,3,cloud,750.000,0.000000
FOG_WITH_IDS_seed3,FOG_WITH_IDS,3,proxy,750.000,0.000000
FOG_WITH_IDS_seed3,FOG_WITH_IDS,3,fog-1,750.000,0.000000
FOG_WITH_IDS_seed3,FOG_WITH_IDS,3,fog-2,750.000,0.000000
FOG_WITH_IDS_seed3,FOG_WITH_IDS,3,fog-3,750.000,0.000000
FOG_WITH_IDS_seed3,FOG_WITH_IDS,3,cloud,775.000,0.000000
FOG_WITH_IDS_seed3,FOG_WITH_IDS,3,proxy,775.000,0.000000
FOG_WITH_IDS_seed3,FOG_WITH_IDS,3,fog-1,775.000,0.440000
FOG_WITH_IDS_seed3,FOG_WITH_IDS,3,fog-2,775.000,0.040000
FOG_WITH_IDS_seed3,FOG_WITH_IDS,3,fog-3,775.000,0.440000
FOG_WITH_IDS_seed3,FOG_WITH_IDS,3,cloud,800.000,0.000000
FOG_WITH_IDS_seed3,FOG_WITH_IDS,3,proxy,800.000,0.000000
FOG_WITH_IDS_seed3,FOG_WITH_IDS,3,fog-1,800.000,0.040000
FOG_WITH_IDS_seed3,FOG_WITH_IDS,3,fog-2,800.000,0.040000
FOG_WITH_IDS_seed3,FOG_WITH_IDS,3,fog-3,800.000,0.040000
FOG_WITH_IDS_seed3,FOG_WITH_IDS,3,cloud,825.000,0.000000
FOG_WITH_IDS_seed3,FOG_WITH_IDS,3,proxy,825.000,0.000000
FOG_WITH_IDS_seed3,FOG_WITH_IDS,3,fog-1,825.000,0.480000
FOG_WITH_IDS_seed3,FOG_WITH_IDS,3,fog-2,825.000,0.080000
FOG_WITH_IDS_seed3,FOG_WITH_IDS,3,fog-3,825.000,0.480000
FOG_WITH_IDS_seed3,FOG_WITH_IDS,3,cloud,850.000,0.000000
FOG_WITH_IDS_seed3,FOG_WITH_IDS,3,proxy,850.000,0.000000
FOG_WITH_IDS_seed3,FOG_WITH_IDS,3,fog-1,850.000,0.000000
FOG_WITH_IDS_seed3,FOG_WITH_IDS,3,fog-2,850.000,0.000000
FOG_WITH_IDS_seed3,FOG_WITH_IDS,3,fog-3,850.000,0.000000
FOG_WITH_IDS_seed3,FOG_WITH_IDS,3,cloud,875.000,0.000000
FOG_WITH_IDS_seed3,FOG_WITH_IDS,3,proxy,875.000,0.000000
FOG_WITH_IDS_seed3,FOG_WITH_IDS,3,fog-1,875.000,0.440000
FOG_WITH_IDS_seed3,FOG_WITH_IDS,3,fog-2,875.000,0.040000
FOG_WITH_IDS_seed3,FOG_WITH_IDS,3,fog-3,875.000,0.440000
FOG_WITH_IDS_seed3,FOG_WITH_IDS,3,cloud,900.000,0.000000
FOG_WITH_IDS_seed3,FOG_WITH_IDS,3,proxy,900.000,0.000000
FOG_WITH_IDS_seed3,FOG_WITH_IDS,3,fog-1,900.000,0.040000
FOG_WITH_IDS_seed3,FOG_WITH_IDS,3,fog-2,900.000,0.040000
FOG_WITH_IDS_seed3,FOG_WITH_IDS,3,fog-3,900.000,0.040000
FOG_WITH_IDS_seed3,FOG_WITH_IDS,3,cloud,925.000,0.000000
FOG_WITH_IDS_seed3,FOG_WITH_IDS,3,proxy,925.000,0.000000
FOG_WITH_IDS_seed3,FOG_WITH_IDS,3,fog-1,925.000,0.480000
FOG_WITH_IDS_seed3,FOG_WITH_IDS,3,fog-2,925.000,0.080000
FOG_WITH_IDS_seed3,FOG_WITH_IDS,3,fog-3,925.000,0.480000
FOG_WITH_IDS_seed3,FOG_WITH_IDS,3,cloud,950.000,0.000000
FOG_WITH_IDS_seed3,FOG_WITH_IDS,3,proxy,950.000,0.000000
FOG_WITH_IDS_seed3,FOG_WITH_IDS,3,fog-1,950.000,0.000000
FOG_WITH_IDS_seed3,FOG_WITH_IDS,3,fog-2,950.000,0.000000
FOG_WITH_IDS_seed3,FOG_WITH_IDS,3,fog-3,950.000,0.000000
FOG_WITH_IDS_seed3,FOG_WITH_IDS,3,cloud,975.000,0.000000
FOG_WITH_IDS_seed3,FOG_WITH_IDS,3,proxy,975.000,0.000000
FOG_WITH_IDS_seed3,FOG_WITH_IDS,3,fog-1,975.000,0.440000
FOG_WITH_IDS_seed3,FOG_WITH_IDS,3,fog-2,975.000,0.040000
FOG_WITH_IDS_seed3,FOG_WITH_IDS,3,fog-3,975.000,0.440000
FOG_WITH_IDS_seed3,FOG_WITH_IDS,3,cloud,1000.000,0.000000
FOG_WITH_IDS_seed3,FOG_WITH_IDS,3,proxy,1000.000,0.000000
FOG_WITH_IDS_seed3,FOG_WITH_IDS,3,fog-1,1000.000,0.040000
FOG_WITH_IDS_seed3,FOG_WITH_IDS,3,fog-2,1000.000,0.040000
FOG_WITH_IDS_seed3,FOG_WITH_IDS,3,fog-3,1000.000,0.040000
FOG_WITH_IDS_seed3,FOG_WITH_IDS,3,cloud,1025.000,0.000000
FOG_WITH_IDS_seed3,FOG_WITH_IDS,3,proxy,1025.000,0.000000
FOG_WITH_IDS_seed3,FOG_WITH_IDS,3,fog-1,1025.000,0.480000
FOG_WITH_IDS_seed3,FOG_WITH_IDS,3,fog-2,1025.000,0.080000
FOG_WITH_IDS_seed3,FOG_WITH_IDS,3,fog-3,1025.000,0.480000
FOG_WITH_IDS_seed3,FOG_WITH_IDS,3,cloud,1050.000,0.000000
FOG_WITH_IDS_seed3,FOG_WITH_IDS,3,proxy,1050.000,0.000000
FOG_WITH_IDS_seed3,FOG_WITH_IDS,3,fog-1,1050.000,0.000000
FOG_WITH_IDS_seed3,FOG_WITH_IDS,3,fog-2,1050.000,0.000000
FOG_WITH_IDS_seed3,FOG_WITH_IDS,3,fog-3,1050.000,0.000000
FOG_WITH_IDS_seed3,FOG_WITH_IDS,3,cloud,1075.000,0.000000
FOG_WITH_IDS_seed3,FOG_WITH_IDS,3,proxy,1075.000,0.000000
FOG_WITH_IDS_seed3,FOG_WITH_IDS,3,fog-1,1075.000,0.440000
FOG_WITH_IDS_seed3,FOG_WITH_IDS,3,fog-2,1075.000,0.040000
FOG_WITH_IDS_seed3,FOG_WITH_IDS,3,fog-3,1075.000,0.440000
FOG_WITH_IDS_seed3,FOG_WITH_IDS,3,cloud,1100.000,0.000000
FOG_WITH_IDS_seed3,FOG_WITH_IDS,3,proxy,1100.000,0.000000
FOG_WITH_IDS_seed3,FOG_WITH_IDS,3,fog-1,1100.000,0.040000
FOG_WITH_IDS_seed3,FOG_WITH_IDS,3,fog-2,1100.000,0.040000
FOG_WITH_IDS_seed3,FOG_WITH_IDS,3,fog-3,1100.000,0.040000
FOG_WITH_IDS_seed3,FOG_WITH_IDS,3,cloud,1125.000,0.000000
FOG_WITH_IDS_seed3,FOG_WITH_IDS,3,proxy,1125.000,0.000000
FOG_WITH_IDS_seed3,FOG_WITH_IDS,3,fog-1,1125.000,0.480000
FOG_WITH_IDS_seed3,FOG_WITH_IDS,3,fog-2,1125.000,0.080000
FOG_WITH_IDS_seed3,FOG_WITH_IDS,3,fog-3,1125.000,0.480000
FOG_WITH_IDS_seed3,FOG_WITH_IDS,3,cloud,1150.000,0.000000
FOG_WITH_IDS_seed3,FOG_WITH_IDS,3,proxy,1150.000,0.000000
FOG_WITH_IDS_seed3,FOG_WITH_IDS,3,fog-1,1150.000,0.000000
FOG_WITH_IDS_seed3,FOG_WITH_IDS,3,fog-2,1150.000,0.000000
FOG_WITH_IDS_seed3,FOG_WITH_IDS,3,fog-3,1150.000,0.000000
FOG_WITH_IDS_seed3,FOG_WITH_IDS,3,cloud,1175.000,0.000000
FOG_WITH_IDS_seed3,FOG_WITH_IDS,3,proxy,1175.000,0.000000
FOG_WITH_IDS_seed3,FOG_WITH_IDS,3,fog-1,1175.000,0.440000
FOG_WITH_IDS_seed3,FOG_WITH_IDS,3,fog-2,1175.000,0.040000
FOG_WITH_IDS_seed3,FOG_WITH_IDS,3,fog-3,1175.000,0.440000
FOG_WITH_IDS_seed3,FOG_WITH_IDS,3,cloud,1200.000,0.000000
FOG_WITH_IDS_seed3,FOG_WITH_IDS,3,proxy,1200.000,0.000000
FOG_WITH_IDS_seed3,FOG_WITH_IDS,3,fog-1,1200.000,0.040000
FOG_WITH_IDS_seed3,FOG_WITH_IDS,3,fog-2,1200.000,0.040000
FOG_WITH_IDS_seed3,FOG_WITH_IDS,3,fog-3,1200.000,0.040000
FOG_WITH_IDS_seed3,FOG_WITH_IDS,3,cloud,1225.000,0.000000
FOG_WITH_IDS_seed3,FOG_WITH_IDS,3,proxy,1225.000,0.000000
FOG_WITH_IDS_seed3,FOG_WITH_IDS,3,fog-1,1225.000,0.480000
FOG_WITH_IDS_seed3,FOG_WITH_IDS,3,fog-2,1225.000,0.080000
FOG_WITH_IDS_seed3,FOG_WITH_IDS,3,fog-3,1225.000,0.480000
FOG_WITH_IDS_seed3,FOG_WITH_IDS,3,cloud,1250.000,0.000000
FOG_WITH_IDS_seed3,FOG_WITH_IDS,3,proxy,1250.000,0.000000
FOG_WITH_IDS_seed3,FOG_WITH_IDS,3,fog-1,1250.000,0.000000
FOG_WITH_IDS_seed3,FOG_WITH_IDS,3,fog-2,1250.000,0.000000
FOG_WITH_IDS_seed3,FOG_WITH_IDS,3,fog-3,1250.000,0.000000
FOG_WITH_IDS_seed3,FOG_WITH_IDS,3,cloud,1275.000,0.000000
FOG_WITH_IDS_seed3,FOG_WITH_IDS,3,proxy,1275.000,0.000000
FOG_WITH_IDS_seed3,FOG_WITH_IDS,3,fog-1,1275.000,0.440000
FOG_WITH_IDS_seed3,FOG_WITH_IDS,3,fog-2,1275.000,0.040000
FOG_WITH_IDS_seed3,FOG_WITH_IDS,3,fog-3,1275.000,0.440000
FOG_WITH_IDS_seed3,FOG_WITH_IDS,3,cloud,1300.000,0.000000
FOG_WITH_IDS_seed3,FOG_WITH_IDS,3,proxy,1300.000,0.000000
FOG_WITH_IDS_seed3,FOG_WITH_IDS,3,fog-1,1300.000,0.040000
FOG_WITH_IDS_seed3,FOG_WITH_IDS,3,fog-2,1300.000,0.040000
FOG_WITH_IDS_seed3,FOG_WITH_IDS,3,fog-3,1300.000,0.040000
FOG_WITH_IDS_seed3,FOG_WITH_IDS,3,cloud,1325.000,0.000000
FOG_WITH_IDS_seed3,FOG_WITH_IDS,3,proxy,1325.000,0.000000
FOG_WITH_IDS_seed3,FOG_WITH_IDS,3,fog-1,1325.000,0.480000
FOG_WITH_IDS_seed3,FOG_WITH_IDS,3,fog-2,1325.000,0.080000
FOG_WITH_IDS_seed3,FOG_WITH_IDS,3,fog-3,1325.000,0.480000
FOG_WITH_IDS_seed3,FOG_WITH_IDS,3,cloud,1350.000,0.000000
FOG_WITH_IDS_seed3,FOG_WITH_IDS,3,proxy,1350.000,0.000000
FOG_WITH_IDS_seed3,FOG_WITH_IDS,3,fog-1,1350.000,0.000000
FOG_WITH_IDS_seed3,FOG_WITH_IDS,3,fog-2,1350.000,0.000000
FOG_WITH_IDS_seed3,FOG_WITH_IDS,3,fog-3,1350.000,0.000000
FOG_WITH_IDS_seed3,FOG_WITH_IDS,3,cloud,1375.000,0.000000
FOG_WITH_IDS_seed3,FOG_WITH_IDS,3,proxy,1375.000,0.000000
FOG_WITH_IDS_seed3,FOG_WITH_IDS,3,fog-1,1375.000,0.440000
FOG_WITH_IDS_seed3,FOG_WITH_IDS,3,fog-2,1375.000,0.040000
FOG_WITH_IDS_seed3,FOG_WITH_IDS,3,fog-3,1375.000,0.440000
FOG_WITH_IDS_seed3,FOG_WITH_IDS,3,cloud,1400.000,0.000000
FOG_WITH_IDS_seed3,FOG_WITH_IDS,3,proxy,1400.000,0.000000
FOG_WITH_IDS_seed3,FOG_WITH_IDS,3,fog-1,1400.000,0.040000
FOG_WITH_IDS_seed3,FOG_WITH_IDS,3,fog-2,1400.000,0.040000
FOG_WITH_IDS_seed3,FOG_WITH_IDS,3,fog-3,1400.000,0.040000
FOG_WITH_IDS_seed3,FOG_WITH_IDS,3,cloud,1425.000,0.000000
FOG_WITH_IDS_seed3,FOG_WITH_IDS,3,proxy,1425.000,0.000000
FOG_WITH_IDS_seed3,FOG_WITH_IDS,3,fog-1,1425.000,0.480000
FOG_WITH_IDS_seed3,FOG_WITH_IDS,3,fog-2,1425.000,0.080000
FOG_WITH_IDS_seed3,FOG_WITH_IDS,3,fog-3,1425.000,0.480000
FOG_WITH_IDS_seed3,FOG_WITH_IDS,3,cloud,1450.000,0.000000
FOG_WITH_IDS_seed3,FOG_WITH_IDS,3,proxy,1450.000,0.000000
FOG_WITH_IDS_seed3,FOG_WITH_IDS,3,fog-1,1450.000,0.000000
FOG_WITH_IDS_seed3,FOG_WITH_IDS,3,fog-2,1450.000,0.000000
FOG_WITH_IDS_seed3,FOG_WITH_IDS,3,fog-3,1450.000,0.000000
FOG_WITH_IDS_seed3,FOG_WITH_IDS,3,cloud,1475.000,0.000000
FOG_WITH_IDS_seed3,FOG_WITH_IDS,3,proxy,1475.000,0.000000
FOG_WITH_IDS_seed3,FOG_WITH_IDS,3,fog-1,1475.000,0.440000
FOG_WITH_IDS_seed3,FOG_WITH_IDS,3,fog-2,1475.000,0.040000
FOG_WITH_IDS_seed3,FOG_WITH_IDS,3,fog-3,1475.000,0.440000
FOG_WITH_IDS_seed3,FOG_WITH_IDS,3,cloud,1500.000,0.000000
FOG_WITH_IDS_seed3,FOG_WITH_IDS,3,proxy,1500.000,0.000000
FOG_WITH_IDS_seed3,FOG_WITH_IDS,3,fog-1,1500.000,0.040000
FOG_WITH_IDS_seed3,FOG_WITH_IDS,3,fog-2,1500.000,0.040000
FOG_WITH_IDS_seed3,FOG_WITH_IDS,3,fog-3,1500.000,0.040000
FOG_WITH_IDS_seed3,FOG_WITH_IDS,3,cloud,1525.000,0.000000
FOG_WITH_IDS_seed3,FOG_WITH_IDS,3,proxy,1525.000,0.000000
FOG_WITH_IDS_seed3,FOG_WITH_IDS,3,fog-1,1525.000,0.480000
FOG_WITH_IDS_seed3,FOG_WITH_IDS,3,fog-2,1525.000,0.080000
FOG_WITH_IDS_seed3,FOG_WITH_IDS,3,fog-3,1525.000,0.480000
FOG_WITH_IDS_seed3,FOG_WITH_IDS,3,cloud,1550.000,0.000000
FOG_WITH_IDS_seed3,FOG_WITH_IDS,3,proxy,1550.000,0.000000
FOG_WITH_IDS_seed3,FOG_WITH_IDS,3,fog-1,1550.000,0.000000
FOG_WITH_IDS_seed3,FOG_WITH_IDS,3,fog-2,1550.000,0.000000
FOG_WITH_IDS_seed3,FOG_WITH_IDS,3,fog-3,1550.000,0.000000
FOG_WITH_IDS_seed3,FOG_WITH_IDS,3,cloud,1575.000,0.000000
FOG_WITH_IDS_seed3,FOG_WITH_IDS,3,proxy,1575.000,0.000000
FOG_WITH_IDS_seed3,FOG_WITH_IDS,3,fog-1,1575.000,0.440000
FOG_WITH_IDS_seed3,FOG_WITH_IDS,3,fog-2,1575.000,0.040000
FOG_WITH_IDS_seed3,FOG_WITH_IDS,3,fog-3,1575.000,0.440000
FOG_WITH_IDS_seed3,FOG_WITH_IDS,3,cloud,1600.000,0.000000
FOG_WITH_IDS_seed3,FOG_WITH_IDS,3,proxy,1600.000,0.000000
FOG_WITH_IDS_seed3,FOG_WITH_IDS,3,fog-1,1600.000,0.040000
FOG_WITH_IDS_seed3,FOG_WITH_IDS,3,fog-2,1600.000,0.040000
FOG_WITH_IDS_seed3,FOG_WITH_IDS,3,fog-3,1600.000,0.040000
FOG_WITH_IDS_seed3,FOG_WITH_IDS,3,cloud,1625.000,0.000000
FOG_WITH_IDS_seed3,FOG_WITH_IDS,3,proxy,1625.000,0.000000
FOG_WITH_IDS_seed3,FOG_WITH_IDS,3,fog-1,1625.000,0.480000
FOG_WITH_IDS_seed3,FOG_WITH_IDS,3,fog-2,1625.000,0.080000
FOG_WITH_IDS_seed3,FOG_WITH_IDS,3,fog-3,1625.000,0.480000
FOG_WITH_IDS_seed3,FOG_WITH_IDS,3,cloud,1650.000,0.000000
FOG_WITH_IDS_seed3,FOG_WITH_IDS,3,proxy,1650.000,0.000000
FOG_WITH_IDS_seed3,FOG_WITH_IDS,3,fog-1,1650.000,0.000000
FOG_WITH_IDS_seed3,FOG_WITH_IDS,3,fog-2,1650.000,0.000000
FOG_WITH_IDS_seed3,FOG_WITH_IDS,3,fog-3,1650.000,0.000000
FOG_WITH_IDS_seed3,FOG_WITH_IDS,3,cloud,1675.000,0.000000
FOG_WITH_IDS_seed3,FOG_WITH_IDS,3,proxy,1675.000,0.000000
FOG_WITH_IDS_seed3,FOG_WITH_IDS,3,fog-1,1675.000,0.440000
FOG_WITH_IDS_seed3,FOG_WITH_IDS,3,fog-2,1675.000,0.040000
FOG_WITH_IDS_seed3,FOG_WITH_IDS,3,fog-3,1675.000,0.440000
FOG_WITH_IDS_seed3,FOG_WITH_IDS,3,cloud,1700.000,0.000000
FOG_WITH_IDS_seed3,FOG_WITH_IDS,3,proxy,1700.000,0.000000
FOG_WITH_IDS_seed3,FOG_WITH_IDS,3,fog-1,1700.000,0.040000
FOG_WITH_IDS_seed3,FOG_WITH_IDS,3,fog-2,1700.000,0.040000
FOG_WITH_IDS_seed3,FOG_WITH_IDS,3,fog-3,1700.000,0.040000
FOG_WITH_IDS_seed3,FOG_WITH_IDS,3,cloud,1725.000,0.000000
FOG_WITH_IDS_seed3,FOG_WITH_IDS,3,proxy,1725.000,0.000000
FOG_WITH_IDS_seed3,FOG_WITH_IDS,3,fog-1,1725.000,0.480000
FOG_WITH_IDS_seed3,FOG_WITH_IDS,3,fog-2,1725.000,0.080000
FOG_WITH_IDS_seed3,FOG_WITH_IDS,3,fog-3,1725.000,0.480000
FOG_WITH_IDS_seed3,FOG_WITH_IDS,3,cloud,1750.000,0.000000
FOG_WITH_IDS_seed3,FOG_WITH_IDS,3,proxy,1750.000,0.000000
FOG_WITH_IDS_seed3,FOG_WITH_IDS,3,fog-1,1750.000,0.000000
FOG_WITH_IDS_seed3,FOG_WITH_IDS,3,fog-2,1750.000,0.000000
FOG_WITH_IDS_seed3,FOG_WITH_IDS,3,fog-3,1750.000,0.000000
FOG_WITH_IDS_seed3,FOG_WITH_IDS,3,cloud,1775.000,0.000000
FOG_WITH_IDS_seed3,FOG_WITH_IDS,3,proxy,1775.000,0.000000
FOG_WITH_IDS_seed3,FOG_WITH_IDS,3,fog-1,1775.000,0.440000
FOG_WITH_IDS_seed3,FOG_WITH_IDS,3,fog-2,1775.000,0.040000
FOG_WITH_IDS_seed3,FOG_WITH_IDS,3,fog-3,1775.000,0.440000
FOG_WITH_IDS_seed3,FOG_WITH_IDS,3,cloud,1800.000,0.000000
FOG_WITH_IDS_seed3,FOG_WITH_IDS,3,proxy,1800.000,0.000000
FOG_WITH_IDS_seed3,FOG_WITH_IDS,3,fog-1,1800.000,0.040000
FOG_WITH_IDS_seed3,FOG_WITH_IDS,3,fog-2,1800.000,0.040000
FOG_WITH_IDS_seed3,FOG_WITH_IDS,3,fog-3,1800.000,0.040000
FOG_WITH_IDS_seed3,FOG_WITH_IDS,3,cloud,1825.000,0.000000
FOG_WITH_IDS_seed3,FOG_WITH_IDS,3,proxy,1825.000,0.000000
FOG_WITH_IDS_seed3,FOG_WITH_IDS,3,fog-1,1825.000,0.480000
FOG_WITH_IDS_seed3,FOG_WITH_IDS,3,fog-2,1825.000,0.080000
FOG_WITH_IDS_seed3,FOG_WITH_IDS,3,fog-3,1825.000,0.480000
FOG_WITH_IDS_seed3,FOG_WITH_IDS,3,cloud,1850.000,0.000000
FOG_WITH_IDS_seed3,FOG_WITH_IDS,3,proxy,1850.000,0.000000
FOG_WITH_IDS_seed3,FOG_WITH_IDS,3,fog-1,1850.000,0.000000
FOG_WITH_IDS_seed3,FOG_WITH_IDS,3,fog-2,1850.000,0.000000
FOG_WITH_IDS_seed3,FOG_WITH_IDS,3,fog-3,1850.000,0.000000
FOG_WITH_IDS_seed3,FOG_WITH_IDS,3,cloud,1875.000,0.000000
FOG_WITH_IDS_seed3,FOG_WITH_IDS,3,proxy,1875.000,0.000000
FOG_WITH_IDS_seed3,FOG_WITH_IDS,3,fog-1,1875.000,0.440000
FOG_WITH_IDS_seed3,FOG_WITH_IDS,3,fog-2,1875.000,0.040000
FOG_WITH_IDS_seed3,FOG_WITH_IDS,3,fog-3,1875.000,0.440000
FOG_WITH_IDS_seed3,FOG_WITH_IDS,3,cloud,1900.000,0.000000
FOG_WITH_IDS_seed3,FOG_WITH_IDS,3,proxy,1900.000,0.000000
FOG_WITH_IDS_seed3,FOG_WITH_IDS,3,fog-1,1900.000,0.040000
FOG_WITH_IDS_seed3,FOG_WITH_IDS,3,fog-2,1900.000,0.040000
FOG_WITH_IDS_seed3,FOG_WITH_IDS,3,fog-3,1900.000,0.040000
FOG_WITH_IDS_seed3,FOG_WITH_IDS,3,cloud,1925.000,0.000000
FOG_WITH_IDS_seed3,FOG_WITH_IDS,3,proxy,1925.000,0.000000
FOG_WITH_IDS_seed3,FOG_WITH_IDS,3,fog-1,1925.000,0.480000
FOG_WITH_IDS_seed3,FOG_WITH_IDS,3,fog-2,1925.000,0.080000
FOG_WITH_IDS_seed3,FOG_WITH_IDS,3,fog-3,1925.000,0.480000
FOG_WITH_IDS_seed3,FOG_WITH_IDS,3,cloud,1950.000,0.000000
FOG_WITH_IDS_seed3,FOG_WITH_IDS,3,proxy,1950.000,0.000000
FOG_WITH_IDS_seed3,FOG_WITH_IDS,3,fog-1,1950.000,0.000000
FOG_WITH_IDS_seed3,FOG_WITH_IDS,3,fog-2,1950.000,0.000000
FOG_WITH_IDS_seed3,FOG_WITH_IDS,3,fog-3,1950.000,0.000000
FOG_WITH_IDS_seed3,FOG_WITH_IDS,3,cloud,1975.000,0.000000
FOG_WITH_IDS_seed3,FOG_WITH_IDS,3,proxy,1975.000,0.000000
FOG_WITH_IDS_seed3,FOG_WITH_IDS,3,fog-1,1975.000,0.440000
FOG_WITH_IDS_seed3,FOG_WITH_IDS,3,fog-2,1975.000,0.040000
FOG_WITH_IDS_seed3,FOG_WITH_IDS,3,fog-3,1975.000,0.440000
FOG_WITH_IDS_seed3,FOG_WITH_IDS,3,cloud,2000.000,0.000000
FOG_WITH_IDS_seed3,FOG_WITH_IDS,3,proxy,2000.000,0.000000
FOG_WITH_IDS_seed3,FOG_WITH_IDS,3,fog-1,2000.000,0.040000
FOG_WITH_IDS_seed3,FOG_WITH_IDS,3,fog-2,2000.000,0.040000
FOG_WITH_IDS_seed3,FOG_WITH_IDS,3,fog-3,2000.000,0.040000
FOG_WITH_IDS_seed3,FOG_WITH_IDS,3,cloud,2025.000,0.000000
FOG_WITH_IDS_seed3,FOG_WITH_IDS,3,proxy,2025.000,0.000000
FOG_WITH_IDS_seed3,FOG_WITH_IDS,3,fog-1,2025.000,0.480000
FOG_WITH_IDS_seed3,FOG_WITH_IDS,3,fog-2,2025.000,0.080000
FOG_WITH_IDS_seed3,FOG_WITH_IDS,3,fog-3,2025.000,0.480000
FOG_WITH_IDS_seed3,FOG_WITH_IDS,3,cloud,2050.000,0.000000
FOG_WITH_IDS_seed3,FOG_WITH_IDS,3,proxy,2050.000,0.000000
FOG_WITH_IDS_seed3,FOG_WITH_IDS,3,fog-1,2050.000,0.000000
FOG_WITH_IDS_seed3,FOG_WITH_IDS,3,fog-2,2050.000,0.000000
FOG_WITH_IDS_seed3,FOG_WITH_IDS,3,fog-3,2050.000,0.000000
FOG_WITH_IDS_seed3,FOG_WITH_IDS,3,cloud,2075.000,0.000000
FOG_WITH_IDS_seed3,FOG_WITH_IDS,3,proxy,2075.000,0.000000
FOG_WITH_IDS_seed3,FOG_WITH_IDS,3,fog-1,2075.000,0.440000
FOG_WITH_IDS_seed3,FOG_WITH_IDS,3,fog-2,2075.000,0.040000
FOG_WITH_IDS_seed3,FOG_WITH_IDS,3,fog-3,2075.000,0.440000
FOG_WITH_IDS_seed3,FOG_WITH_IDS,3,cloud,2100.000,0.000000
FOG_WITH_IDS_seed3,FOG_WITH_IDS,3,proxy,2100.000,0.000000
FOG_WITH_IDS_seed3,FOG_WITH_IDS,3,fog-1,2100.000,0.040000
FOG_WITH_IDS_seed3,FOG_WITH_IDS,3,fog-2,2100.000,0.040000
FOG_WITH_IDS_seed3,FOG_WITH_IDS,3,fog-3,2100.000,0.040000
FOG_WITH_IDS_seed3,FOG_WITH_IDS,3,cloud,2125.000,0.000000
FOG_WITH_IDS_seed3,FOG_WITH_IDS,3,proxy,2125.000,0.000000
FOG_WITH_IDS_seed3,FOG_WITH_IDS,3,fog-1,2125.000,0.480000
FOG_WITH_IDS_seed3,FOG_WITH_IDS,3,fog-2,2125.000,0.080000
FOG_WITH_IDS_seed3,FOG_WITH_IDS,3,fog-3,2125.000,0.480000
FOG_WITH_IDS_seed3,FOG_WITH_IDS,3,cloud,2150.000,0.000000
FOG_WITH_IDS_seed3,FOG_WITH_IDS,3,proxy,2150.000,0.000000
FOG_WITH_IDS_seed3,FOG_WITH_IDS,3,fog-1,2150.000,0.000000
FOG_WITH_IDS_seed3,FOG_WITH_IDS,3,fog-2,2150.000,0.000000
FOG_WITH_IDS_seed3,FOG_WITH_IDS,3,fog-3,2150.000,0.000000
FOG_WITH_IDS_seed3,FOG_WITH_IDS,3,cloud,2175.000,0.000000
FOG_WITH_IDS_seed3,FOG_WITH_IDS,3,proxy,2175.000,0.000000
FOG_WITH_IDS_seed3,FOG_WITH_IDS,3,fog-1,2175.000,0.440000
FOG_WITH_IDS_seed3,FOG_WITH_IDS,3,fog-2,2175.000,0.040000
FOG_WITH_IDS_seed3,FOG_WITH_IDS,3,fog-3,2175.000,0.440000
FOG_WITH_IDS_seed3,FOG_WITH_IDS,3,cloud,2200.000,0.000000
FOG_WITH_IDS_seed3,FOG_WITH_IDS,3,proxy,2200.000,0.000000
FOG_WITH_IDS_seed3,FOG_WITH_IDS,3,fog-1,2200.000,0.040000
FOG_WITH_IDS_seed3,FOG_WITH_IDS,3,fog-2,2200.000,0.040000
FOG_WITH_IDS_seed3,FOG_WITH_IDS,3,fog-3,2200.000,0.040000
FOG_WITH_IDS_seed3,FOG_WITH_IDS,3,cloud,2225.000,0.000000
FOG_WITH_IDS_seed3,FOG_WITH_IDS,3,proxy,2225.000,0.000000
FOG_WITH_IDS_seed3,FOG_WITH_IDS,3,fog-1,2225.000,0.480000
FOG_WITH_IDS_seed3,FOG_WITH_IDS,3,fog-2,2225.000,0.080000
FOG_WITH_IDS_seed3,FOG_WITH_IDS,3,fog-3,2225.000,0.480000
FOG_WITH_IDS_seed3,FOG_WITH_IDS,3,cloud,2250.000,0.000000
FOG_WITH_IDS_seed3,FOG_WITH_IDS,3,proxy,2250.000,0.000000
FOG_WITH_IDS_seed3,FOG_WITH_IDS,3,fog-1,2250.000,0.000000
FOG_WITH_IDS_seed3,FOG_WITH_IDS,3,fog-2,2250.000,0.000000
FOG_WITH_IDS_seed3,FOG_WITH_IDS,3,fog-3,2250.000,0.000000
FOG_WITH_IDS_seed3,FOG_WITH_IDS,3,cloud,2275.000,0.000000
FOG_WITH_IDS_seed3,FOG_WITH_IDS,3,proxy,2275.000,0.000000
FOG_WITH_IDS_seed3,FOG_WITH_IDS,3,fog-1,2275.000,0.440000
FOG_WITH_IDS_seed3,FOG_WITH_IDS,3,fog-2,2275.000,0.040000
FOG_WITH_IDS_seed3,FOG_WITH_IDS,3,fog-3,2275.000,0.440000
FOG_WITH_IDS_seed3,FOG_WITH_IDS,3,cloud,2300.000,0.000000
FOG_WITH_IDS_seed3,FOG_WITH_IDS,3,proxy,2300.000,0.000000
FOG_WITH_IDS_seed3,FOG_WITH_IDS,3,fog-1,2300.000,0.040000
FOG_WITH_IDS_seed3,FOG_WITH_IDS,3,fog-2,2300.000,0.040000
FOG_WITH_IDS_seed3,FOG_WITH_IDS,3,fog-3,2300.000,0.040000
FOG_WITH_IDS_seed3,FOG_WITH_IDS,3,cloud,2325.000,0.000000
FOG_WITH_IDS_seed3,FOG_WITH_IDS,3,proxy,2325.000,0.000000
FOG_WITH_IDS_seed3,FOG_WITH_IDS,3,fog-1,2325.000,0.480000
FOG_WITH_IDS_seed3,FOG_WITH_IDS,3,fog-2,2325.000,0.080000
FOG_WITH_IDS_seed3,FOG_WITH_IDS,3,fog-3,2325.000,0.480000
FOG_WITH_IDS_seed3,FOG_WITH_IDS,3,cloud,2350.000,0.000000
FOG_WITH_IDS_seed3,FOG_WITH_IDS,3,proxy,2350.000,0.000000
FOG_WITH_IDS_seed3,FOG_WITH_IDS,3,fog-1,2350.000,0.000000
FOG_WITH_IDS_seed3,FOG_WITH_IDS,3,fog-2,2350.000,0.000000
FOG_WITH_IDS_seed3,FOG_WITH_IDS,3,fog-3,2350.000,0.000000
FOG_WITH_IDS_seed3,FOG_WITH_IDS,3,cloud,2375.000,0.000000
FOG_WITH_IDS_seed3,FOG_WITH_IDS,3,proxy,2375.000,0.000000
FOG_WITH_IDS_seed3,FOG_WITH_IDS,3,fog-1,2375.000,0.440000
FOG_WITH_IDS_seed3,FOG_WITH_IDS,3,fog-2,2375.000,0.040000
FOG_WITH_IDS_seed3,FOG_WITH_IDS,3,fog-3,2375.000,0.440000
FOG_WITH_IDS_seed3,FOG_WITH_IDS,3,cloud,2400.000,0.000000
FOG_WITH_IDS_seed3,FOG_WITH_IDS,3,proxy,2400.000,0.000000
FOG_WITH_IDS_seed3,FOG_WITH_IDS,3,fog-1,2400.000,0.040000
FOG_WITH_IDS_seed3,FOG_WITH_IDS,3,fog-2,2400.000,0.040000
FOG_WITH_IDS_seed3,FOG_WITH_IDS,3,fog-3,2400.000,0.040000
FOG_WITH_IDS_seed3,FOG_WITH_IDS,3,cloud,2425.000,0.000000
FOG_WITH_IDS_seed3,FOG_WITH_IDS,3,proxy,2425.000,0.000000
FOG_WITH_IDS_seed3,FOG_WITH_IDS,3,fog-1,2425.000,0.480000
FOG_WITH_IDS_seed3,FOG_WITH_IDS,3,fog-2,2425.000,0.080000
FOG_WITH_IDS_seed3,FOG_WITH_IDS,3,fog-3,2425.000,0.480000
FOG_WITH_IDS_seed3,FOG_WITH_IDS,3,cloud,2450.000,0.000000
FOG_WITH_IDS_seed3,FOG_WITH_IDS,3,proxy,2450.000,0.000000
FOG_WITH_IDS_seed3,FOG_WITH_IDS,3,fog-1,2450.000,0.000000
FOG_WITH_IDS_seed3,FOG_WITH_IDS,3,fog-2,2450.000,0.000000
FOG_WITH_IDS_seed3,FOG_WITH_IDS,3,fog-3,2450.000,0.000000
FOG_WITH_IDS_seed3,FOG_WITH_IDS,3,cloud,2475.000,0.000000
FOG_WITH_IDS_seed3,FOG_WITH_IDS,3,proxy,2475.000,0.000000
FOG_WITH_IDS_seed3,FOG_WITH_IDS,3,fog-1,2475.000,0.440000
FOG_WITH_IDS_seed3,FOG_WITH_IDS,3,fog-2,2475.000,0.040000
FOG_WITH_IDS_seed3,FOG_WITH_IDS,3,fog-3,2475.000,0.440000
FOG_WITH_IDS_seed3,FOG_WITH_IDS,3,cloud,2500.000,0.000000
FOG_WITH_IDS_seed3,FOG_WITH_IDS,3,proxy,2500.000,0.000000
FOG_WITH_IDS_seed3,FOG_WITH_IDS,3,fog-1,2500.000,0.040000
FOG_WITH_IDS_seed3,FOG_WITH_IDS,3,fog-2,2500.000,0.040000
FOG_WITH_IDS_seed3,FOG_WITH_IDS,3,fog-3,2500.000,0.040000
FOG_WITH_IDS_seed3,FOG_WITH_IDS,3,cloud,2525.000,0.000000
FOG_WITH_IDS_seed3,FOG_WITH_IDS,3,proxy,2525.000,0.000000
FOG_WITH_IDS_seed3,FOG_WITH_IDS,3,fog-1,2525.000,0.480000
FOG_WITH_IDS_seed3,FOG_WITH_IDS,3,fog-2,2525.000,0.080000
FOG_WITH_IDS_seed3,FOG_WITH_IDS,3,fog-3,2525.000,0.480000
FOG_WITH_IDS_seed3,FOG_WITH_IDS,3,cloud,2550.000,0.000000
FOG_WITH_IDS_seed3,FOG_WITH_IDS,3,proxy,2550.000,0.000000
FOG_WITH_IDS_seed3,FOG_WITH_IDS,3,fog-1,2550.000,0.000000
FOG_WITH_IDS_seed3,FOG_WITH_IDS,3,fog-2,2550.000,0.000000
FOG_WITH_IDS_seed3,FOG_WITH_IDS,3,fog-3,2550.000,0.000000
FOG_WITH_IDS_seed3,FOG_WITH_IDS,3,cloud,2575.000,0.000000
FOG_WITH_IDS_seed3,FOG_WITH_IDS,3,proxy,2575.000,0.000000
FOG_WITH_IDS_seed3,FOG_WITH_IDS,3,fog-1,2575.000,0.440000
FOG_WITH_IDS_seed3,FOG_WITH_IDS,3,fog-2,2575.000,0.040000
FOG_WITH_IDS_seed3,FOG_WITH_IDS,3,fog-3,2575.000,0.440000
FOG_WITH_IDS_seed3,FOG_WITH_IDS,3,cloud,2600.000,0.000000
FOG_WITH_IDS_seed3,FOG_WITH_IDS,3,proxy,2600.000,0.000000
FOG_WITH_IDS_seed3,FOG_WITH_IDS,3,fog-1,2600.000,0.040000
FOG_WITH_IDS_seed3,FOG_WITH_IDS,3,fog-2,2600.000,0.040000
FOG_WITH_IDS_seed3,FOG_WITH_IDS,3,fog-3,2600.000,0.040000
FOG_WITH_IDS_seed3,FOG_WITH_IDS,3,cloud,2625.000,0.000000
FOG_WITH_IDS_seed3,FOG_WITH_IDS,3,proxy,2625.000,0.000000
FOG_WITH_IDS_seed3,FOG_WITH_IDS,3,fog-1,2625.000,0.480000
FOG_WITH_IDS_seed3,FOG_WITH_IDS,3,fog-2,2625.000,0.080000
FOG_WITH_IDS_seed3,FOG_WITH_IDS,3,fog-3,2625.000,0.480000
FOG_WITH_IDS_seed3,FOG_WITH_IDS,3,cloud,2650.000,0.000000
FOG_WITH_IDS_seed3,FOG_WITH_IDS,3,proxy,2650.000,0.000000
FOG_WITH_IDS_seed3,FOG_WITH_IDS,3,fog-1,2650.000,0.000000
FOG_WITH_IDS_seed3,FOG_WITH_IDS,3,fog-2,2650.000,0.000000
FOG_WITH_IDS_seed3,FOG_WITH_IDS,3,fog-3,2650.000,0.000000
FOG_WITH_IDS_seed3,FOG_WITH_IDS,3,cloud,2675.000,0.000000
FOG_WITH_IDS_seed3,FOG_WITH_IDS,3,proxy,2675.000,0.000000
FOG_WITH_IDS_seed3,FOG_WITH_IDS,3,fog-1,2675.000,0.440000
FOG_WITH_IDS_seed3,FOG_WITH_IDS,3,fog-2,2675.000,0.040000
FOG_WITH_IDS_seed3,FOG_WITH_IDS,3,fog-3,2675.000,0.440000
FOG_WITH_IDS_seed3,FOG_WITH_IDS,3,cloud,2700.000,0.000000
FOG_WITH_IDS_seed3,FOG_WITH_IDS,3,proxy,2700.000,0.000000
FOG_WITH_IDS_seed3,FOG_WITH_IDS,3,fog-1,2700.000,0.040000
FOG_WITH_IDS_seed3,FOG_WITH_IDS,3,fog-2,2700.000,0.040000
FOG_WITH_IDS_seed3,FOG_WITH_IDS,3,fog-3,2700.000,0.040000
FOG_WITH_IDS_seed3,FOG_WITH_IDS,3,cloud,2725.000,0.000000
FOG_WITH_IDS_seed3,FOG_WITH_IDS,3,proxy,2725.000,0.000000
FOG_WITH_IDS_seed3,FOG_WITH_IDS,3,fog-1,2725.000,0.480000
FOG_WITH_IDS_seed3,FOG_WITH_IDS,3,fog-2,2725.000,0.080000
FOG_WITH_IDS_seed3,FOG_WITH_IDS,3,fog-3,2725.000,0.480000
FOG_WITH_IDS_seed3,FOG_WITH_IDS,3,cloud,2750.000,0.000000
FOG_WITH_IDS_seed3,FOG_WITH_IDS,3,proxy,2750.000,0.000000
FOG_WITH_IDS_seed3,FOG_WITH_IDS,3,fog-1,2750.000,0.000000
FOG_WITH_IDS_seed3,FOG_WITH_IDS,3,fog-2,2750.000,0.000000
FOG_WITH_IDS_seed3,FOG_WITH_IDS,3,fog-3,2750.000,0.000000
FOG_WITH_IDS_seed3,FOG_WITH_IDS,3,cloud,2775.000,0.000000
FOG_WITH_IDS_seed3,FOG_WITH_IDS,3,proxy,2775.000,0.000000
FOG_WITH_IDS_seed3,FOG_WITH_IDS,3,fog-1,2775.000,0.440000
FOG_WITH_IDS_seed3,FOG_WITH_IDS,3,fog-2,2775.000,0.040000
FOG_WITH_IDS_seed3,FOG_WITH_IDS,3,fog-3,2775.000,0.440000
FOG_WITH_IDS_seed3,FOG_WITH_IDS,3,cloud,2800.000,0.000000
FOG_WITH_IDS_seed3,FOG_WITH_IDS,3,proxy,2800.000,0.000000
FOG_WITH_IDS_seed3,FOG_WITH_IDS,3,fog-1,2800.000,0.040000
FOG_WITH_IDS_seed3,FOG_WITH_IDS,3,fog-2,2800.000,0.040000
FOG_WITH_IDS_seed3,FOG_WITH_IDS,3,fog-3,2800.000,0.040000
FOG_WITH_IDS_seed3,FOG_WITH_IDS,3,cloud,2825.000,0.000000
FOG_WITH_IDS_seed3,FOG_WITH_IDS,3,proxy,2825.000,0.000000
FOG_WITH_IDS_seed3,FOG_WITH_IDS,3,fog-1,2825.000,0.480000
FOG_WITH_IDS_seed3,FOG_WITH_IDS,3,fog-2,2825.000,0.080000
FOG_WITH_IDS_seed3,FOG_WITH_IDS,3,fog-3,2825.000,0.480000
FOG_WITH_IDS_seed3,FOG_WITH_IDS,3,cloud,2850.000,0.000000
FOG_WITH_IDS_seed3,FOG_WITH_IDS,3,proxy,2850.000,0.000000
FOG_WITH_IDS_seed3,FOG_WITH_IDS,3,fog-1,2850.000,0.000000
FOG_WITH_IDS_seed3,FOG_WITH_IDS,3,fog-2,2850.000,0.000000
FOG_WITH_IDS_seed3,FOG_WITH_IDS,3,fog-3,2850.000,0.000000
FOG_WITH_IDS_seed3,FOG_WITH_IDS,3,cloud,2875.000,0.000000
FOG_WITH_IDS_seed3,FOG_WITH_IDS,3,proxy,2875.000,0.000000
FOG_WITH_IDS_seed3,FOG_WITH_IDS,3,fog-1,2875.000,0.440000
FOG_WITH_IDS_seed3,FOG_WITH_IDS,3,fog-2,2875.000,0.040000
FOG_WITH_IDS_seed3,FOG_WITH_IDS,3,fog-3,2875.000,0.440000
FOG_WITH_IDS_seed3,FOG_WITH_IDS,3,cloud,2900.000,0.000000
FOG_WITH_IDS_seed3,FOG_WITH_IDS,3,proxy,2900.000,0.000000
FOG_WITH_IDS_seed3,FOG_WITH_IDS,3,fog-1,2900.000,0.040000
FOG_WITH_IDS_seed3,FOG_WITH_IDS,3,fog-2,2900.000,0.040000
FOG_WITH_IDS_seed3,FOG_WITH_IDS,3,fog-3,2900.000,0.040000
FOG_WITH_IDS_seed3,FOG_WITH_IDS,3,cloud,2925.000,0.000000
FOG_WITH_IDS_seed3,FOG_WITH_IDS,3,proxy,2925.000,0.000000
FOG_WITH_IDS_seed3,FOG_WITH_IDS,3,fog-1,2925.000,0.480000
FOG_WITH_IDS_seed3,FOG_WITH_IDS,3,fog-2,2925.000,0.080000
FOG_WITH_IDS_seed3,FOG_WITH_IDS,3,fog-3,2925.000,0.480000
FOG_WITH_IDS_seed3,FOG_WITH_IDS,3,cloud,2950.000,0.000000
FOG_WITH_IDS_seed3,FOG_WITH_IDS,3,proxy,2950.000,0.000000
FOG_WITH_IDS_seed3,FOG_WITH_IDS,3,fog-1,2950.000,0.000000
FOG_WITH_IDS_seed3,FOG_WITH_IDS,3,fog-2,2950.000,0.000000
FOG_WITH_IDS_seed3,FOG_WITH_IDS,3,fog-3,2950.000,0.000000
FOG_WITH_IDS_seed3,FOG_WITH_IDS,3,cloud,2975.000,0.000000
FOG_WITH_IDS_seed3,FOG_WITH_IDS,3,proxy,2975.000,0.000000
FOG_WITH_IDS_seed3,FOG_WITH_IDS,3,fog-1,2975.000,0.440000
FOG_WITH_IDS_seed3,FOG_WITH_IDS,3,fog-2,2975.000,0.040000
FOG_WITH_IDS_seed3,FOG_WITH_IDS,3,fog-3,2975.000,0.440000
FOG_WITH_IDS_seed3,FOG_WITH_IDS,3,cloud,3000.000,0.000000
FOG_WITH_IDS_seed3,FOG_WITH_IDS,3,proxy,3000.000,0.000000
FOG_WITH_IDS_seed3,FOG_WITH_IDS,3,fog-1,3000.000,0.040000
FOG_WITH_IDS_seed3,FOG_WITH_IDS,3,fog-2,3000.000,0.040000
FOG_WITH_IDS_seed3,FOG_WITH_IDS,3,fog-3,3000.000,0.040000
FOG_WITH_IDS_seed3,FOG_WITH_IDS,3,cloud,3025.000,0.000000
FOG_WITH_IDS_seed3,FOG_WITH_IDS,3,proxy,3025.000,0.000000
FOG_WITH_IDS_seed3,FOG_WITH_IDS,3,fog-1,3025.000,0.480000
FOG_WITH_IDS_seed3,FOG_WITH_IDS,3,fog-2,3025.000,0.080000
FOG_WITH_IDS_seed3,FOG_WITH_IDS,3,fog-3,3025.000,0.480000
FOG_WITH_IDS_seed3,FOG_WITH_IDS,3,cloud,3050.000,0.000000
FOG_WITH_IDS_seed3,FOG_WITH_IDS,3,proxy,3050.000,0.000000
FOG_WITH_IDS_seed3,FOG_WITH_IDS,3,fog-1,3050.000,0.000000
FOG_WITH_IDS_seed3,FOG_WITH_IDS,3,fog-2,3050.000,0.000000
FOG_WITH_IDS_seed3,FOG_WITH_IDS,3,fog-3,3050.000,0.000000
FOG_WITH_IDS_seed3,FOG_WITH_IDS,3,cloud,3075.000,0.000000
FOG_WITH_IDS_seed3,FOG_WITH_IDS,3,proxy,3075.000,0.000000
FOG_WITH_IDS_seed3,FOG_WITH_IDS,3,fog-1,3075.000,0.440000
FOG_WITH_IDS_seed3,FOG_WITH_IDS,3,fog-2,3075.000,0.040000
FOG_WITH_IDS_seed3,FOG_WITH_IDS,3,fog-3,3075.000,0.440000
FOG_WITH_IDS_seed3,FOG_WITH_IDS,3,cloud,3100.000,0.000000
FOG_WITH_IDS_seed3,FOG_WITH_IDS,3,proxy,3100.000,0.000000
FOG_WITH_IDS_seed3,FOG_WITH_IDS,3,fog-1,3100.000,0.040000
FOG_WITH_IDS_seed3,FOG_WITH_IDS,3,fog-2,3100.000,0.040000
FOG_WITH_IDS_seed3,FOG_WITH_IDS,3,fog-3,3100.000,0.040000
FOG_WITH_IDS_seed3,FOG_WITH_IDS,3,cloud,3125.000,0.000000
FOG_WITH_IDS_seed3,FOG_WITH_IDS,3,proxy,3125.000,0.000000
FOG_WITH_IDS_seed3,FOG_WITH_IDS,3,fog-1,3125.000,0.480000
FOG_WITH_IDS_seed3,FOG_WITH_IDS,3,fog-2,3125.000,0.080000
FOG_WITH_IDS_seed3,FOG_WITH_IDS,3,fog-3,3125.000,0.480000
FOG_WITH_IDS_seed3,FOG_WITH_IDS,3,cloud,3150.000,0.000000
FOG_WITH_IDS_seed3,FOG_WITH_IDS,3,proxy,3150.000,0.000000
FOG_WITH_IDS_seed3,FOG_WITH_IDS,3,fog-1,3150.000,0.000000
FOG_WITH_IDS_seed3,FOG_WITH_IDS,3,fog-2,3150.000,0.000000
FOG_WITH_IDS_seed3,FOG_WITH_IDS,3,fog-3,3150.000,0.000000
FOG_WITH_IDS_seed3,FOG_WITH_IDS,3,cloud,3175.000,0.000000
FOG_WITH_IDS_seed3,FOG_WITH_IDS,3,proxy,3175.000,0.000000
FOG_WITH_IDS_seed3,FOG_WITH_IDS,3,fog-1,3175.000,0.440000
FOG_WITH_IDS_seed3,FOG_WITH_IDS,3,fog-2,3175.000,0.040000
FOG_WITH_IDS_seed3,FOG_WITH_IDS,3,fog-3,3175.000,0.440000
FOG_WITH_IDS_seed3,FOG_WITH_IDS,3,cloud,3200.000,0.000000
FOG_WITH_IDS_seed3,FOG_WITH_IDS,3,proxy,3200.000,0.000000
FOG_WITH_IDS_seed3,FOG_WITH_IDS,3,fog-1,3200.000,0.040000
FOG_WITH_IDS_seed3,FOG_WITH_IDS,3,fog-2,3200.000,0.040000
FOG_WITH_IDS_seed3,FOG_WITH_IDS,3,fog-3,3200.000,0.040000
FOG_WITH_IDS_seed3,FOG_WITH_IDS,3,cloud,3225.000,0.000000
FOG_WITH_IDS_seed3,FOG_WITH_IDS,3,proxy,3225.000,0.000000
FOG_WITH_IDS_seed3,FOG_WITH_IDS,3,fog-1,3225.000,0.480000
FOG_WITH_IDS_seed3,FOG_WITH_IDS,3,fog-2,3225.000,0.080000
FOG_WITH_IDS_seed3,FOG_WITH_IDS,3,fog-3,3225.000,0.480000
FOG_WITH_IDS_seed3,FOG_WITH_IDS,3,cloud,3250.000,0.000000
FOG_WITH_IDS_seed3,FOG_WITH_IDS,3,proxy,3250.000,0.000000
FOG_WITH_IDS_seed3,FOG_WITH_IDS,3,fog-1,3250.000,0.000000
FOG_WITH_IDS_seed3,FOG_WITH_IDS,3,fog-2,3250.000,0.000000
FOG_WITH_IDS_seed3,FOG_WITH_IDS,3,fog-3,3250.000,0.000000
FOG_WITH_IDS_seed3,FOG_WITH_IDS,3,cloud,3275.000,0.000000
FOG_WITH_IDS_seed3,FOG_WITH_IDS,3,proxy,3275.000,0.000000
FOG_WITH_IDS_seed3,FOG_WITH_IDS,3,fog-1,3275.000,0.440000
FOG_WITH_IDS_seed3,FOG_WITH_IDS,3,fog-2,3275.000,0.040000
FOG_WITH_IDS_seed3,FOG_WITH_IDS,3,fog-3,3275.000,0.440000
FOG_WITH_IDS_seed3,FOG_WITH_IDS,3,cloud,3300.000,0.000000
FOG_WITH_IDS_seed3,FOG_WITH_IDS,3,proxy,3300.000,0.000000
FOG_WITH_IDS_seed3,FOG_WITH_IDS,3,fog-1,3300.000,0.040000
FOG_WITH_IDS_seed3,FOG_WITH_IDS,3,fog-2,3300.000,0.040000
FOG_WITH_IDS_seed3,FOG_WITH_IDS,3,fog-3,3300.000,0.040000
FOG_WITH_IDS_seed3,FOG_WITH_IDS,3,cloud,3325.000,0.000000
FOG_WITH_IDS_seed3,FOG_WITH_IDS,3,proxy,3325.000,0.000000
FOG_WITH_IDS_seed3,FOG_WITH_IDS,3,fog-1,3325.000,0.480000
FOG_WITH_IDS_seed3,FOG_WITH_IDS,3,fog-2,3325.000,0.080000
FOG_WITH_IDS_seed3,FOG_WITH_IDS,3,fog-3,3325.000,0.480000
FOG_WITH_IDS_seed3,FOG_WITH_IDS,3,cloud,3350.000,0.000000
FOG_WITH_IDS_seed3,FOG_WITH_IDS,3,proxy,3350.000,0.000000
FOG_WITH_IDS_seed3,FOG_WITH_IDS,3,fog-1,3350.000,0.000000
FOG_WITH_IDS_seed3,FOG_WITH_IDS,3,fog-2,3350.000,0.000000
FOG_WITH_IDS_seed3,FOG_WITH_IDS,3,fog-3,3350.000,0.000000
FOG_WITH_IDS_seed3,FOG_WITH_IDS,3,cloud,3375.000,0.000000
FOG_WITH_IDS_seed3,FOG_WITH_IDS,3,proxy,3375.000,0.000000
FOG_WITH_IDS_seed3,FOG_WITH_IDS,3,fog-1,3375.000,0.440000
FOG_WITH_IDS_seed3,FOG_WITH_IDS,3,fog-2,3375.000,0.040000
FOG_WITH_IDS_seed3,FOG_WITH_IDS,3,fog-3,3375.000,0.440000
FOG_WITH_IDS_seed3,FOG_WITH_IDS,3,cloud,3400.000,0.000000
FOG_WITH_IDS_seed3,FOG_WITH_IDS,3,proxy,3400.000,0.000000
FOG_WITH_IDS_seed3,FOG_WITH_IDS,3,fog-1,3400.000,0.040000
FOG_WITH_IDS_seed3,FOG_WITH_IDS,3,fog-2,3400.000,0.040000
FOG_WITH_IDS_seed3,FOG_WITH_IDS,3,fog-3,3400.000,0.040000
FOG_WITH_IDS_seed3,FOG_WITH_IDS,3,cloud,3425.000,0.000000
FOG_WITH_IDS_seed3,FOG_WITH_IDS,3,proxy,3425.000,0.000000
FOG_WITH_IDS_seed3,FOG_WITH_IDS,3,fog-1,3425.000,0.480000
FOG_WITH_IDS_seed3,FOG_WITH_IDS,3,fog-2,3425.000,0.080000
FOG_WITH_IDS_seed3,FOG_WITH_IDS,3,fog-3,3425.000,0.480000
FOG_WITH_IDS_seed3,FOG_WITH_IDS,3,cloud,3450.000,0.000000
FOG_WITH_IDS_seed3,FOG_WITH_IDS,3,proxy,3450.000,0.000000
FOG_WITH_IDS_seed3,FOG_WITH_IDS,3,fog-1,3450.000,0.000000
FOG_WITH_IDS_seed3,FOG_WITH_IDS,3,fog-2,3450.000,0.000000
FOG_WITH_IDS_seed3,FOG_WITH_IDS,3,fog-3,3450.000,0.000000
FOG_WITH_IDS_seed3,FOG_WITH_IDS,3,cloud,3475.000,0.000000
FOG_WITH_IDS_seed3,FOG_WITH_IDS,3,proxy,3475.000,0.000000
FOG_WITH_IDS_seed3,FOG_WITH_IDS,3,fog-1,3475.000,0.440000
FOG_WITH_IDS_seed3,FOG_WITH_IDS,3,fog-2,3475.000,0.040000
FOG_WITH_IDS_seed3,FOG_WITH_IDS,3,fog-3,3475.000,0.440000
FOG_WITH_IDS_seed3,FOG_WITH_IDS,3,cloud,3500.000,0.000000
FOG_WITH_IDS_seed3,FOG_WITH_IDS,3,proxy,3500.000,0.000000
FOG_WITH_IDS_seed3,FOG_WITH_IDS,3,fog-1,3500.000,0.040000
FOG_WITH_IDS_seed3,FOG_WITH_IDS,3,fog-2,3500.000,0.040000
FOG_WITH_IDS_seed3,FOG_WITH_IDS,3,fog-3,3500.000,0.040000
FOG_WITH_IDS_seed3,FOG_WITH_IDS,3,cloud,3525.000,0.000000
FOG_WITH_IDS_seed3,FOG_WITH_IDS,3,proxy,3525.000,0.000000
FOG_WITH_IDS_seed3,FOG_WITH_IDS,3,fog-1,3525.000,0.480000
FOG_WITH_IDS_seed3,FOG_WITH_IDS,3,fog-2,3525.000,0.080000
FOG_WITH_IDS_seed3,FOG_WITH_IDS,3,fog-3,3525.000,0.480000
FOG_WITH_IDS_seed3,FOG_WITH_IDS,3,cloud,3550.000,0.000000
FOG_WITH_IDS_seed3,FOG_WITH_IDS,3,proxy,3550.000,0.000000
FOG_WITH_IDS_seed3,FOG_WITH_IDS,3,fog-1,3550.000,0.000000
FOG_WITH_IDS_seed3,FOG_WITH_IDS,3,fog-2,3550.000,0.000000
FOG_WITH_IDS_seed3,FOG_WITH_IDS,3,fog-3,3550.000,0.000000
FOG_WITH_IDS_seed3,FOG_WITH_IDS,3,cloud,3575.000,0.000000
FOG_WITH_IDS_seed3,FOG_WITH_IDS,3,proxy,3575.000,0.000000
FOG_WITH_IDS_seed3,FOG_WITH_IDS,3,fog-1,3575.000,0.440000
FOG_WITH_IDS_seed3,FOG_WITH_IDS,3,fog-2,3575.000,0.040000
FOG_WITH_IDS_seed3,FOG_WITH_IDS,3,fog-3,3575.000,0.440000
FOG_WITH_IDS_seed3,FOG_WITH_IDS,3,cloud,3600.000,0.000000
FOG_WITH_IDS_seed3,FOG_WITH_IDS,3,proxy,3600.000,0.000000
FOG_WITH_IDS_seed3,FOG_WITH_IDS,3,fog-1,3600.000,0.040000
FOG_WITH_IDS_seed3,FOG_WITH_IDS,3,fog-2,3600.000,0.040000
FOG_WITH_IDS_seed3,FOG_WITH_IDS,3,fog-3,3600.000,0.040000
FOG_WITH_IDS_seed3,FOG_WITH_IDS,3,cloud,3625.000,0.000000
FOG_WITH_IDS_seed3,FOG_WITH_IDS,3,proxy,3625.000,0.000000
FOG_WITH_IDS_seed3,FOG_WITH_IDS,3,fog-1,3625.000,0.480000
FOG_WITH_IDS_seed3,FOG_WITH_IDS,3,fog-2,3625.000,0.080000
FOG_WITH_IDS_seed3,FOG_WITH_IDS,3,fog-3,3625.000,0.480000
FOG_WITH_IDS_seed3,FOG_WITH_IDS,3,cloud,3650.000,0.000000
FOG_WITH_IDS_seed3,FOG_WITH_IDS,3,proxy,3650.000,0.000000
FOG_WITH_IDS_seed3,FOG_WITH_IDS,3,fog-1,3650.000,0.000000
FOG_WITH_IDS_seed3,FOG_WITH_IDS,3,fog-2,3650.000,0.000000
FOG_WITH_IDS_seed3,FOG_WITH_IDS,3,fog-3,3650.000,0.000000
FOG_WITH_IDS_seed3,FOG_WITH_IDS,3,cloud,3675.000,0.000000
FOG_WITH_IDS_seed3,FOG_WITH_IDS,3,proxy,3675.000,0.000000
FOG_WITH_IDS_seed3,FOG_WITH_IDS,3,fog-1,3675.000,0.440000
FOG_WITH_IDS_seed3,FOG_WITH_IDS,3,fog-2,3675.000,0.040000
FOG_WITH_IDS_seed3,FOG_WITH_IDS,3,fog-3,3675.000,0.440000
FOG_WITH_IDS_seed3,FOG_WITH_IDS,3,cloud,3700.000,0.000000
FOG_WITH_IDS_seed3,FOG_WITH_IDS,3,proxy,3700.000,0.000000
FOG_WITH_IDS_seed3,FOG_WITH_IDS,3,fog-1,3700.000,0.040000
FOG_WITH_IDS_seed3,FOG_WITH_IDS,3,fog-2,3700.000,0.040000
FOG_WITH_IDS_seed3,FOG_WITH_IDS,3,fog-3,3700.000,0.040000
FOG_WITH_IDS_seed3,FOG_WITH_IDS,3,cloud,3725.000,0.000000
FOG_WITH_IDS_seed3,FOG_WITH_IDS,3,proxy,3725.000,0.000000
FOG_WITH_IDS_seed3,FOG_WITH_IDS,3,fog-1,3725.000,0.480000
FOG_WITH_IDS_seed3,FOG_WITH_IDS,3,fog-2,3725.000,0.080000
FOG_WITH_IDS_seed3,FOG_WITH_IDS,3,fog-3,3725.000,0.480000
FOG_WITH_IDS_seed3,FOG_WITH_IDS,3,cloud,3750.000,0.000000
FOG_WITH_IDS_seed3,FOG_WITH_IDS,3,proxy,3750.000,0.000000
FOG_WITH_IDS_seed3,FOG_WITH_IDS,3,fog-1,3750.000,0.000000
FOG_WITH_IDS_seed3,FOG_WITH_IDS,3,fog-2,3750.000,0.000000
FOG_WITH_IDS_seed3,FOG_WITH_IDS,3,fog-3,3750.000,0.000000
FOG_WITH_IDS_seed3,FOG_WITH_IDS,3,cloud,3775.000,0.000000
FOG_WITH_IDS_seed3,FOG_WITH_IDS,3,proxy,3775.000,0.000000
FOG_WITH_IDS_seed3,FOG_WITH_IDS,3,fog-1,3775.000,0.440000
FOG_WITH_IDS_seed3,FOG_WITH_IDS,3,fog-2,3775.000,0.040000
FOG_WITH_IDS_seed3,FOG_WITH_IDS,3,fog-3,3775.000,0.440000
FOG_WITH_IDS_seed3,FOG_WITH_IDS,3,cloud,3800.000,0.000000
FOG_WITH_IDS_seed3,FOG_WITH_IDS,3,proxy,3800.000,0.000000
FOG_WITH_IDS_seed3,FOG_WITH_IDS,3,fog-1,3800.000,0.040000
FOG_WITH_IDS_seed3,FOG_WITH_IDS,3,fog-2,3800.000,0.040000
FOG_WITH_IDS_seed3,FOG_WITH_IDS,3,fog-3,3800.000,0.040000
FOG_WITH_IDS_seed3,FOG_WITH_IDS,3,cloud,3825.000,0.000000
FOG_WITH_IDS_seed3,FOG_WITH_IDS,3,proxy,3825.000,0.000000
FOG_WITH_IDS_seed3,FOG_WITH_IDS,3,fog-1,3825.000,0.480000
FOG_WITH_IDS_seed3,FOG_WITH_IDS,3,fog-2,3825.000,0.080000
FOG_WITH_IDS_seed3,FOG_WITH_IDS,3,fog-3,3825.000,0.480000
FOG_WITH_IDS_seed3,FOG_WITH_IDS,3,cloud,3850.000,0.000000
FOG_WITH_IDS_seed3,FOG_WITH_IDS,3,proxy,3850.000,0.000000
FOG_WITH_IDS_seed3,FOG_WITH_IDS,3,fog-1,3850.000,0.000000
FOG_WITH_IDS_seed3,FOG_WITH_IDS,3,fog-2,3850.000,0.000000
FOG_WITH_IDS_seed3,FOG_WITH_IDS,3,fog-3,3850.000,0.000000
FOG_WITH_IDS_seed3,FOG_WITH_IDS,3,cloud,3875.000,0.000000
FOG_WITH_IDS_seed3,FOG_WITH_IDS,3,proxy,3875.000,0.000000
FOG_WITH_IDS_seed3,FOG_WITH_IDS,3,fog-1,3875.000,0.440000
FOG_WITH_IDS_seed3,FOG_WITH_IDS,3,fog-2,3875.000,0.040000
FOG_WITH_IDS_seed3,FOG_WITH_IDS,3,fog-3,3875.000,0.440000
FOG_WITH_IDS_seed3,FOG_WITH_IDS,3,cloud,3900.000,0.000000
FOG_WITH_IDS_seed3,FOG_WITH_IDS,3,proxy,3900.000,0.000000
FOG_WITH_IDS_seed3,FOG_WITH_IDS,3,fog-1,3900.000,0.040000
FOG_WITH_IDS_seed3,FOG_WITH_IDS,3,fog-2,3900.000,0.040000
FOG_WITH_IDS_seed3,FOG_WITH_IDS,3,fog-3,3900.000,0.040000
FOG_WITH_IDS_seed3,FOG_WITH_IDS,3,cloud,3925.000,0.000000
FOG_WITH_IDS_seed3,FOG_WITH_IDS,3,proxy,3925.000,0.000000
FOG_WITH_IDS_seed3,FOG_WITH_IDS,3,fog-1,3925.000,0.480000
FOG_WITH_IDS_seed3,FOG_WITH_IDS,3,fog-2,3925.000,0.080000
FOG_WITH_IDS_seed3,FOG_WITH_IDS,3,fog-3,3925.000,0.480000
FOG_WITH_IDS_seed3,FOG_WITH_IDS,3,cloud,3950.000,0.000000
FOG_WITH_IDS_seed3,FOG_WITH_IDS,3,proxy,3950.000,0.000000
FOG_WITH_IDS_seed3,FOG_WITH_IDS,3,fog-1,3950.000,0.000000
FOG_WITH_IDS_seed3,FOG_WITH_IDS,3,fog-2,3950.000,0.000000
FOG_WITH_IDS_seed3,FOG_WITH_IDS,3,fog-3,3950.000,0.000000
FOG_WITH_IDS_seed3,FOG_WITH_IDS,3,cloud,3975.000,0.000000
FOG_WITH_IDS_seed3,FOG_WITH_IDS,3,proxy,3975.000,0.000000
FOG_WITH_IDS_seed3,FOG_WITH_IDS,3,fog-1,3975.000,0.440000
FOG_WITH_IDS_seed3,FOG_WITH_IDS,3,fog-2,3975.000,0.040000
FOG_WITH_IDS_seed3,FOG_WITH_IDS,3,fog-3,3975.000,0.440000
FOG_WITH_IDS_seed3,FOG_WITH_IDS,3,cloud,4000.000,0.000000
FOG_WITH_IDS_seed3,FOG_WITH_IDS,3,proxy,4000.000,0.000000
FOG_WITH_IDS_seed3,FOG_WITH_IDS,3,fog-1,4000.000,0.040000
FOG_WITH_IDS_seed3,FOG_WITH_IDS,3,fog-2,4000.000,0.040000
FOG_WITH_IDS_seed3,FOG_WITH_IDS,3,fog-3,4000.000,0.040000
FOG_WITH_IDS_seed3,FOG_WITH_IDS,3,cloud,4025.000,0.000000
FOG_WITH_IDS_seed3,FOG_WITH_IDS,3,proxy,4025.000,0.000000
FOG_WITH_IDS_seed3,FOG_WITH_IDS,3,fog-1,4025.000,0.480000
FOG_WITH_IDS_seed3,FOG_WITH_IDS,3,fog-2,4025.000,0.080000
FOG_WITH_IDS_seed3,FOG_WITH_IDS,3,fog-3,4025.000,0.480000
FOG_WITH_IDS_seed3,FOG_WITH_IDS,3,cloud,4050.000,0.000000
FOG_WITH_IDS_seed3,FOG_WITH_IDS,3,proxy,4050.000,0.000000
FOG_WITH_IDS_seed3,FOG_WITH_IDS,3,fog-1,4050.000,0.000000
FOG_WITH_IDS_seed3,FOG_WITH_IDS,3,fog-2,4050.000,0.000000
FOG_WITH_IDS_seed3,FOG_WITH_IDS,3,fog-3,4050.000,0.000000
FOG_WITH_IDS_seed3,FOG_WITH_IDS,3,cloud,4075.000,0.000000
FOG_WITH_IDS_seed3,FOG_WITH_IDS,3,proxy,4075.000,0.000000
FOG_WITH_IDS_seed3,FOG_WITH_IDS,3,fog-1,4075.000,0.440000
FOG_WITH_IDS_seed3,FOG_WITH_IDS,3,fog-2,4075.000,0.040000
FOG_WITH_IDS_seed3,FOG_WITH_IDS,3,fog-3,4075.000,0.440000
FOG_WITH_IDS_seed3,FOG_WITH_IDS,3,cloud,4100.000,0.000000
FOG_WITH_IDS_seed3,FOG_WITH_IDS,3,proxy,4100.000,0.000000
FOG_WITH_IDS_seed3,FOG_WITH_IDS,3,fog-1,4100.000,0.040000
FOG_WITH_IDS_seed3,FOG_WITH_IDS,3,fog-2,4100.000,0.040000
FOG_WITH_IDS_seed3,FOG_WITH_IDS,3,fog-3,4100.000,0.040000
FOG_WITH_IDS_seed3,FOG_WITH_IDS,3,cloud,4125.000,0.000000
FOG_WITH_IDS_seed3,FOG_WITH_IDS,3,proxy,4125.000,0.000000
FOG_WITH_IDS_seed3,FOG_WITH_IDS,3,fog-1,4125.000,0.480000
FOG_WITH_IDS_seed3,FOG_WITH_IDS,3,fog-2,4125.000,0.080000
FOG_WITH_IDS_seed3,FOG_WITH_IDS,3,fog-3,4125.000,0.480000
FOG_WITH_IDS_seed3,FOG_WITH_IDS,3,cloud,4150.000,0.000000
FOG_WITH_IDS_seed3,FOG_WITH_IDS,3,proxy,4150.000,0.000000
FOG_WITH_IDS_seed3,FOG_WITH_IDS,3,fog-1,4150.000,0.000000
FOG_WITH_IDS_seed3,FOG_WITH_IDS,3,fog-2,4150.000,0.000000
FOG_WITH_IDS_seed3,FOG_WITH_IDS,3,fog-3,4150.000,0.000000
FOG_WITH_IDS_seed3,FOG_WITH_IDS,3,cloud,4175.000,0.000000
FOG_WITH_IDS_seed3,FOG_WITH_IDS,3,proxy,4175.000,0.000000
FOG_WITH_IDS_seed3,FOG_WITH_IDS,3,fog-1,4175.000,0.440000
FOG_WITH_IDS_seed3,FOG_WITH_IDS,3,fog-2,4175.000,0.040000
FOG_WITH_IDS_seed3,FOG_WITH_IDS,3,fog-3,4175.000,0.440000
FOG_WITH_IDS_seed3,FOG_WITH_IDS,3,cloud,4200.000,0.000000
FOG_WITH_IDS_seed3,FOG_WITH_IDS,3,proxy,4200.000,0.000000
FOG_WITH_IDS_seed3,FOG_WITH_IDS,3,fog-1,4200.000,0.040000
FOG_WITH_IDS_seed3,FOG_WITH_IDS,3,fog-2,4200.000,0.040000
FOG_WITH_IDS_seed3,FOG_WITH_IDS,3,fog-3,4200.000,0.040000
FOG_WITH_IDS_seed3,FOG_WITH_IDS,3,cloud,4225.000,0.000000
FOG_WITH_IDS_seed3,FOG_WITH_IDS,3,proxy,4225.000,0.000000
FOG_WITH_IDS_seed3,FOG_WITH_IDS,3,fog-1,4225.000,0.480000
FOG_WITH_IDS_seed3,FOG_WITH_IDS,3,fog-2,4225.000,0.080000
FOG_WITH_IDS_seed3,FOG_WITH_IDS,3,fog-3,4225.000,0.480000
FOG_WITH_IDS_seed3,FOG_WITH_IDS,3,cloud,4250.000,0.000000
FOG_WITH_IDS_seed3,FOG_WITH_IDS,3,proxy,4250.000,0.000000
FOG_WITH_IDS_seed3,FOG_WITH_IDS,3,fog-1,4250.000,0.000000
FOG_WITH_IDS_seed3,FOG_WITH_IDS,3,fog-2,4250.000,0.000000
FOG_WITH_IDS_seed3,FOG_WITH_IDS,3,fog-3,4250.000,0.000000
FOG_WITH_IDS_seed3,FOG_WITH_IDS,3,cloud,4275.000,0.000000
FOG_WITH_IDS_seed3,FOG_WITH_IDS,3,proxy,4275.000,0.000000
FOG_WITH_IDS_seed3,FOG_WITH_IDS,3,fog-1,4275.000,0.440000
FOG_WITH_IDS_seed3,FOG_WITH_IDS,3,fog-2,4275.000,0.040000
FOG_WITH_IDS_seed3,FOG_WITH_IDS,3,fog-3,4275.000,0.440000
FOG_WITH_IDS_seed3,FOG_WITH_IDS,3,cloud,4300.000,0.000000
FOG_WITH_IDS_seed3,FOG_WITH_IDS,3,proxy,4300.000,0.000000
FOG_WITH_IDS_seed3,FOG_WITH_IDS,3,fog-1,4300.000,0.040000
FOG_WITH_IDS_seed3,FOG_WITH_IDS,3,fog-2,4300.000,0.040000
FOG_WITH_IDS_seed3,FOG_WITH_IDS,3,fog-3,4300.000,0.040000
FOG_WITH_IDS_seed3,FOG_WITH_IDS,3,cloud,4325.000,0.000000
FOG_WITH_IDS_seed3,FOG_WITH_IDS,3,proxy,4325.000,0.000000
FOG_WITH_IDS_seed3,FOG_WITH_IDS,3,fog-1,4325.000,0.480000
FOG_WITH_IDS_seed3,FOG_WITH_IDS,3,fog-2,4325.000,0.080000
FOG_WITH_IDS_seed3,FOG_WITH_IDS,3,fog-3,4325.000,0.480000
FOG_WITH_IDS_seed3,FOG_WITH_IDS,3,cloud,4350.000,0.000000
FOG_WITH_IDS_seed3,FOG_WITH_IDS,3,proxy,4350.000,0.000000
FOG_WITH_IDS_seed3,FOG_WITH_IDS,3,fog-1,4350.000,0.000000
FOG_WITH_IDS_seed3,FOG_WITH_IDS,3,fog-2,4350.000,0.000000
FOG_WITH_IDS_seed3,FOG_WITH_IDS,3,fog-3,4350.000,0.000000
FOG_WITH_IDS_seed3,FOG_WITH_IDS,3,cloud,4375.000,0.000000
FOG_WITH_IDS_seed3,FOG_WITH_IDS,3,proxy,4375.000,0.000000
FOG_WITH_IDS_seed3,FOG_WITH_IDS,3,fog-1,4375.000,0.440000
FOG_WITH_IDS_seed3,FOG_WITH_IDS,3,fog-2,4375.000,0.040000
FOG_WITH_IDS_seed3,FOG_WITH_IDS,3,fog-3,4375.000,0.440000
FOG_WITH_IDS_seed3,FOG_WITH_IDS,3,cloud,4400.000,0.000000
FOG_WITH_IDS_seed3,FOG_WITH_IDS,3,proxy,4400.000,0.000000
FOG_WITH_IDS_seed3,FOG_WITH_IDS,3,fog-1,4400.000,0.040000
FOG_WITH_IDS_seed3,FOG_WITH_IDS,3,fog-2,4400.000,0.040000
FOG_WITH_IDS_seed3,FOG_WITH_IDS,3,fog-3,4400.000,0.040000
FOG_WITH_IDS_seed3,FOG_WITH_IDS,3,cloud,4425.000,0.000000
FOG_WITH_IDS_seed3,FOG_WITH_IDS,3,proxy,4425.000,0.000000
FOG_WITH_IDS_seed3,FOG_WITH_IDS,3,fog-1,4425.000,0.480000
FOG_WITH_IDS_seed3,FOG_WITH_IDS,3,fog-2,4425.000,0.080000
FOG_WITH_IDS_seed3,FOG_WITH_IDS,3,fog-3,4425.000,0.480000
FOG_WITH_IDS_seed3,FOG_WITH_IDS,3,cloud,4450.000,0.000000
FOG_WITH_IDS_seed3,FOG_WITH_IDS,3,proxy,4450.000,0.000000
FOG_WITH_IDS_seed3,FOG_WITH_IDS,3,fog-1,4450.000,0.000000
FOG_WITH_IDS_seed3,FOG_WITH_IDS,3,fog-2,4450.000,0.000000
FOG_WITH_IDS_seed3,FOG_WITH_IDS,3,fog-3,4450.000,0.000000
FOG_WITH_IDS_seed3,FOG_WITH_IDS,3,cloud,4475.000,0.000000
FOG_WITH_IDS_seed3,FOG_WITH_IDS,3,proxy,4475.000,0.000000
FOG_WITH_IDS_seed3,FOG_WITH_IDS,3,fog-1,4475.000,0.440000
FOG_WITH_IDS_seed3,FOG_WITH_IDS,3,fog-2,4475.000,0.040000
FOG_WITH_IDS_seed3,FOG_WITH_IDS,3,fog-3,4475.000,0.440000
FOG_WITH_IDS_seed3,FOG_WITH_IDS,3,cloud,4500.000,0.000000
FOG_WITH_IDS_seed3,FOG_WITH_IDS,3,proxy,4500.000,0.000000
FOG_WITH_IDS_seed3,FOG_WITH_IDS,3,fog-1,4500.000,0.040000
FOG_WITH_IDS_seed3,FOG_WITH_IDS,3,fog-2,4500.000,0.040000
FOG_WITH_IDS_seed3,FOG_WITH_IDS,3,fog-3,4500.000,0.040000
FOG_WITH_IDS_seed3,FOG_WITH_IDS,3,cloud,4525.000,0.000000
FOG_WITH_IDS_seed3,FOG_WITH_IDS,3,proxy,4525.000,0.000000
FOG_WITH_IDS_seed3,FOG_WITH_IDS,3,fog-1,4525.000,0.480000
FOG_WITH_IDS_seed3,FOG_WITH_IDS,3,fog-2,4525.000,0.080000
FOG_WITH_IDS_seed3,FOG_WITH_IDS,3,fog-3,4525.000,0.480000
FOG_WITH_IDS_seed3,FOG_WITH_IDS,3,cloud,4550.000,0.000000
FOG_WITH_IDS_seed3,FOG_WITH_IDS,3,proxy,4550.000,0.000000
FOG_WITH_IDS_seed3,FOG_WITH_IDS,3,fog-1,4550.000,0.000000
FOG_WITH_IDS_seed3,FOG_WITH_IDS,3,fog-2,4550.000,0.000000
FOG_WITH_IDS_seed3,FOG_WITH_IDS,3,fog-3,4550.000,0.000000
FOG_WITH_IDS_seed3,FOG_WITH_IDS,3,cloud,4575.000,0.000000
FOG_WITH_IDS_seed3,FOG_WITH_IDS,3,proxy,4575.000,0.000000
FOG_WITH_IDS_seed3,FOG_WITH_IDS,3,fog-1,4575.000,0.440000
FOG_WITH_IDS_seed3,FOG_WITH_IDS,3,fog-2,4575.000,0.040000
FOG_WITH_IDS_seed3,FOG_WITH_IDS,3,fog-3,4575.000,0.440000
FOG_WITH_IDS_seed3,FOG_WITH_IDS,3,cloud,4600.000,0.000000
FOG_WITH_IDS_seed3,FOG_WITH_IDS,3,proxy,4600.000,0.000000
FOG_WITH_IDS_seed3,FOG_WITH_IDS,3,fog-1,4600.000,0.040000
FOG_WITH_IDS_seed3,FOG_WITH_IDS,3,fog-2,4600.000,0.040000
FOG_WITH_IDS_seed3,FOG_WITH_IDS,3,fog-3,4600.000,0.040000
FOG_WITH_IDS_seed3,FOG_WITH_IDS,3,cloud,4625.000,0.000000
FOG_WITH_IDS_seed3,FOG_WITH_IDS,3,proxy,4625.000,0.000000
FOG_WITH_IDS_seed3,FOG_WITH_IDS,3,fog-1,4625.000,0.480000
FOG_WITH_IDS_seed3,FOG_WITH_IDS,3,fog-2,4625.000,0.080000
FOG_WITH_IDS_seed3,FOG_WITH_IDS,3,fog-3,4625.000,0.480000
FOG_WITH_IDS_seed3,FOG_WITH_IDS,3,cloud,4650.000,0.000000
FOG_WITH_IDS_seed3,FOG_WITH_IDS,3,proxy,4650.000,0.000000
FOG_WITH_IDS_seed3,FOG_WITH_IDS,3,fog-1,4650.000,0.000000
FOG_WITH_IDS_seed3,FOG_WITH_IDS,3,fog-2,4650.000,0.000000
FOG_WITH_IDS_seed3,FOG_WITH_IDS,3,fog-3,4650.000,0.000000
FOG_WITH_IDS_seed3,FOG_WITH_IDS,3,cloud,4675.000,0.000000
FOG_WITH_IDS_seed3,FOG_WITH_IDS,3,proxy,4675.000,0.000000
FOG_WITH_IDS_seed3,FOG_WITH_IDS,3,fog-1,4675.000,0.440000
FOG_WITH_IDS_seed3,FOG_WITH_IDS,3,fog-2,4675.000,0.040000
FOG_WITH_IDS_seed3,FOG_WITH_IDS,3,fog-3,4675.000,0.440000
FOG_WITH_IDS_seed3,FOG_WITH_IDS,3,cloud,4700.000,0.000000
FOG_WITH_IDS_seed3,FOG_WITH_IDS,3,proxy,4700.000,0.000000
FOG_WITH_IDS_seed3,FOG_WITH_IDS,3,fog-1,4700.000,0.040000
FOG_WITH_IDS_seed3,FOG_WITH_IDS,3,fog-2,4700.000,0.040000
FOG_WITH_IDS_seed3,FOG_WITH_IDS,3,fog-3,4700.000,0.040000
FOG_WITH_IDS_seed3,FOG_WITH_IDS,3,cloud,4725.000,0.000000
FOG_WITH_IDS_seed3,FOG_WITH_IDS,3,proxy,4725.000,0.000000
FOG_WITH_IDS_seed3,FOG_WITH_IDS,3,fog-1,4725.000,0.480000
FOG_WITH_IDS_seed3,FOG_WITH_IDS,3,fog-2,4725.000,0.080000
FOG_WITH_IDS_seed3,FOG_WITH_IDS,3,fog-3,4725.000,0.480000
FOG_WITH_IDS_seed3,FOG_WITH_IDS,3,cloud,4750.000,0.000000
FOG_WITH_IDS_seed3,FOG_WITH_IDS,3,proxy,4750.000,0.000000
FOG_WITH_IDS_seed3,FOG_WITH_IDS,3,fog-1,4750.000,0.000000
FOG_WITH_IDS_seed3,FOG_WITH_IDS,3,fog-2,4750.000,0.000000
FOG_WITH_IDS_seed3,FOG_WITH_IDS,3,fog-3,4750.000,0.000000
FOG_WITH_IDS_seed3,FOG_WITH_IDS,3,cloud,4775.000,0.000000
FOG_WITH_IDS_seed3,FOG_WITH_IDS,3,proxy,4775.000,0.000000
FOG_WITH_IDS_seed3,FOG_WITH_IDS,3,fog-1,4775.000,0.440000
FOG_WITH_IDS_seed3,FOG_WITH_IDS,3,fog-2,4775.000,0.040000
FOG_WITH_IDS_seed3,FOG_WITH_IDS,3,fog-3,4775.000,0.440000
FOG_WITH_IDS_seed3,FOG_WITH_IDS,3,cloud,4800.000,0.000000
FOG_WITH_IDS_seed3,FOG_WITH_IDS,3,proxy,4800.000,0.000000
FOG_WITH_IDS_seed3,FOG_WITH_IDS,3,fog-1,4800.000,0.040000
FOG_WITH_IDS_seed3,FOG_WITH_IDS,3,fog-2,4800.000,0.040000
FOG_WITH_IDS_seed3,FOG_WITH_IDS,3,fog-3,4800.000,0.040000
FOG_WITH_IDS_seed3,FOG_WITH_IDS,3,cloud,4825.000,0.000000
FOG_WITH_IDS_seed3,FOG_WITH_IDS,3,proxy,4825.000,0.000000
FOG_WITH_IDS_seed3,FOG_WITH_IDS,3,fog-1,4825.000,0.480000
FOG_WITH_IDS_seed3,FOG_WITH_IDS,3,fog-2,4825.000,0.080000
FOG_WITH_IDS_seed3,FOG_WITH_IDS,3,fog-3,4825.000,0.480000
FOG_WITH_IDS_seed3,FOG_WITH_IDS,3,cloud,4850.000,0.000000
FOG_WITH_IDS_seed3,FOG_WITH_IDS,3,proxy,4850.000,0.000000
FOG_WITH_IDS_seed3,FOG_WITH_IDS,3,fog-1,4850.000,0.000000
FOG_WITH_IDS_seed3,FOG_WITH_IDS,3,fog-2,4850.000,0.000000
FOG_WITH_IDS_seed3,FOG_WITH_IDS,3,fog-3,4850.000,0.000000
FOG_WITH_IDS_seed3,FOG_WITH_IDS,3,cloud,4875.000,0.000000
FOG_WITH_IDS_seed3,FOG_WITH_IDS,3,proxy,4875.000,0.000000
FOG_WITH_IDS_seed3,FOG_WITH_IDS,3,fog-1,4875.000,0.440000
FOG_WITH_IDS_seed3,FOG_WITH_IDS,3,fog-2,4875.000,0.040000
FOG_WITH_IDS_seed3,FOG_WITH_IDS,3,fog-3,4875.000,0.440000
FOG_WITH_IDS_seed3,FOG_WITH_IDS,3,cloud,4900.000,0.000000
FOG_WITH_IDS_seed3,FOG_WITH_IDS,3,proxy,4900.000,0.000000
FOG_WITH_IDS_seed3,FOG_WITH_IDS,3,fog-1,4900.000,0.040000
FOG_WITH_IDS_seed3,FOG_WITH_IDS,3,fog-2,4900.000,0.040000
FOG_WITH_IDS_seed3,FOG_WITH_IDS,3,fog-3,4900.000,0.040000
FOG_WITH_IDS_seed3,FOG_WITH_IDS,3,cloud,4925.000,0.000000
FOG_WITH_IDS_seed3,FOG_WITH_IDS,3,proxy,4925.000,0.000000
FOG_WITH_IDS_seed3,FOG_WITH_IDS,3,fog-1,4925.000,0.480000
FOG_WITH_IDS_seed3,FOG_WITH_IDS,3,fog-2,4925.000,0.080000
FOG_WITH_IDS_seed3,FOG_WITH_IDS,3,fog-3,4925.000,0.480000
FOG_WITH_IDS_seed3,FOG_WITH_IDS,3,cloud,4950.000,0.000000
FOG_WITH_IDS_seed3,FOG_WITH_IDS,3,proxy,4950.000,0.000000
FOG_WITH_IDS_seed3,FOG_WITH_IDS,3,fog-1,4950.000,0.000000
FOG_WITH_IDS_seed3,FOG_WITH_IDS,3,fog-2,4950.000,0.000000
FOG_WITH_IDS_seed3,FOG_WITH_IDS,3,fog-3,4950.000,0.000000
FOG_WITH_IDS_seed3,FOG_WITH_IDS,3,cloud,4975.000,0.000000
FOG_WITH_IDS_seed3,FOG_WITH_IDS,3,proxy,4975.000,0.000000
FOG_WITH_IDS_seed3,FOG_WITH_IDS,3,fog-1,4975.000,0.440000
FOG_WITH_IDS_seed3,FOG_WITH_IDS,3,fog-2,4975.000,0.040000
FOG_WITH_IDS_seed3,FOG_WITH_IDS,3,fog-3,4975.000,0.440000
FOG_WITH_IDS_seed3,FOG_WITH_IDS,3,cloud,5000.000,0.000000
FOG_WITH_IDS_seed3,FOG_WITH_IDS,3,proxy,5000.000,0.000000
FOG_WITH_IDS_seed3,FOG_WITH_IDS,3,fog-1,5000.000,0.000000
FOG_WITH_IDS_seed3,FOG_WITH_IDS,3,fog-2,5000.000,0.000000
FOG_WITH_IDS_seed3,FOG_WITH_IDS,3,fog-3,5000.000,0.000000
FOG_WITH_IDS_seed4,FOG_WITH_IDS,4,cloud,25.000,0.000179
FOG_WITH_IDS_seed4,FOG_WITH_IDS,4,proxy,25.000,0.000000
FOG_WITH_IDS_seed4,FOG_WITH_IDS,4,fog-1,25.000,0.005500
FOG_WITH_IDS_seed4,FOG_WITH_IDS,4,fog-2,25.000,0.005500
FOG_WITH_IDS_seed4,FOG_WITH_IDS,4,fog-3,25.000,0.005500
FOG_WITH_IDS_seed4,FOG_WITH_IDS,4,cloud,50.000,0.000179
FOG_WITH_IDS_seed4,FOG_WITH_IDS,4,proxy,50.000,0.000000
FOG_WITH_IDS_seed4,FOG_WITH_IDS,4,fog-1,50.000,0.005500
FOG_WITH_IDS_seed4,FOG_WITH_IDS,4,fog-2,50.000,0.005500
FOG_WITH_IDS_seed4,FOG_WITH_IDS,4,fog-3,50.000,0.005500
FOG_WITH_IDS_seed4,FOG_WITH_IDS,4,cloud,75.000,0.000179
FOG_WITH_IDS_seed4,FOG_WITH_IDS,4,proxy,75.000,0.000000
FOG_WITH_IDS_seed4,FOG_WITH_IDS,4,fog-1,75.000,0.005500
FOG_WITH_IDS_seed4,FOG_WITH_IDS,4,fog-2,75.000,0.005500
FOG_WITH_IDS_seed4,FOG_WITH_IDS,4,fog-3,75.000,0.005500
FOG_WITH_IDS_seed4,FOG_WITH_IDS,4,cloud,100.000,0.000179
FOG_WITH_IDS_seed4,FOG_WITH_IDS,4,proxy,100.000,0.000000
FOG_WITH_IDS_seed4,FOG_WITH_IDS,4,fog-1,100.000,0.005500
FOG_WITH_IDS_seed4,FOG_WITH_IDS,4,fog-2,100.000,0.005500
FOG_WITH_IDS_seed4,FOG_WITH_IDS,4,fog-3,100.000,0.005500
FOG_WITH_IDS_seed4,FOG_WITH_IDS,4,cloud,125.000,0.000179
FOG_WITH_IDS_seed4,FOG_WITH_IDS,4,proxy,125.000,0.000000
FOG_WITH_IDS_seed4,FOG_WITH_IDS,4,fog-1,125.000,0.440220
FOG_WITH_IDS_seed4,FOG_WITH_IDS,4,fog-2,125.000,0.040220
FOG_WITH_IDS_seed4,FOG_WITH_IDS,4,fog-3,125.000,0.440220
FOG_WITH_IDS_seed4,FOG_WITH_IDS,4,cloud,150.000,0.000179
FOG_WITH_IDS_seed4,FOG_WITH_IDS,4,proxy,150.000,0.000000
FOG_WITH_IDS_seed4,FOG_WITH_IDS,4,fog-1,150.000,0.000000
FOG_WITH_IDS_seed4,FOG_WITH_IDS,4,fog-2,150.000,0.000000
FOG_WITH_IDS_seed4,FOG_WITH_IDS,4,fog-3,150.000,0.000000
FOG_WITH_IDS_seed4,FOG_WITH_IDS,4,cloud,175.000,0.000071
FOG_WITH_IDS_seed4,FOG_WITH_IDS,4,proxy,175.000,0.000000
FOG_WITH_IDS_seed4,FOG_WITH_IDS,4,fog-1,175.000,0.440000
FOG_WITH_IDS_seed4,FOG_WITH_IDS,4,fog-2,175.000,0.040000
FOG_WITH_IDS_seed4,FOG_WITH_IDS,4,fog-3,175.000,0.440000
FOG_WITH_IDS_seed4,FOG_WITH_IDS,4,cloud,200.000,0.000000
FOG_WITH_IDS_seed4,FOG_WITH_IDS,4,proxy,200.000,0.000000
FOG_WITH_IDS_seed4,FOG_WITH_IDS,4,fog-1,200.000,0.040000
FOG_WITH_IDS_seed4,FOG_WITH_IDS,4,fog-2,200.000,0.040000
FOG_WITH_IDS_seed4,FOG_WITH_IDS,4,fog-3,200.000,0.040000
FOG_WITH_IDS_seed4,FOG_WITH_IDS,4,cloud,225.000,0.000000
FOG_WITH_IDS_seed4,FOG_WITH_IDS,4,proxy,225.000,0.000000
FOG_WITH_IDS_seed4,FOG_WITH_IDS,4,fog-1,225.000,0.480000
FOG_WITH_IDS_seed4,FOG_WITH_IDS,4,fog-2,225.000,0.080000
FOG_WITH_IDS_seed4,FOG_WITH_IDS,4,fog-3,225.000,0.480000
FOG_WITH_IDS_seed4,FOG_WITH_IDS,4,cloud,250.000,0.000000
FOG_WITH_IDS_seed4,FOG_WITH_IDS,4,proxy,250.000,0.000000
FOG_WITH_IDS_seed4,FOG_WITH_IDS,4,fog-1,250.000,0.000000
FOG_WITH_IDS_seed4,FOG_WITH_IDS,4,fog-2,250.000,0.000000
FOG_WITH_IDS_seed4,FOG_WITH_IDS,4,fog-3,250.000,0.000000
FOG_WITH_IDS_seed4,FOG_WITH_IDS,4,cloud,275.000,0.000000
FOG_WITH_IDS_seed4,FOG_WITH_IDS,4,proxy,275.000,0.000000
FOG_WITH_IDS_seed4,FOG_WITH_IDS,4,fog-1,275.000,0.440000
FOG_WITH_IDS_seed4,FOG_WITH_IDS,4,fog-2,275.000,0.040000
FOG_WITH_IDS_seed4,FOG_WITH_IDS,4,fog-3,275.000,0.440000
FOG_WITH_IDS_seed4,FOG_WITH_IDS,4,cloud,300.000,0.000000
FOG_WITH_IDS_seed4,FOG_WITH_IDS,4,proxy,300.000,0.000000
FOG_WITH_IDS_seed4,FOG_WITH_IDS,4,fog-1,300.000,0.040000
FOG_WITH_IDS_seed4,FOG_WITH_IDS,4,fog-2,300.000,0.040000
FOG_WITH_IDS_seed4,FOG_WITH_IDS,4,fog-3,300.000,0.040000
FOG_WITH_IDS_seed4,FOG_WITH_IDS,4,cloud,325.000,0.000000
FOG_WITH_IDS_seed4,FOG_WITH_IDS,4,proxy,325.000,0.000000
FOG_WITH_IDS_seed4,FOG_WITH_IDS,4,fog-1,325.000,0.480000
FOG_WITH_IDS_seed4,FOG_WITH_IDS,4,fog-2,325.000,0.080000
FOG_WITH_IDS_seed4,FOG_WITH_IDS,4,fog-3,325.000,0.480000
FOG_WITH_IDS_seed4,FOG_WITH_IDS,4,cloud,350.000,0.000000
FOG_WITH_IDS_seed4,FOG_WITH_IDS,4,proxy,350.000,0.000000
FOG_WITH_IDS_seed4,FOG_WITH_IDS,4,fog-1,350.000,0.000000
FOG_WITH_IDS_seed4,FOG_WITH_IDS,4,fog-2,350.000,0.000000
FOG_WITH_IDS_seed4,FOG_WITH_IDS,4,fog-3,350.000,0.000000
FOG_WITH_IDS_seed4,FOG_WITH_IDS,4,cloud,375.000,0.000000
FOG_WITH_IDS_seed4,FOG_WITH_IDS,4,proxy,375.000,0.000000
FOG_WITH_IDS_seed4,FOG_WITH_IDS,4,fog-1,375.000,0.440000
FOG_WITH_IDS_seed4,FOG_WITH_IDS,4,fog-2,375.000,0.040000
FOG_WITH_IDS_seed4,FOG_WITH_IDS,4,fog-3,375.000,0.440000
FOG_WITH_IDS_seed4,FOG_WITH_IDS,4,cloud,400.000,0.000000
FOG_WITH_IDS_seed4,FOG_WITH_IDS,4,proxy,400.000,0.000000
FOG_WITH_IDS_seed4,FOG_WITH_IDS,4,fog-1,400.000,0.040000
FOG_WITH_IDS_seed4,FOG_WITH_IDS,4,fog-2,400.000,0.040000
FOG_WITH_IDS_seed4,FOG_WITH_IDS,4,fog-3,400.000,0.040000
FOG_WITH_IDS_seed4,FOG_WITH_IDS,4,cloud,425.000,0.000000
FOG_WITH_IDS_seed4,FOG_WITH_IDS,4,proxy,425.000,0.000000
FOG_WITH_IDS_seed4,FOG_WITH_IDS,4,fog-1,425.000,0.480000
FOG_WITH_IDS_seed4,FOG_WITH_IDS,4,fog-2,425.000,0.080000
FOG_WITH_IDS_seed4,FOG_WITH_IDS,4,fog-3,425.000,0.480000
FOG_WITH_IDS_seed4,FOG_WITH_IDS,4,cloud,450.000,0.000000
FOG_WITH_IDS_seed4,FOG_WITH_IDS,4,proxy,450.000,0.000000
FOG_WITH_IDS_seed4,FOG_WITH_IDS,4,fog-1,450.000,0.000000
FOG_WITH_IDS_seed4,FOG_WITH_IDS,4,fog-2,450.000,0.000000
FOG_WITH_IDS_seed4,FOG_WITH_IDS,4,fog-3,450.000,0.000000
FOG_WITH_IDS_seed4,FOG_WITH_IDS,4,cloud,475.000,0.000000
FOG_WITH_IDS_seed4,FOG_WITH_IDS,4,proxy,475.000,0.000000
FOG_WITH_IDS_seed4,FOG_WITH_IDS,4,fog-1,475.000,0.440000
FOG_WITH_IDS_seed4,FOG_WITH_IDS,4,fog-2,475.000,0.040000
FOG_WITH_IDS_seed4,FOG_WITH_IDS,4,fog-3,475.000,0.440000
FOG_WITH_IDS_seed4,FOG_WITH_IDS,4,cloud,500.000,0.000000
FOG_WITH_IDS_seed4,FOG_WITH_IDS,4,proxy,500.000,0.000000
FOG_WITH_IDS_seed4,FOG_WITH_IDS,4,fog-1,500.000,0.040000
FOG_WITH_IDS_seed4,FOG_WITH_IDS,4,fog-2,500.000,0.040000
FOG_WITH_IDS_seed4,FOG_WITH_IDS,4,fog-3,500.000,0.040000
FOG_WITH_IDS_seed4,FOG_WITH_IDS,4,cloud,525.000,0.000000
FOG_WITH_IDS_seed4,FOG_WITH_IDS,4,proxy,525.000,0.000000
FOG_WITH_IDS_seed4,FOG_WITH_IDS,4,fog-1,525.000,0.480000
FOG_WITH_IDS_seed4,FOG_WITH_IDS,4,fog-2,525.000,0.080000
FOG_WITH_IDS_seed4,FOG_WITH_IDS,4,fog-3,525.000,0.480000
FOG_WITH_IDS_seed4,FOG_WITH_IDS,4,cloud,550.000,0.000000
FOG_WITH_IDS_seed4,FOG_WITH_IDS,4,proxy,550.000,0.000000
FOG_WITH_IDS_seed4,FOG_WITH_IDS,4,fog-1,550.000,0.000000
FOG_WITH_IDS_seed4,FOG_WITH_IDS,4,fog-2,550.000,0.000000
FOG_WITH_IDS_seed4,FOG_WITH_IDS,4,fog-3,550.000,0.000000
FOG_WITH_IDS_seed4,FOG_WITH_IDS,4,cloud,575.000,0.000000
FOG_WITH_IDS_seed4,FOG_WITH_IDS,4,proxy,575.000,0.000000
FOG_WITH_IDS_seed4,FOG_WITH_IDS,4,fog-1,575.000,0.440000
FOG_WITH_IDS_seed4,FOG_WITH_IDS,4,fog-2,575.000,0.040000
FOG_WITH_IDS_seed4,FOG_WITH_IDS,4,fog-3,575.000,0.440000
FOG_WITH_IDS_seed4,FOG_WITH_IDS,4,cloud,600.000,0.000000
FOG_WITH_IDS_seed4,FOG_WITH_IDS,4,proxy,600.000,0.000000
FOG_WITH_IDS_seed4,FOG_WITH_IDS,4,fog-1,600.000,0.040000
FOG_WITH_IDS_seed4,FOG_WITH_IDS,4,fog-2,600.000,0.040000
FOG_WITH_IDS_seed4,FOG_WITH_IDS,4,fog-3,600.000,0.040000
FOG_WITH_IDS_seed4,FOG_WITH_IDS,4,cloud,625.000,0.000000
FOG_WITH_IDS_seed4,FOG_WITH_IDS,4,proxy,625.000,0.000000
FOG_WITH_IDS_seed4,FOG_WITH_IDS,4,fog-1,625.000,0.480000
FOG_WITH_IDS_seed4,FOG_WITH_IDS,4,fog-2,625.000,0.080000
FOG_WITH_IDS_seed4,FOG_WITH_IDS,4,fog-3,625.000,0.480000
FOG_WITH_IDS_seed4,FOG_WITH_IDS,4,cloud,650.000,0.000000
FOG_WITH_IDS_seed4,FOG_WITH_IDS,4,proxy,650.000,0.000000
FOG_WITH_IDS_seed4,FOG_WITH_IDS,4,fog-1,650.000,0.000000
FOG_WITH_IDS_seed4,FOG_WITH_IDS,4,fog-2,650.000,0.000000
FOG_WITH_IDS_seed4,FOG_WITH_IDS,4,fog-3,650.000,0.000000
FOG_WITH_IDS_seed4,FOG_WITH_IDS,4,cloud,675.000,0.000000
FOG_WITH_IDS_seed4,FOG_WITH_IDS,4,proxy,675.000,0.000000
FOG_WITH_IDS_seed4,FOG_WITH_IDS,4,fog-1,675.000,0.440000
FOG_WITH_IDS_seed4,FOG_WITH_IDS,4,fog-2,675.000,0.040000
FOG_WITH_IDS_seed4,FOG_WITH_IDS,4,fog-3,675.000,0.440000
FOG_WITH_IDS_seed4,FOG_WITH_IDS,4,cloud,700.000,0.000000
FOG_WITH_IDS_seed4,FOG_WITH_IDS,4,proxy,700.000,0.000000
FOG_WITH_IDS_seed4,FOG_WITH_IDS,4,fog-1,700.000,0.040000
FOG_WITH_IDS_seed4,FOG_WITH_IDS,4,fog-2,700.000,0.040000
FOG_WITH_IDS_seed4,FOG_WITH_IDS,4,fog-3,700.000,0.040000
FOG_WITH_IDS_seed4,FOG_WITH_IDS,4,cloud,725.000,0.000000
FOG_WITH_IDS_seed4,FOG_WITH_IDS,4,proxy,725.000,0.000000
FOG_WITH_IDS_seed4,FOG_WITH_IDS,4,fog-1,725.000,0.480000
FOG_WITH_IDS_seed4,FOG_WITH_IDS,4,fog-2,725.000,0.080000
FOG_WITH_IDS_seed4,FOG_WITH_IDS,4,fog-3,725.000,0.480000
FOG_WITH_IDS_seed4,FOG_WITH_IDS,4,cloud,750.000,0.000000
FOG_WITH_IDS_seed4,FOG_WITH_IDS,4,proxy,750.000,0.000000
FOG_WITH_IDS_seed4,FOG_WITH_IDS,4,fog-1,750.000,0.000000
FOG_WITH_IDS_seed4,FOG_WITH_IDS,4,fog-2,750.000,0.000000
FOG_WITH_IDS_seed4,FOG_WITH_IDS,4,fog-3,750.000,0.000000
FOG_WITH_IDS_seed4,FOG_WITH_IDS,4,cloud,775.000,0.000000
FOG_WITH_IDS_seed4,FOG_WITH_IDS,4,proxy,775.000,0.000000
FOG_WITH_IDS_seed4,FOG_WITH_IDS,4,fog-1,775.000,0.440000
FOG_WITH_IDS_seed4,FOG_WITH_IDS,4,fog-2,775.000,0.040000
FOG_WITH_IDS_seed4,FOG_WITH_IDS,4,fog-3,775.000,0.440000
FOG_WITH_IDS_seed4,FOG_WITH_IDS,4,cloud,800.000,0.000000
FOG_WITH_IDS_seed4,FOG_WITH_IDS,4,proxy,800.000,0.000000
FOG_WITH_IDS_seed4,FOG_WITH_IDS,4,fog-1,800.000,0.040000
FOG_WITH_IDS_seed4,FOG_WITH_IDS,4,fog-2,800.000,0.040000
FOG_WITH_IDS_seed4,FOG_WITH_IDS,4,fog-3,800.000,0.040000
FOG_WITH_IDS_seed4,FOG_WITH_IDS,4,cloud,825.000,0.000000
FOG_WITH_IDS_seed4,FOG_WITH_IDS,4,proxy,825.000,0.000000
FOG_WITH_IDS_seed4,FOG_WITH_IDS,4,fog-1,825.000,0.480000
FOG_WITH_IDS_seed4,FOG_WITH_IDS,4,fog-2,825.000,0.080000
FOG_WITH_IDS_seed4,FOG_WITH_IDS,4,fog-3,825.000,0.480000
FOG_WITH_IDS_seed4,FOG_WITH_IDS,4,cloud,850.000,0.000000
FOG_WITH_IDS_seed4,FOG_WITH_IDS,4,proxy,850.000,0.000000
FOG_WITH_IDS_seed4,FOG_WITH_IDS,4,fog-1,850.000,0.000000
FOG_WITH_IDS_seed4,FOG_WITH_IDS,4,fog-2,850.000,0.000000
FOG_WITH_IDS_seed4,FOG_WITH_IDS,4,fog-3,850.000,0.000000
FOG_WITH_IDS_seed4,FOG_WITH_IDS,4,cloud,875.000,0.000000
FOG_WITH_IDS_seed4,FOG_WITH_IDS,4,proxy,875.000,0.000000
FOG_WITH_IDS_seed4,FOG_WITH_IDS,4,fog-1,875.000,0.440000
FOG_WITH_IDS_seed4,FOG_WITH_IDS,4,fog-2,875.000,0.040000
FOG_WITH_IDS_seed4,FOG_WITH_IDS,4,fog-3,875.000,0.440000
FOG_WITH_IDS_seed4,FOG_WITH_IDS,4,cloud,900.000,0.000000
FOG_WITH_IDS_seed4,FOG_WITH_IDS,4,proxy,900.000,0.000000
FOG_WITH_IDS_seed4,FOG_WITH_IDS,4,fog-1,900.000,0.040000
FOG_WITH_IDS_seed4,FOG_WITH_IDS,4,fog-2,900.000,0.040000
FOG_WITH_IDS_seed4,FOG_WITH_IDS,4,fog-3,900.000,0.040000
FOG_WITH_IDS_seed4,FOG_WITH_IDS,4,cloud,925.000,0.000000
FOG_WITH_IDS_seed4,FOG_WITH_IDS,4,proxy,925.000,0.000000
FOG_WITH_IDS_seed4,FOG_WITH_IDS,4,fog-1,925.000,0.480000
FOG_WITH_IDS_seed4,FOG_WITH_IDS,4,fog-2,925.000,0.080000
FOG_WITH_IDS_seed4,FOG_WITH_IDS,4,fog-3,925.000,0.480000
FOG_WITH_IDS_seed4,FOG_WITH_IDS,4,cloud,950.000,0.000000
FOG_WITH_IDS_seed4,FOG_WITH_IDS,4,proxy,950.000,0.000000
FOG_WITH_IDS_seed4,FOG_WITH_IDS,4,fog-1,950.000,0.000000
FOG_WITH_IDS_seed4,FOG_WITH_IDS,4,fog-2,950.000,0.000000
FOG_WITH_IDS_seed4,FOG_WITH_IDS,4,fog-3,950.000,0.000000
FOG_WITH_IDS_seed4,FOG_WITH_IDS,4,cloud,975.000,0.000000
FOG_WITH_IDS_seed4,FOG_WITH_IDS,4,proxy,975.000,0.000000
FOG_WITH_IDS_seed4,FOG_WITH_IDS,4,fog-1,975.000,0.440000
FOG_WITH_IDS_seed4,FOG_WITH_IDS,4,fog-2,975.000,0.040000
FOG_WITH_IDS_seed4,FOG_WITH_IDS,4,fog-3,975.000,0.440000
FOG_WITH_IDS_seed4,FOG_WITH_IDS,4,cloud,1000.000,0.000000
FOG_WITH_IDS_seed4,FOG_WITH_IDS,4,proxy,1000.000,0.000000
FOG_WITH_IDS_seed4,FOG_WITH_IDS,4,fog-1,1000.000,0.040000
FOG_WITH_IDS_seed4,FOG_WITH_IDS,4,fog-2,1000.000,0.040000
FOG_WITH_IDS_seed4,FOG_WITH_IDS,4,fog-3,1000.000,0.040000
FOG_WITH_IDS_seed4,FOG_WITH_IDS,4,cloud,1025.000,0.000000
FOG_WITH_IDS_seed4,FOG_WITH_IDS,4,proxy,1025.000,0.000000
FOG_WITH_IDS_seed4,FOG_WITH_IDS,4,fog-1,1025.000,0.480000
FOG_WITH_IDS_seed4,FOG_WITH_IDS,4,fog-2,1025.000,0.080000
FOG_WITH_IDS_seed4,FOG_WITH_IDS,4,fog-3,1025.000,0.480000
FOG_WITH_IDS_seed4,FOG_WITH_IDS,4,cloud,1050.000,0.000000
FOG_WITH_IDS_seed4,FOG_WITH_IDS,4,proxy,1050.000,0.000000
FOG_WITH_IDS_seed4,FOG_WITH_IDS,4,fog-1,1050.000,0.000000
FOG_WITH_IDS_seed4,FOG_WITH_IDS,4,fog-2,1050.000,0.000000
FOG_WITH_IDS_seed4,FOG_WITH_IDS,4,fog-3,1050.000,0.000000
FOG_WITH_IDS_seed4,FOG_WITH_IDS,4,cloud,1075.000,0.000000
FOG_WITH_IDS_seed4,FOG_WITH_IDS,4,proxy,1075.000,0.000000
FOG_WITH_IDS_seed4,FOG_WITH_IDS,4,fog-1,1075.000,0.440000
FOG_WITH_IDS_seed4,FOG_WITH_IDS,4,fog-2,1075.000,0.040000
FOG_WITH_IDS_seed4,FOG_WITH_IDS,4,fog-3,1075.000,0.440000
FOG_WITH_IDS_seed4,FOG_WITH_IDS,4,cloud,1100.000,0.000000
FOG_WITH_IDS_seed4,FOG_WITH_IDS,4,proxy,1100.000,0.000000
FOG_WITH_IDS_seed4,FOG_WITH_IDS,4,fog-1,1100.000,0.040000
FOG_WITH_IDS_seed4,FOG_WITH_IDS,4,fog-2,1100.000,0.040000
FOG_WITH_IDS_seed4,FOG_WITH_IDS,4,fog-3,1100.000,0.040000
FOG_WITH_IDS_seed4,FOG_WITH_IDS,4,cloud,1125.000,0.000000
FOG_WITH_IDS_seed4,FOG_WITH_IDS,4,proxy,1125.000,0.000000
FOG_WITH_IDS_seed4,FOG_WITH_IDS,4,fog-1,1125.000,0.480000
FOG_WITH_IDS_seed4,FOG_WITH_IDS,4,fog-2,1125.000,0.080000
FOG_WITH_IDS_seed4,FOG_WITH_IDS,4,fog-3,1125.000,0.480000
FOG_WITH_IDS_seed4,FOG_WITH_IDS,4,cloud,1150.000,0.000000
FOG_WITH_IDS_seed4,FOG_WITH_IDS,4,proxy,1150.000,0.000000
FOG_WITH_IDS_seed4,FOG_WITH_IDS,4,fog-1,1150.000,0.000000
FOG_WITH_IDS_seed4,FOG_WITH_IDS,4,fog-2,1150.000,0.000000
FOG_WITH_IDS_seed4,FOG_WITH_IDS,4,fog-3,1150.000,0.000000
FOG_WITH_IDS_seed4,FOG_WITH_IDS,4,cloud,1175.000,0.000000
FOG_WITH_IDS_seed4,FOG_WITH_IDS,4,proxy,1175.000,0.000000
FOG_WITH_IDS_seed4,FOG_WITH_IDS,4,fog-1,1175.000,0.440000
FOG_WITH_IDS_seed4,FOG_WITH_IDS,4,fog-2,1175.000,0.040000
FOG_WITH_IDS_seed4,FOG_WITH_IDS,4,fog-3,1175.000,0.440000
FOG_WITH_IDS_seed4,FOG_WITH_IDS,4,cloud,1200.000,0.000000
FOG_WITH_IDS_seed4,FOG_WITH_IDS,4,proxy,1200.000,0.000000
FOG_WITH_IDS_seed4,FOG_WITH_IDS,4,fog-1,1200.000,0.040000
FOG_WITH_IDS_seed4,FOG_WITH_IDS,4,fog-2,1200.000,0.040000
FOG_WITH_IDS_seed4,FOG_WITH_IDS,4,fog-3,1200.000,0.040000
FOG_WITH_IDS_seed4,FOG_WITH_IDS,4,cloud,1225.000,0.000000
FOG_WITH_IDS_seed4,FOG_WITH_IDS,4,proxy,1225.000,0.000000
FOG_WITH_IDS_seed4,FOG_WITH_IDS,4,fog-1,1225.000,0.480000
FOG_WITH_IDS_seed4,FOG_WITH_IDS,4,fog-2,1225.000,0.080000
FOG_WITH_IDS_seed4,FOG_WITH_IDS,4,fog-3,1225.000,0.480000
FOG_WITH_IDS_seed4,FOG_WITH_IDS,4,cloud,1250.000,0.000000
FOG_WITH_IDS_seed4,FOG_WITH_IDS,4,proxy,1250.000,0.000000
FOG_WITH_IDS_seed4,FOG_WITH_IDS,4,fog-1,1250.000,0.000000
FOG_WITH_IDS_seed4,FOG_WITH_IDS,4,fog-2,1250.000,0.000000
FOG_WITH_IDS_seed4,FOG_WITH_IDS,4,fog-3,1250.000,0.000000
FOG_WITH_IDS_seed4,FOG_WITH_IDS,4,cloud,1275.000,0.000000
FOG_WITH_IDS_seed4,FOG_WITH_IDS,4,proxy,1275.000,0.000000
FOG_WITH_IDS_seed4,FOG_WITH_IDS,4,fog-1,1275.000,0.440000
FOG_WITH_IDS_seed4,FOG_WITH_IDS,4,fog-2,1275.000,0.040000
FOG_WITH_IDS_seed4,FOG_WITH_IDS,4,fog-3,1275.000,0.440000
FOG_WITH_IDS_seed4,FOG_WITH_IDS,4,cloud,1300.000,0.000000
FOG_WITH_IDS_seed4,FOG_WITH_IDS,4,proxy,1300.000,0.000000
FOG_WITH_IDS_seed4,FOG_WITH_IDS,4,fog-1,1300.000,0.040000
FOG_WITH_IDS_seed4,FOG_WITH_IDS,4,fog-2,1300.000,0.040000
FOG_WITH_IDS_seed4,FOG_WITH_IDS,4,fog-3,1300.000,0.040000
FOG_WITH_IDS_seed4,FOG_WITH_IDS,4,cloud,1325.000,0.000000
FOG_WITH_IDS_seed4,FOG_WITH_IDS,4,proxy,1325.000,0.000000
FOG_WITH_IDS_seed4,FOG_WITH_IDS,4,fog-1,1325.000,0.480000
FOG_WITH_IDS_seed4,FOG_WITH_IDS,4,fog-2,1325.000,0.080000
FOG_WITH_IDS_seed4,FOG_WITH_IDS,4,fog-3,1325.000,0.480000
FOG_WITH_IDS_seed4,FOG_WITH_IDS,4,cloud,1350.000,0.000000
FOG_WITH_IDS_seed4,FOG_WITH_IDS,4,proxy,1350.000,0.000000
FOG_WITH_IDS_seed4,FOG_WITH_IDS,4,fog-1,1350.000,0.000000
FOG_WITH_IDS_seed4,FOG_WITH_IDS,4,fog-2,1350.000,0.000000
FOG_WITH_IDS_seed4,FOG_WITH_IDS,4,fog-3,1350.000,0.000000
FOG_WITH_IDS_seed4,FOG_WITH_IDS,4,cloud,1375.000,0.000000
FOG_WITH_IDS_seed4,FOG_WITH_IDS,4,proxy,1375.000,0.000000
FOG_WITH_IDS_seed4,FOG_WITH_IDS,4,fog-1,1375.000,0.440000
FOG_WITH_IDS_seed4,FOG_WITH_IDS,4,fog-2,1375.000,0.040000
FOG_WITH_IDS_seed4,FOG_WITH_IDS,4,fog-3,1375.000,0.440000
FOG_WITH_IDS_seed4,FOG_WITH_IDS,4,cloud,1400.000,0.000000
FOG_WITH_IDS_seed4,FOG_WITH_IDS,4,proxy,1400.000,0.000000
FOG_WITH_IDS_seed4,FOG_WITH_IDS,4,fog-1,1400.000,0.040000
FOG_WITH_IDS_seed4,FOG_WITH_IDS,4,fog-2,1400.000,0.040000
FOG_WITH_IDS_seed4,FOG_WITH_IDS,4,fog-3,1400.000,0.040000
FOG_WITH_IDS_seed4,FOG_WITH_IDS,4,cloud,1425.000,0.000000
FOG_WITH_IDS_seed4,FOG_WITH_IDS,4,proxy,1425.000,0.000000
FOG_WITH_IDS_seed4,FOG_WITH_IDS,4,fog-1,1425.000,0.480000
FOG_WITH_IDS_seed4,FOG_WITH_IDS,4,fog-2,1425.000,0.080000
FOG_WITH_IDS_seed4,FOG_WITH_IDS,4,fog-3,1425.000,0.480000
FOG_WITH_IDS_seed4,FOG_WITH_IDS,4,cloud,1450.000,0.000000
FOG_WITH_IDS_seed4,FOG_WITH_IDS,4,proxy,1450.000,0.000000
FOG_WITH_IDS_seed4,FOG_WITH_IDS,4,fog-1,1450.000,0.000000
FOG_WITH_IDS_seed4,FOG_WITH_IDS,4,fog-2,1450.000,0.000000
FOG_WITH_IDS_seed4,FOG_WITH_IDS,4,fog-3,1450.000,0.000000
FOG_WITH_IDS_seed4,FOG_WITH_IDS,4,cloud,1475.000,0.000000
FOG_WITH_IDS_seed4,FOG_WITH_IDS,4,proxy,1475.000,0.000000
FOG_WITH_IDS_seed4,FOG_WITH_IDS,4,fog-1,1475.000,0.440000
FOG_WITH_IDS_seed4,FOG_WITH_IDS,4,fog-2,1475.000,0.040000
FOG_WITH_IDS_seed4,FOG_WITH_IDS,4,fog-3,1475.000,0.440000
FOG_WITH_IDS_seed4,FOG_WITH_IDS,4,cloud,1500.000,0.000000
FOG_WITH_IDS_seed4,FOG_WITH_IDS,4,proxy,1500.000,0.000000
FOG_WITH_IDS_seed4,FOG_WITH_IDS,4,fog-1,1500.000,0.040000
FOG_WITH_IDS_seed4,FOG_WITH_IDS,4,fog-2,1500.000,0.040000
FOG_WITH_IDS_seed4,FOG_WITH_IDS,4,fog-3,1500.000,0.040000
FOG_WITH_IDS_seed4,FOG_WITH_IDS,4,cloud,1525.000,0.000000
FOG_WITH_IDS_seed4,FOG_WITH_IDS,4,proxy,1525.000,0.000000
FOG_WITH_IDS_seed4,FOG_WITH_IDS,4,fog-1,1525.000,0.480000
FOG_WITH_IDS_seed4,FOG_WITH_IDS,4,fog-2,1525.000,0.080000
FOG_WITH_IDS_seed4,FOG_WITH_IDS,4,fog-3,1525.000,0.480000
FOG_WITH_IDS_seed4,FOG_WITH_IDS,4,cloud,1550.000,0.000000
FOG_WITH_IDS_seed4,FOG_WITH_IDS,4,proxy,1550.000,0.000000
FOG_WITH_IDS_seed4,FOG_WITH_IDS,4,fog-1,1550.000,0.000000
FOG_WITH_IDS_seed4,FOG_WITH_IDS,4,fog-2,1550.000,0.000000
FOG_WITH_IDS_seed4,FOG_WITH_IDS,4,fog-3,1550.000,0.000000
FOG_WITH_IDS_seed4,FOG_WITH_IDS,4,cloud,1575.000,0.000000
FOG_WITH_IDS_seed4,FOG_WITH_IDS,4,proxy,1575.000,0.000000
FOG_WITH_IDS_seed4,FOG_WITH_IDS,4,fog-1,1575.000,0.440000
FOG_WITH_IDS_seed4,FOG_WITH_IDS,4,fog-2,1575.000,0.040000
FOG_WITH_IDS_seed4,FOG_WITH_IDS,4,fog-3,1575.000,0.440000
FOG_WITH_IDS_seed4,FOG_WITH_IDS,4,cloud,1600.000,0.000000
FOG_WITH_IDS_seed4,FOG_WITH_IDS,4,proxy,1600.000,0.000000
FOG_WITH_IDS_seed4,FOG_WITH_IDS,4,fog-1,1600.000,0.040000
FOG_WITH_IDS_seed4,FOG_WITH_IDS,4,fog-2,1600.000,0.040000
FOG_WITH_IDS_seed4,FOG_WITH_IDS,4,fog-3,1600.000,0.040000
FOG_WITH_IDS_seed4,FOG_WITH_IDS,4,cloud,1625.000,0.000000
FOG_WITH_IDS_seed4,FOG_WITH_IDS,4,proxy,1625.000,0.000000
FOG_WITH_IDS_seed4,FOG_WITH_IDS,4,fog-1,1625.000,0.480000
FOG_WITH_IDS_seed4,FOG_WITH_IDS,4,fog-2,1625.000,0.080000
FOG_WITH_IDS_seed4,FOG_WITH_IDS,4,fog-3,1625.000,0.480000
FOG_WITH_IDS_seed4,FOG_WITH_IDS,4,cloud,1650.000,0.000000
FOG_WITH_IDS_seed4,FOG_WITH_IDS,4,proxy,1650.000,0.000000
FOG_WITH_IDS_seed4,FOG_WITH_IDS,4,fog-1,1650.000,0.000000
FOG_WITH_IDS_seed4,FOG_WITH_IDS,4,fog-2,1650.000,0.000000
FOG_WITH_IDS_seed4,FOG_WITH_IDS,4,fog-3,1650.000,0.000000
FOG_WITH_IDS_seed4,FOG_WITH_IDS,4,cloud,1675.000,0.000000
FOG_WITH_IDS_seed4,FOG_WITH_IDS,4,proxy,1675.000,0.000000
FOG_WITH_IDS_seed4,FOG_WITH_IDS,4,fog-1,1675.000,0.440000
FOG_WITH_IDS_seed4,FOG_WITH_IDS,4,fog-2,1675.000,0.040000
FOG_WITH_IDS_seed4,FOG_WITH_IDS,4,fog-3,1675.000,0.440000
FOG_WITH_IDS_seed4,FOG_WITH_IDS,4,cloud,1700.000,0.000000
FOG_WITH_IDS_seed4,FOG_WITH_IDS,4,proxy,1700.000,0.000000
FOG_WITH_IDS_seed4,FOG_WITH_IDS,4,fog-1,1700.000,0.040000
FOG_WITH_IDS_seed4,FOG_WITH_IDS,4,fog-2,1700.000,0.040000
FOG_WITH_IDS_seed4,FOG_WITH_IDS,4,fog-3,1700.000,0.040000
FOG_WITH_IDS_seed4,FOG_WITH_IDS,4,cloud,1725.000,0.000000
FOG_WITH_IDS_seed4,FOG_WITH_IDS,4,proxy,1725.000,0.000000
FOG_WITH_IDS_seed4,FOG_WITH_IDS,4,fog-1,1725.000,0.480000
FOG_WITH_IDS_seed4,FOG_WITH_IDS,4,fog-2,1725.000,0.080000
FOG_WITH_IDS_seed4,FOG_WITH_IDS,4,fog-3,1725.000,0.480000
FOG_WITH_IDS_seed4,FOG_WITH_IDS,4,cloud,1750.000,0.000000
FOG_WITH_IDS_seed4,FOG_WITH_IDS,4,proxy,1750.000,0.000000
FOG_WITH_IDS_seed4,FOG_WITH_IDS,4,fog-1,1750.000,0.000000
FOG_WITH_IDS_seed4,FOG_WITH_IDS,4,fog-2,1750.000,0.000000
FOG_WITH_IDS_seed4,FOG_WITH_IDS,4,fog-3,1750.000,0.000000
FOG_WITH_IDS_seed4,FOG_WITH_IDS,4,cloud,1775.000,0.000000
FOG_WITH_IDS_seed4,FOG_WITH_IDS,4,proxy,1775.000,0.000000
FOG_WITH_IDS_seed4,FOG_WITH_IDS,4,fog-1,1775.000,0.440000
FOG_WITH_IDS_seed4,FOG_WITH_IDS,4,fog-2,1775.000,0.040000
FOG_WITH_IDS_seed4,FOG_WITH_IDS,4,fog-3,1775.000,0.440000
FOG_WITH_IDS_seed4,FOG_WITH_IDS,4,cloud,1800.000,0.000000
FOG_WITH_IDS_seed4,FOG_WITH_IDS,4,proxy,1800.000,0.000000
FOG_WITH_IDS_seed4,FOG_WITH_IDS,4,fog-1,1800.000,0.040000
FOG_WITH_IDS_seed4,FOG_WITH_IDS,4,fog-2,1800.000,0.040000
FOG_WITH_IDS_seed4,FOG_WITH_IDS,4,fog-3,1800.000,0.040000
FOG_WITH_IDS_seed4,FOG_WITH_IDS,4,cloud,1825.000,0.000000
FOG_WITH_IDS_seed4,FOG_WITH_IDS,4,proxy,1825.000,0.000000
FOG_WITH_IDS_seed4,FOG_WITH_IDS,4,fog-1,1825.000,0.480000
FOG_WITH_IDS_seed4,FOG_WITH_IDS,4,fog-2,1825.000,0.080000
FOG_WITH_IDS_seed4,FOG_WITH_IDS,4,fog-3,1825.000,0.480000
FOG_WITH_IDS_seed4,FOG_WITH_IDS,4,cloud,1850.000,0.000000
FOG_WITH_IDS_seed4,FOG_WITH_IDS,4,proxy,1850.000,0.000000
FOG_WITH_IDS_seed4,FOG_WITH_IDS,4,fog-1,1850.000,0.000000
FOG_WITH_IDS_seed4,FOG_WITH_IDS,4,fog-2,1850.000,0.000000
FOG_WITH_IDS_seed4,FOG_WITH_IDS,4,fog-3,1850.000,0.000000
FOG_WITH_IDS_seed4,FOG_WITH_IDS,4,cloud,1875.000,0.000000
FOG_WITH_IDS_seed4,FOG_WITH_IDS,4,proxy,1875.000,0.000000
FOG_WITH_IDS_seed4,FOG_WITH_IDS,4,fog-1,1875.000,0.440000
FOG_WITH_IDS_seed4,FOG_WITH_IDS,4,fog-2,1875.000,0.040000
FOG_WITH_IDS_seed4,FOG_WITH_IDS,4,fog-3,1875.000,0.440000
FOG_WITH_IDS_seed4,FOG_WITH_IDS,4,cloud,1900.000,0.000000
FOG_WITH_IDS_seed4,FOG_WITH_IDS,4,proxy,1900.000,0.000000
FOG_WITH_IDS_seed4,FOG_WITH_IDS,4,fog-1,1900.000,0.040000
FOG_WITH_IDS_seed4,FOG_WITH_IDS,4,fog-2,1900.000,0.040000
FOG_WITH_IDS_seed4,FOG_WITH_IDS,4,fog-3,1900.000,0.040000
FOG_WITH_IDS_seed4,FOG_WITH_IDS,4,cloud,1925.000,0.000000
FOG_WITH_IDS_seed4,FOG_WITH_IDS,4,proxy,1925.000,0.000000
FOG_WITH_IDS_seed4,FOG_WITH_IDS,4,fog-1,1925.000,0.480000
FOG_WITH_IDS_seed4,FOG_WITH_IDS,4,fog-2,1925.000,0.080000
FOG_WITH_IDS_seed4,FOG_WITH_IDS,4,fog-3,1925.000,0.480000
FOG_WITH_IDS_seed4,FOG_WITH_IDS,4,cloud,1950.000,0.000000
FOG_WITH_IDS_seed4,FOG_WITH_IDS,4,proxy,1950.000,0.000000
FOG_WITH_IDS_seed4,FOG_WITH_IDS,4,fog-1,1950.000,0.000000
FOG_WITH_IDS_seed4,FOG_WITH_IDS,4,fog-2,1950.000,0.000000
FOG_WITH_IDS_seed4,FOG_WITH_IDS,4,fog-3,1950.000,0.000000
FOG_WITH_IDS_seed4,FOG_WITH_IDS,4,cloud,1975.000,0.000000
FOG_WITH_IDS_seed4,FOG_WITH_IDS,4,proxy,1975.000,0.000000
FOG_WITH_IDS_seed4,FOG_WITH_IDS,4,fog-1,1975.000,0.440000
FOG_WITH_IDS_seed4,FOG_WITH_IDS,4,fog-2,1975.000,0.040000
FOG_WITH_IDS_seed4,FOG_WITH_IDS,4,fog-3,1975.000,0.440000
FOG_WITH_IDS_seed4,FOG_WITH_IDS,4,cloud,2000.000,0.000000
FOG_WITH_IDS_seed4,FOG_WITH_IDS,4,proxy,2000.000,0.000000
FOG_WITH_IDS_seed4,FOG_WITH_IDS,4,fog-1,2000.000,0.040000
FOG_WITH_IDS_seed4,FOG_WITH_IDS,4,fog-2,2000.000,0.040000
FOG_WITH_IDS_seed4,FOG_WITH_IDS,4,fog-3,2000.000,0.040000
FOG_WITH_IDS_seed4,FOG_WITH_IDS,4,cloud,2025.000,0.000000
FOG_WITH_IDS_seed4,FOG_WITH_IDS,4,proxy,2025.000,0.000000
FOG_WITH_IDS_seed4,FOG_WITH_IDS,4,fog-1,2025.000,0.480000
FOG_WITH_IDS_seed4,FOG_WITH_IDS,4,fog-2,2025.000,0.080000
FOG_WITH_IDS_seed4,FOG_WITH_IDS,4,fog-3,2025.000,0.480000
FOG_WITH_IDS_seed4,FOG_WITH_IDS,4,cloud,2050.000,0.000000
FOG_WITH_IDS_seed4,FOG_WITH_IDS,4,proxy,2050.000,0.000000
FOG_WITH_IDS_seed4,FOG_WITH_IDS,4,fog-1,2050.000,0.000000
FOG_WITH_IDS_seed4,FOG_WITH_IDS,4,fog-2,2050.000,0.000000
FOG_WITH_IDS_seed4,FOG_WITH_IDS,4,fog-3,2050.000,0.000000
FOG_WITH_IDS_seed4,FOG_WITH_IDS,4,cloud,2075.000,0.000000
FOG_WITH_IDS_seed4,FOG_WITH_IDS,4,proxy,2075.000,0.000000
FOG_WITH_IDS_seed4,FOG_WITH_IDS,4,fog-1,2075.000,0.440000
FOG_WITH_IDS_seed4,FOG_WITH_IDS,4,fog-2,2075.000,0.040000
FOG_WITH_IDS_seed4,FOG_WITH_IDS,4,fog-3,2075.000,0.440000
FOG_WITH_IDS_seed4,FOG_WITH_IDS,4,cloud,2100.000,0.000000
FOG_WITH_IDS_seed4,FOG_WITH_IDS,4,proxy,2100.000,0.000000
FOG_WITH_IDS_seed4,FOG_WITH_IDS,4,fog-1,2100.000,0.040000
FOG_WITH_IDS_seed4,FOG_WITH_IDS,4,fog-2,2100.000,0.040000
FOG_WITH_IDS_seed4,FOG_WITH_IDS,4,fog-3,2100.000,0.040000
FOG_WITH_IDS_seed4,FOG_WITH_IDS,4,cloud,2125.000,0.000000
FOG_WITH_IDS_seed4,FOG_WITH_IDS,4,proxy,2125.000,0.000000
FOG_WITH_IDS_seed4,FOG_WITH_IDS,4,fog-1,2125.000,0.480000
FOG_WITH_IDS_seed4,FOG_WITH_IDS,4,fog-2,2125.000,0.080000
FOG_WITH_IDS_seed4,FOG_WITH_IDS,4,fog-3,2125.000,0.480000
FOG_WITH_IDS_seed4,FOG_WITH_IDS,4,cloud,2150.000,0.000000
FOG_WITH_IDS_seed4,FOG_WITH_IDS,4,proxy,2150.000,0.000000
FOG_WITH_IDS_seed4,FOG_WITH_IDS,4,fog-1,2150.000,0.000000
FOG_WITH_IDS_seed4,FOG_WITH_IDS,4,fog-2,2150.000,0.000000
FOG_WITH_IDS_seed4,FOG_WITH_IDS,4,fog-3,2150.000,0.000000
FOG_WITH_IDS_seed4,FOG_WITH_IDS,4,cloud,2175.000,0.000000
FOG_WITH_IDS_seed4,FOG_WITH_IDS,4,proxy,2175.000,0.000000
FOG_WITH_IDS_seed4,FOG_WITH_IDS,4,fog-1,2175.000,0.440000
FOG_WITH_IDS_seed4,FOG_WITH_IDS,4,fog-2,2175.000,0.040000
FOG_WITH_IDS_seed4,FOG_WITH_IDS,4,fog-3,2175.000,0.440000
FOG_WITH_IDS_seed4,FOG_WITH_IDS,4,cloud,2200.000,0.000000
FOG_WITH_IDS_seed4,FOG_WITH_IDS,4,proxy,2200.000,0.000000
FOG_WITH_IDS_seed4,FOG_WITH_IDS,4,fog-1,2200.000,0.040000
FOG_WITH_IDS_seed4,FOG_WITH_IDS,4,fog-2,2200.000,0.040000
FOG_WITH_IDS_seed4,FOG_WITH_IDS,4,fog-3,2200.000,0.040000
FOG_WITH_IDS_seed4,FOG_WITH_IDS,4,cloud,2225.000,0.000000
FOG_WITH_IDS_seed4,FOG_WITH_IDS,4,proxy,2225.000,0.000000
FOG_WITH_IDS_seed4,FOG_WITH_IDS,4,fog-1,2225.000,0.480000
FOG_WITH_IDS_seed4,FOG_WITH_IDS,4,fog-2,2225.000,0.080000
FOG_WITH_IDS_seed4,FOG_WITH_IDS,4,fog-3,2225.000,0.480000
FOG_WITH_IDS_seed4,FOG_WITH_IDS,4,cloud,2250.000,0.000000
FOG_WITH_IDS_seed4,FOG_WITH_IDS,4,proxy,2250.000,0.000000
FOG_WITH_IDS_seed4,FOG_WITH_IDS,4,fog-1,2250.000,0.000000
FOG_WITH_IDS_seed4,FOG_WITH_IDS,4,fog-2,2250.000,0.000000
FOG_WITH_IDS_seed4,FOG_WITH_IDS,4,fog-3,2250.000,0.000000
FOG_WITH_IDS_seed4,FOG_WITH_IDS,4,cloud,2275.000,0.000000
FOG_WITH_IDS_seed4,FOG_WITH_IDS,4,proxy,2275.000,0.000000
FOG_WITH_IDS_seed4,FOG_WITH_IDS,4,fog-1,2275.000,0.440000
FOG_WITH_IDS_seed4,FOG_WITH_IDS,4,fog-2,2275.000,0.040000
FOG_WITH_IDS_seed4,FOG_WITH_IDS,4,fog-3,2275.000,0.440000
FOG_WITH_IDS_seed4,FOG_WITH_IDS,4,cloud,2300.000,0.000000
FOG_WITH_IDS_seed4,FOG_WITH_IDS,4,proxy,2300.000,0.000000
FOG_WITH_IDS_seed4,FOG_WITH_IDS,4,fog-1,2300.000,0.040000
FOG_WITH_IDS_seed4,FOG_WITH_IDS,4,fog-2,2300.000,0.040000
FOG_WITH_IDS_seed4,FOG_WITH_IDS,4,fog-3,2300.000,0.040000
FOG_WITH_IDS_seed4,FOG_WITH_IDS,4,cloud,2325.000,0.000000
FOG_WITH_IDS_seed4,FOG_WITH_IDS,4,proxy,2325.000,0.000000
FOG_WITH_IDS_seed4,FOG_WITH_IDS,4,fog-1,2325.000,0.480000
FOG_WITH_IDS_seed4,FOG_WITH_IDS,4,fog-2,2325.000,0.080000
FOG_WITH_IDS_seed4,FOG_WITH_IDS,4,fog-3,2325.000,0.480000
FOG_WITH_IDS_seed4,FOG_WITH_IDS,4,cloud,2350.000,0.000000
FOG_WITH_IDS_seed4,FOG_WITH_IDS,4,proxy,2350.000,0.000000
FOG_WITH_IDS_seed4,FOG_WITH_IDS,4,fog-1,2350.000,0.000000
FOG_WITH_IDS_seed4,FOG_WITH_IDS,4,fog-2,2350.000,0.000000
FOG_WITH_IDS_seed4,FOG_WITH_IDS,4,fog-3,2350.000,0.000000
FOG_WITH_IDS_seed4,FOG_WITH_IDS,4,cloud,2375.000,0.000000
FOG_WITH_IDS_seed4,FOG_WITH_IDS,4,proxy,2375.000,0.000000
FOG_WITH_IDS_seed4,FOG_WITH_IDS,4,fog-1,2375.000,0.440000
FOG_WITH_IDS_seed4,FOG_WITH_IDS,4,fog-2,2375.000,0.040000
FOG_WITH_IDS_seed4,FOG_WITH_IDS,4,fog-3,2375.000,0.440000
FOG_WITH_IDS_seed4,FOG_WITH_IDS,4,cloud,2400.000,0.000000
FOG_WITH_IDS_seed4,FOG_WITH_IDS,4,proxy,2400.000,0.000000
FOG_WITH_IDS_seed4,FOG_WITH_IDS,4,fog-1,2400.000,0.040000
FOG_WITH_IDS_seed4,FOG_WITH_IDS,4,fog-2,2400.000,0.040000
FOG_WITH_IDS_seed4,FOG_WITH_IDS,4,fog-3,2400.000,0.040000
FOG_WITH_IDS_seed4,FOG_WITH_IDS,4,cloud,2425.000,0.000000
FOG_WITH_IDS_seed4,FOG_WITH_IDS,4,proxy,2425.000,0.000000
FOG_WITH_IDS_seed4,FOG_WITH_IDS,4,fog-1,2425.000,0.480000
FOG_WITH_IDS_seed4,FOG_WITH_IDS,4,fog-2,2425.000,0.080000
FOG_WITH_IDS_seed4,FOG_WITH_IDS,4,fog-3,2425.000,0.480000
FOG_WITH_IDS_seed4,FOG_WITH_IDS,4,cloud,2450.000,0.000000
FOG_WITH_IDS_seed4,FOG_WITH_IDS,4,proxy,2450.000,0.000000
FOG_WITH_IDS_seed4,FOG_WITH_IDS,4,fog-1,2450.000,0.000000
FOG_WITH_IDS_seed4,FOG_WITH_IDS,4,fog-2,2450.000,0.000000
FOG_WITH_IDS_seed4,FOG_WITH_IDS,4,fog-3,2450.000,0.000000
FOG_WITH_IDS_seed4,FOG_WITH_IDS,4,cloud,2475.000,0.000000
FOG_WITH_IDS_seed4,FOG_WITH_IDS,4,proxy,2475.000,0.000000
FOG_WITH_IDS_seed4,FOG_WITH_IDS,4,fog-1,2475.000,0.440000
FOG_WITH_IDS_seed4,FOG_WITH_IDS,4,fog-2,2475.000,0.040000
FOG_WITH_IDS_seed4,FOG_WITH_IDS,4,fog-3,2475.000,0.440000
FOG_WITH_IDS_seed4,FOG_WITH_IDS,4,cloud,2500.000,0.000000
FOG_WITH_IDS_seed4,FOG_WITH_IDS,4,proxy,2500.000,0.000000
FOG_WITH_IDS_seed4,FOG_WITH_IDS,4,fog-1,2500.000,0.040000
FOG_WITH_IDS_seed4,FOG_WITH_IDS,4,fog-2,2500.000,0.040000
FOG_WITH_IDS_seed4,FOG_WITH_IDS,4,fog-3,2500.000,0.040000
FOG_WITH_IDS_seed4,FOG_WITH_IDS,4,cloud,2525.000,0.000000
FOG_WITH_IDS_seed4,FOG_WITH_IDS,4,proxy,2525.000,0.000000
FOG_WITH_IDS_seed4,FOG_WITH_IDS,4,fog-1,2525.000,0.480000
FOG_WITH_IDS_seed4,FOG_WITH_IDS,4,fog-2,2525.000,0.080000
FOG_WITH_IDS_seed4,FOG_WITH_IDS,4,fog-3,2525.000,0.480000
FOG_WITH_IDS_seed4,FOG_WITH_IDS,4,cloud,2550.000,0.000000
FOG_WITH_IDS_seed4,FOG_WITH_IDS,4,proxy,2550.000,0.000000
FOG_WITH_IDS_seed4,FOG_WITH_IDS,4,fog-1,2550.000,0.000000
FOG_WITH_IDS_seed4,FOG_WITH_IDS,4,fog-2,2550.000,0.000000
FOG_WITH_IDS_seed4,FOG_WITH_IDS,4,fog-3,2550.000,0.000000
FOG_WITH_IDS_seed4,FOG_WITH_IDS,4,cloud,2575.000,0.000000
FOG_WITH_IDS_seed4,FOG_WITH_IDS,4,proxy,2575.000,0.000000
FOG_WITH_IDS_seed4,FOG_WITH_IDS,4,fog-1,2575.000,0.440000
FOG_WITH_IDS_seed4,FOG_WITH_IDS,4,fog-2,2575.000,0.040000
FOG_WITH_IDS_seed4,FOG_WITH_IDS,4,fog-3,2575.000,0.440000
FOG_WITH_IDS_seed4,FOG_WITH_IDS,4,cloud,2600.000,0.000000
FOG_WITH_IDS_seed4,FOG_WITH_IDS,4,proxy,2600.000,0.000000
FOG_WITH_IDS_seed4,FOG_WITH_IDS,4,fog-1,2600.000,0.040000
FOG_WITH_IDS_seed4,FOG_WITH_IDS,4,fog-2,2600.000,0.040000
FOG_WITH_IDS_seed4,FOG_WITH_IDS,4,fog-3,2600.000,0.040000
FOG_WITH_IDS_seed4,FOG_WITH_IDS,4,cloud,2625.000,0.000000
FOG_WITH_IDS_seed4,FOG_WITH_IDS,4,proxy,2625.000,0.000000
FOG_WITH_IDS_seed4,FOG_WITH_IDS,4,fog-1,2625.000,0.480000
FOG_WITH_IDS_seed4,FOG_WITH_IDS,4,fog-2,2625.000,0.080000
FOG_WITH_IDS_seed4,FOG_WITH_IDS,4,fog-3,2625.000,0.480000
FOG_WITH_IDS_seed4,FOG_WITH_IDS,4,cloud,2650.000,0.000000
FOG_WITH_IDS_seed4,FOG_WITH_IDS,4,proxy,2650.000,0.000000
FOG_WITH_IDS_seed4,FOG_WITH_IDS,4,fog-1,2650.000,0.000000
FOG_WITH_IDS_seed4,FOG_WITH_IDS,4,fog-2,2650.000,0.000000
FOG_WITH_IDS_seed4,FOG_WITH_IDS,4,fog-3,2650.000,0.000000
FOG_WITH_IDS_seed4,FOG_WITH_IDS,4,cloud,2675.000,0.000000
FOG_WITH_IDS_seed4,FOG_WITH_IDS,4,proxy,2675.000,0.000000
FOG_WITH_IDS_seed4,FOG_WITH_IDS,4,fog-1,2675.000,0.440000
FOG_WITH_IDS_seed4,FOG_WITH_IDS,4,fog-2,2675.000,0.040000
FOG_WITH_IDS_seed4,FOG_WITH_IDS,4,fog-3,2675.000,0.440000
FOG_WITH_IDS_seed4,FOG_WITH_IDS,4,cloud,2700.000,0.000000
FOG_WITH_IDS_seed4,FOG_WITH_IDS,4,proxy,2700.000,0.000000
FOG_WITH_IDS_seed4,FOG_WITH_IDS,4,fog-1,2700.000,0.040000
FOG_WITH_IDS_seed4,FOG_WITH_IDS,4,fog-2,2700.000,0.040000
FOG_WITH_IDS_seed4,FOG_WITH_IDS,4,fog-3,2700.000,0.040000
FOG_WITH_IDS_seed4,FOG_WITH_IDS,4,cloud,2725.000,0.000000
FOG_WITH_IDS_seed4,FOG_WITH_IDS,4,proxy,2725.000,0.000000
FOG_WITH_IDS_seed4,FOG_WITH_IDS,4,fog-1,2725.000,0.480000
FOG_WITH_IDS_seed4,FOG_WITH_IDS,4,fog-2,2725.000,0.080000
FOG_WITH_IDS_seed4,FOG_WITH_IDS,4,fog-3,2725.000,0.480000
FOG_WITH_IDS_seed4,FOG_WITH_IDS,4,cloud,2750.000,0.000000
FOG_WITH_IDS_seed4,FOG_WITH_IDS,4,proxy,2750.000,0.000000
FOG_WITH_IDS_seed4,FOG_WITH_IDS,4,fog-1,2750.000,0.000000
FOG_WITH_IDS_seed4,FOG_WITH_IDS,4,fog-2,2750.000,0.000000
FOG_WITH_IDS_seed4,FOG_WITH_IDS,4,fog-3,2750.000,0.000000
FOG_WITH_IDS_seed4,FOG_WITH_IDS,4,cloud,2775.000,0.000000
FOG_WITH_IDS_seed4,FOG_WITH_IDS,4,proxy,2775.000,0.000000
FOG_WITH_IDS_seed4,FOG_WITH_IDS,4,fog-1,2775.000,0.440000
FOG_WITH_IDS_seed4,FOG_WITH_IDS,4,fog-2,2775.000,0.040000
FOG_WITH_IDS_seed4,FOG_WITH_IDS,4,fog-3,2775.000,0.440000
FOG_WITH_IDS_seed4,FOG_WITH_IDS,4,cloud,2800.000,0.000000
FOG_WITH_IDS_seed4,FOG_WITH_IDS,4,proxy,2800.000,0.000000
FOG_WITH_IDS_seed4,FOG_WITH_IDS,4,fog-1,2800.000,0.040000
FOG_WITH_IDS_seed4,FOG_WITH_IDS,4,fog-2,2800.000,0.040000
FOG_WITH_IDS_seed4,FOG_WITH_IDS,4,fog-3,2800.000,0.040000
FOG_WITH_IDS_seed4,FOG_WITH_IDS,4,cloud,2825.000,0.000000
FOG_WITH_IDS_seed4,FOG_WITH_IDS,4,proxy,2825.000,0.000000
FOG_WITH_IDS_seed4,FOG_WITH_IDS,4,fog-1,2825.000,0.480000
FOG_WITH_IDS_seed4,FOG_WITH_IDS,4,fog-2,2825.000,0.080000
FOG_WITH_IDS_seed4,FOG_WITH_IDS,4,fog-3,2825.000,0.480000
FOG_WITH_IDS_seed4,FOG_WITH_IDS,4,cloud,2850.000,0.000000
FOG_WITH_IDS_seed4,FOG_WITH_IDS,4,proxy,2850.000,0.000000
FOG_WITH_IDS_seed4,FOG_WITH_IDS,4,fog-1,2850.000,0.000000
FOG_WITH_IDS_seed4,FOG_WITH_IDS,4,fog-2,2850.000,0.000000
FOG_WITH_IDS_seed4,FOG_WITH_IDS,4,fog-3,2850.000,0.000000
FOG_WITH_IDS_seed4,FOG_WITH_IDS,4,cloud,2875.000,0.000000
FOG_WITH_IDS_seed4,FOG_WITH_IDS,4,proxy,2875.000,0.000000
FOG_WITH_IDS_seed4,FOG_WITH_IDS,4,fog-1,2875.000,0.440000
FOG_WITH_IDS_seed4,FOG_WITH_IDS,4,fog-2,2875.000,0.040000
FOG_WITH_IDS_seed4,FOG_WITH_IDS,4,fog-3,2875.000,0.440000
FOG_WITH_IDS_seed4,FOG_WITH_IDS,4,cloud,2900.000,0.000000
FOG_WITH_IDS_seed4,FOG_WITH_IDS,4,proxy,2900.000,0.000000
FOG_WITH_IDS_seed4,FOG_WITH_IDS,4,fog-1,2900.000,0.040000
FOG_WITH_IDS_seed4,FOG_WITH_IDS,4,fog-2,2900.000,0.040000
FOG_WITH_IDS_seed4,FOG_WITH_IDS,4,fog-3,2900.000,0.040000
FOG_WITH_IDS_seed4,FOG_WITH_IDS,4,cloud,2925.000,0.000000
FOG_WITH_IDS_seed4,FOG_WITH_IDS,4,proxy,2925.000,0.000000
FOG_WITH_IDS_seed4,FOG_WITH_IDS,4,fog-1,2925.000,0.480000
FOG_WITH_IDS_seed4,FOG_WITH_IDS,4,fog-2,2925.000,0.080000
FOG_WITH_IDS_seed4,FOG_WITH_IDS,4,fog-3,2925.000,0.480000
FOG_WITH_IDS_seed4,FOG_WITH_IDS,4,cloud,2950.000,0.000000
FOG_WITH_IDS_seed4,FOG_WITH_IDS,4,proxy,2950.000,0.000000
FOG_WITH_IDS_seed4,FOG_WITH_IDS,4,fog-1,2950.000,0.000000
FOG_WITH_IDS_seed4,FOG_WITH_IDS,4,fog-2,2950.000,0.000000
FOG_WITH_IDS_seed4,FOG_WITH_IDS,4,fog-3,2950.000,0.000000
FOG_WITH_IDS_seed4,FOG_WITH_IDS,4,cloud,2975.000,0.000000
FOG_WITH_IDS_seed4,FOG_WITH_IDS,4,proxy,2975.000,0.000000
FOG_WITH_IDS_seed4,FOG_WITH_IDS,4,fog-1,2975.000,0.440000
FOG_WITH_IDS_seed4,FOG_WITH_IDS,4,fog-2,2975.000,0.040000
FOG_WITH_IDS_seed4,FOG_WITH_IDS,4,fog-3,2975.000,0.440000
FOG_WITH_IDS_seed4,FOG_WITH_IDS,4,cloud,3000.000,0.000000
FOG_WITH_IDS_seed4,FOG_WITH_IDS,4,proxy,3000.000,0.000000
FOG_WITH_IDS_seed4,FOG_WITH_IDS,4,fog-1,3000.000,0.040000
FOG_WITH_IDS_seed4,FOG_WITH_IDS,4,fog-2,3000.000,0.040000
FOG_WITH_IDS_seed4,FOG_WITH_IDS,4,fog-3,3000.000,0.040000
FOG_WITH_IDS_seed4,FOG_WITH_IDS,4,cloud,3025.000,0.000000
FOG_WITH_IDS_seed4,FOG_WITH_IDS,4,proxy,3025.000,0.000000
FOG_WITH_IDS_seed4,FOG_WITH_IDS,4,fog-1,3025.000,0.480000
FOG_WITH_IDS_seed4,FOG_WITH_IDS,4,fog-2,3025.000,0.080000
FOG_WITH_IDS_seed4,FOG_WITH_IDS,4,fog-3,3025.000,0.480000
FOG_WITH_IDS_seed4,FOG_WITH_IDS,4,cloud,3050.000,0.000000
FOG_WITH_IDS_seed4,FOG_WITH_IDS,4,proxy,3050.000,0.000000
FOG_WITH_IDS_seed4,FOG_WITH_IDS,4,fog-1,3050.000,0.000000
FOG_WITH_IDS_seed4,FOG_WITH_IDS,4,fog-2,3050.000,0.000000
FOG_WITH_IDS_seed4,FOG_WITH_IDS,4,fog-3,3050.000,0.000000
FOG_WITH_IDS_seed4,FOG_WITH_IDS,4,cloud,3075.000,0.000000
FOG_WITH_IDS_seed4,FOG_WITH_IDS,4,proxy,3075.000,0.000000
FOG_WITH_IDS_seed4,FOG_WITH_IDS,4,fog-1,3075.000,0.440000
FOG_WITH_IDS_seed4,FOG_WITH_IDS,4,fog-2,3075.000,0.040000
FOG_WITH_IDS_seed4,FOG_WITH_IDS,4,fog-3,3075.000,0.440000
FOG_WITH_IDS_seed4,FOG_WITH_IDS,4,cloud,3100.000,0.000000
FOG_WITH_IDS_seed4,FOG_WITH_IDS,4,proxy,3100.000,0.000000
FOG_WITH_IDS_seed4,FOG_WITH_IDS,4,fog-1,3100.000,0.040000
FOG_WITH_IDS_seed4,FOG_WITH_IDS,4,fog-2,3100.000,0.040000
FOG_WITH_IDS_seed4,FOG_WITH_IDS,4,fog-3,3100.000,0.040000
FOG_WITH_IDS_seed4,FOG_WITH_IDS,4,cloud,3125.000,0.000000
FOG_WITH_IDS_seed4,FOG_WITH_IDS,4,proxy,3125.000,0.000000
FOG_WITH_IDS_seed4,FOG_WITH_IDS,4,fog-1,3125.000,0.480000
FOG_WITH_IDS_seed4,FOG_WITH_IDS,4,fog-2,3125.000,0.080000
FOG_WITH_IDS_seed4,FOG_WITH_IDS,4,fog-3,3125.000,0.480000
FOG_WITH_IDS_seed4,FOG_WITH_IDS,4,cloud,3150.000,0.000000
FOG_WITH_IDS_seed4,FOG_WITH_IDS,4,proxy,3150.000,0.000000
FOG_WITH_IDS_seed4,FOG_WITH_IDS,4,fog-1,3150.000,0.000000
FOG_WITH_IDS_seed4,FOG_WITH_IDS,4,fog-2,3150.000,0.000000
FOG_WITH_IDS_seed4,FOG_WITH_IDS,4,fog-3,3150.000,0.000000
FOG_WITH_IDS_seed4,FOG_WITH_IDS,4,cloud,3175.000,0.000000
FOG_WITH_IDS_seed4,FOG_WITH_IDS,4,proxy,3175.000,0.000000
FOG_WITH_IDS_seed4,FOG_WITH_IDS,4,fog-1,3175.000,0.440000
FOG_WITH_IDS_seed4,FOG_WITH_IDS,4,fog-2,3175.000,0.040000
FOG_WITH_IDS_seed4,FOG_WITH_IDS,4,fog-3,3175.000,0.440000
FOG_WITH_IDS_seed4,FOG_WITH_IDS,4,cloud,3200.000,0.000000
FOG_WITH_IDS_seed4,FOG_WITH_IDS,4,proxy,3200.000,0.000000
FOG_WITH_IDS_seed4,FOG_WITH_IDS,4,fog-1,3200.000,0.040000
FOG_WITH_IDS_seed4,FOG_WITH_IDS,4,fog-2,3200.000,0.040000
FOG_WITH_IDS_seed4,FOG_WITH_IDS,4,fog-3,3200.000,0.040000
FOG_WITH_IDS_seed4,FOG_WITH_IDS,4,cloud,3225.000,0.000000
FOG_WITH_IDS_seed4,FOG_WITH_IDS,4,proxy,3225.000,0.000000
FOG_WITH_IDS_seed4,FOG_WITH_IDS,4,fog-1,3225.000,0.480000
FOG_WITH_IDS_seed4,FOG_WITH_IDS,4,fog-2,3225.000,0.080000
FOG_WITH_IDS_seed4,FOG_WITH_IDS,4,fog-3,3225.000,0.480000
FOG_WITH_IDS_seed4,FOG_WITH_IDS,4,cloud,3250.000,0.000000
FOG_WITH_IDS_seed4,FOG_WITH_IDS,4,proxy,3250.000,0.000000
FOG_WITH_IDS_seed4,FOG_WITH_IDS,4,fog-1,3250.000,0.000000
FOG_WITH_IDS_seed4,FOG_WITH_IDS,4,fog-2,3250.000,0.000000
FOG_WITH_IDS_seed4,FOG_WITH_IDS,4,fog-3,3250.000,0.000000
FOG_WITH_IDS_seed4,FOG_WITH_IDS,4,cloud,3275.000,0.000000
FOG_WITH_IDS_seed4,FOG_WITH_IDS,4,proxy,3275.000,0.000000
FOG_WITH_IDS_seed4,FOG_WITH_IDS,4,fog-1,3275.000,0.440000
FOG_WITH_IDS_seed4,FOG_WITH_IDS,4,fog-2,3275.000,0.040000
FOG_WITH_IDS_seed4,FOG_WITH_IDS,4,fog-3,3275.000,0.440000
FOG_WITH_IDS_seed4,FOG_WITH_IDS,4,cloud,3300.000,0.000000
FOG_WITH_IDS_seed4,FOG_WITH_IDS,4,proxy,3300.000,0.000000
FOG_WITH_IDS_seed4,FOG_WITH_IDS,4,fog-1,3300.000,0.040000
FOG_WITH_IDS_seed4,FOG_WITH_IDS,4,fog-2,3300.000,0.040000
FOG_WITH_IDS_seed4,FOG_WITH_IDS,4,fog-3,3300.000,0.040000
FOG_WITH_IDS_seed4,FOG_WITH_IDS,4,cloud,3325.000,0.000000
FOG_WITH_IDS_seed4,FOG_WITH_IDS,4,proxy,3325.000,0.000000
FOG_WITH_IDS_seed4,FOG_WITH_IDS,4,fog-1,3325.000,0.480000
FOG_WITH_IDS_seed4,FOG_WITH_IDS,4,fog-2,3325.000,0.080000
FOG_WITH_IDS_seed4,FOG_WITH_IDS,4,fog-3,3325.000,0.480000
FOG_WITH_IDS_seed4,FOG_WITH_IDS,4,cloud,3350.000,0.000000
FOG_WITH_IDS_seed4,FOG_WITH_IDS,4,proxy,3350.000,0.000000
FOG_WITH_IDS_seed4,FOG_WITH_IDS,4,fog-1,3350.000,0.000000
FOG_WITH_IDS_seed4,FOG_WITH_IDS,4,fog-2,3350.000,0.000000
FOG_WITH_IDS_seed4,FOG_WITH_IDS,4,fog-3,3350.000,0.000000
FOG_WITH_IDS_seed4,FOG_WITH_IDS,4,cloud,3375.000,0.000000
FOG_WITH_IDS_seed4,FOG_WITH_IDS,4,proxy,3375.000,0.000000
FOG_WITH_IDS_seed4,FOG_WITH_IDS,4,fog-1,3375.000,0.440000
FOG_WITH_IDS_seed4,FOG_WITH_IDS,4,fog-2,3375.000,0.040000
FOG_WITH_IDS_seed4,FOG_WITH_IDS,4,fog-3,3375.000,0.440000
FOG_WITH_IDS_seed4,FOG_WITH_IDS,4,cloud,3400.000,0.000000
FOG_WITH_IDS_seed4,FOG_WITH_IDS,4,proxy,3400.000,0.000000
FOG_WITH_IDS_seed4,FOG_WITH_IDS,4,fog-1,3400.000,0.040000
FOG_WITH_IDS_seed4,FOG_WITH_IDS,4,fog-2,3400.000,0.040000
FOG_WITH_IDS_seed4,FOG_WITH_IDS,4,fog-3,3400.000,0.040000
FOG_WITH_IDS_seed4,FOG_WITH_IDS,4,cloud,3425.000,0.000000
FOG_WITH_IDS_seed4,FOG_WITH_IDS,4,proxy,3425.000,0.000000
FOG_WITH_IDS_seed4,FOG_WITH_IDS,4,fog-1,3425.000,0.480000
FOG_WITH_IDS_seed4,FOG_WITH_IDS,4,fog-2,3425.000,0.080000
FOG_WITH_IDS_seed4,FOG_WITH_IDS,4,fog-3,3425.000,0.480000
FOG_WITH_IDS_seed4,FOG_WITH_IDS,4,cloud,3450.000,0.000000
FOG_WITH_IDS_seed4,FOG_WITH_IDS,4,proxy,3450.000,0.000000
FOG_WITH_IDS_seed4,FOG_WITH_IDS,4,fog-1,3450.000,0.000000
FOG_WITH_IDS_seed4,FOG_WITH_IDS,4,fog-2,3450.000,0.000000
FOG_WITH_IDS_seed4,FOG_WITH_IDS,4,fog-3,3450.000,0.000000
FOG_WITH_IDS_seed4,FOG_WITH_IDS,4,cloud,3475.000,0.000000
FOG_WITH_IDS_seed4,FOG_WITH_IDS,4,proxy,3475.000,0.000000
FOG_WITH_IDS_seed4,FOG_WITH_IDS,4,fog-1,3475.000,0.440000
FOG_WITH_IDS_seed4,FOG_WITH_IDS,4,fog-2,3475.000,0.040000
FOG_WITH_IDS_seed4,FOG_WITH_IDS,4,fog-3,3475.000,0.440000
FOG_WITH_IDS_seed4,FOG_WITH_IDS,4,cloud,3500.000,0.000000
FOG_WITH_IDS_seed4,FOG_WITH_IDS,4,proxy,3500.000,0.000000
FOG_WITH_IDS_seed4,FOG_WITH_IDS,4,fog-1,3500.000,0.040000
FOG_WITH_IDS_seed4,FOG_WITH_IDS,4,fog-2,3500.000,0.040000
FOG_WITH_IDS_seed4,FOG_WITH_IDS,4,fog-3,3500.000,0.040000
FOG_WITH_IDS_seed4,FOG_WITH_IDS,4,cloud,3525.000,0.000000
FOG_WITH_IDS_seed4,FOG_WITH_IDS,4,proxy,3525.000,0.000000
FOG_WITH_IDS_seed4,FOG_WITH_IDS,4,fog-1,3525.000,0.480000
FOG_WITH_IDS_seed4,FOG_WITH_IDS,4,fog-2,3525.000,0.080000
FOG_WITH_IDS_seed4,FOG_WITH_IDS,4,fog-3,3525.000,0.480000
FOG_WITH_IDS_seed4,FOG_WITH_IDS,4,cloud,3550.000,0.000000
FOG_WITH_IDS_seed4,FOG_WITH_IDS,4,proxy,3550.000,0.000000
FOG_WITH_IDS_seed4,FOG_WITH_IDS,4,fog-1,3550.000,0.000000
FOG_WITH_IDS_seed4,FOG_WITH_IDS,4,fog-2,3550.000,0.000000
FOG_WITH_IDS_seed4,FOG_WITH_IDS,4,fog-3,3550.000,0.000000
FOG_WITH_IDS_seed4,FOG_WITH_IDS,4,cloud,3575.000,0.000000
FOG_WITH_IDS_seed4,FOG_WITH_IDS,4,proxy,3575.000,0.000000
FOG_WITH_IDS_seed4,FOG_WITH_IDS,4,fog-1,3575.000,0.440000
FOG_WITH_IDS_seed4,FOG_WITH_IDS,4,fog-2,3575.000,0.040000
FOG_WITH_IDS_seed4,FOG_WITH_IDS,4,fog-3,3575.000,0.440000
FOG_WITH_IDS_seed4,FOG_WITH_IDS,4,cloud,3600.000,0.000000
FOG_WITH_IDS_seed4,FOG_WITH_IDS,4,proxy,3600.000,0.000000
FOG_WITH_IDS_seed4,FOG_WITH_IDS,4,fog-1,3600.000,0.040000
FOG_WITH_IDS_seed4,FOG_WITH_IDS,4,fog-2,3600.000,0.040000
FOG_WITH_IDS_seed4,FOG_WITH_IDS,4,fog-3,3600.000,0.040000
FOG_WITH_IDS_seed4,FOG_WITH_IDS,4,cloud,3625.000,0.000000
FOG_WITH_IDS_seed4,FOG_WITH_IDS,4,proxy,3625.000,0.000000
FOG_WITH_IDS_seed4,FOG_WITH_IDS,4,fog-1,3625.000,0.480000
FOG_WITH_IDS_seed4,FOG_WITH_IDS,4,fog-2,3625.000,0.080000
FOG_WITH_IDS_seed4,FOG_WITH_IDS,4,fog-3,3625.000,0.480000
FOG_WITH_IDS_seed4,FOG_WITH_IDS,4,cloud,3650.000,0.000000
FOG_WITH_IDS_seed4,FOG_WITH_IDS,4,proxy,3650.000,0.000000
FOG_WITH_IDS_seed4,FOG_WITH_IDS,4,fog-1,3650.000,0.000000
FOG_WITH_IDS_seed4,FOG_WITH_IDS,4,fog-2,3650.000,0.000000
FOG_WITH_IDS_seed4,FOG_WITH_IDS,4,fog-3,3650.000,0.000000
FOG_WITH_IDS_seed4,FOG_WITH_IDS,4,cloud,3675.000,0.000000
FOG_WITH_IDS_seed4,FOG_WITH_IDS,4,proxy,3675.000,0.000000
FOG_WITH_IDS_seed4,FOG_WITH_IDS,4,fog-1,3675.000,0.440000
FOG_WITH_IDS_seed4,FOG_WITH_IDS,4,fog-2,3675.000,0.040000
FOG_WITH_IDS_seed4,FOG_WITH_IDS,4,fog-3,3675.000,0.440000
FOG_WITH_IDS_seed4,FOG_WITH_IDS,4,cloud,3700.000,0.000000
FOG_WITH_IDS_seed4,FOG_WITH_IDS,4,proxy,3700.000,0.000000
FOG_WITH_IDS_seed4,FOG_WITH_IDS,4,fog-1,3700.000,0.040000
FOG_WITH_IDS_seed4,FOG_WITH_IDS,4,fog-2,3700.000,0.040000
FOG_WITH_IDS_seed4,FOG_WITH_IDS,4,fog-3,3700.000,0.040000
FOG_WITH_IDS_seed4,FOG_WITH_IDS,4,cloud,3725.000,0.000000
FOG_WITH_IDS_seed4,FOG_WITH_IDS,4,proxy,3725.000,0.000000
FOG_WITH_IDS_seed4,FOG_WITH_IDS,4,fog-1,3725.000,0.480000
FOG_WITH_IDS_seed4,FOG_WITH_IDS,4,fog-2,3725.000,0.080000
FOG_WITH_IDS_seed4,FOG_WITH_IDS,4,fog-3,3725.000,0.480000
FOG_WITH_IDS_seed4,FOG_WITH_IDS,4,cloud,3750.000,0.000000
FOG_WITH_IDS_seed4,FOG_WITH_IDS,4,proxy,3750.000,0.000000
FOG_WITH_IDS_seed4,FOG_WITH_IDS,4,fog-1,3750.000,0.000000
FOG_WITH_IDS_seed4,FOG_WITH_IDS,4,fog-2,3750.000,0.000000
FOG_WITH_IDS_seed4,FOG_WITH_IDS,4,fog-3,3750.000,0.000000
FOG_WITH_IDS_seed4,FOG_WITH_IDS,4,cloud,3775.000,0.000000
FOG_WITH_IDS_seed4,FOG_WITH_IDS,4,proxy,3775.000,0.000000
FOG_WITH_IDS_seed4,FOG_WITH_IDS,4,fog-1,3775.000,0.440000
FOG_WITH_IDS_seed4,FOG_WITH_IDS,4,fog-2,3775.000,0.040000
FOG_WITH_IDS_seed4,FOG_WITH_IDS,4,fog-3,3775.000,0.440000
FOG_WITH_IDS_seed4,FOG_WITH_IDS,4,cloud,3800.000,0.000000
FOG_WITH_IDS_seed4,FOG_WITH_IDS,4,proxy,3800.000,0.000000
FOG_WITH_IDS_seed4,FOG_WITH_IDS,4,fog-1,3800.000,0.040000
FOG_WITH_IDS_seed4,FOG_WITH_IDS,4,fog-2,3800.000,0.040000
FOG_WITH_IDS_seed4,FOG_WITH_IDS,4,fog-3,3800.000,0.040000
FOG_WITH_IDS_seed4,FOG_WITH_IDS,4,cloud,3825.000,0.000000
FOG_WITH_IDS_seed4,FOG_WITH_IDS,4,proxy,3825.000,0.000000
FOG_WITH_IDS_seed4,FOG_WITH_IDS,4,fog-1,3825.000,0.480000
FOG_WITH_IDS_seed4,FOG_WITH_IDS,4,fog-2,3825.000,0.080000
FOG_WITH_IDS_seed4,FOG_WITH_IDS,4,fog-3,3825.000,0.480000
FOG_WITH_IDS_seed4,FOG_WITH_IDS,4,cloud,3850.000,0.000000
FOG_WITH_IDS_seed4,FOG_WITH_IDS,4,proxy,3850.000,0.000000
FOG_WITH_IDS_seed4,FOG_WITH_IDS,4,fog-1,3850.000,0.000000
FOG_WITH_IDS_seed4,FOG_WITH_IDS,4,fog-2,3850.000,0.000000
FOG_WITH_IDS_seed4,FOG_WITH_IDS,4,fog-3,3850.000,0.000000
FOG_WITH_IDS_seed4,FOG_WITH_IDS,4,cloud,3875.000,0.000000
FOG_WITH_IDS_seed4,FOG_WITH_IDS,4,proxy,3875.000,0.000000
FOG_WITH_IDS_seed4,FOG_WITH_IDS,4,fog-1,3875.000,0.440000
FOG_WITH_IDS_seed4,FOG_WITH_IDS,4,fog-2,3875.000,0.040000
FOG_WITH_IDS_seed4,FOG_WITH_IDS,4,fog-3,3875.000,0.440000
FOG_WITH_IDS_seed4,FOG_WITH_IDS,4,cloud,3900.000,0.000000
FOG_WITH_IDS_seed4,FOG_WITH_IDS,4,proxy,3900.000,0.000000
FOG_WITH_IDS_seed4,FOG_WITH_IDS,4,fog-1,3900.000,0.040000
FOG_WITH_IDS_seed4,FOG_WITH_IDS,4,fog-2,3900.000,0.040000
FOG_WITH_IDS_seed4,FOG_WITH_IDS,4,fog-3,3900.000,0.040000
FOG_WITH_IDS_seed4,FOG_WITH_IDS,4,cloud,3925.000,0.000000
FOG_WITH_IDS_seed4,FOG_WITH_IDS,4,proxy,3925.000,0.000000
FOG_WITH_IDS_seed4,FOG_WITH_IDS,4,fog-1,3925.000,0.480000
FOG_WITH_IDS_seed4,FOG_WITH_IDS,4,fog-2,3925.000,0.080000
FOG_WITH_IDS_seed4,FOG_WITH_IDS,4,fog-3,3925.000,0.480000
FOG_WITH_IDS_seed4,FOG_WITH_IDS,4,cloud,3950.000,0.000000
FOG_WITH_IDS_seed4,FOG_WITH_IDS,4,proxy,3950.000,0.000000
FOG_WITH_IDS_seed4,FOG_WITH_IDS,4,fog-1,3950.000,0.000000
FOG_WITH_IDS_seed4,FOG_WITH_IDS,4,fog-2,3950.000,0.000000
FOG_WITH_IDS_seed4,FOG_WITH_IDS,4,fog-3,3950.000,0.000000
FOG_WITH_IDS_seed4,FOG_WITH_IDS,4,cloud,3975.000,0.000000
FOG_WITH_IDS_seed4,FOG_WITH_IDS,4,proxy,3975.000,0.000000
FOG_WITH_IDS_seed4,FOG_WITH_IDS,4,fog-1,3975.000,0.440000
FOG_WITH_IDS_seed4,FOG_WITH_IDS,4,fog-2,3975.000,0.040000
FOG_WITH_IDS_seed4,FOG_WITH_IDS,4,fog-3,3975.000,0.440000
FOG_WITH_IDS_seed4,FOG_WITH_IDS,4,cloud,4000.000,0.000000
FOG_WITH_IDS_seed4,FOG_WITH_IDS,4,proxy,4000.000,0.000000
FOG_WITH_IDS_seed4,FOG_WITH_IDS,4,fog-1,4000.000,0.040000
FOG_WITH_IDS_seed4,FOG_WITH_IDS,4,fog-2,4000.000,0.040000
FOG_WITH_IDS_seed4,FOG_WITH_IDS,4,fog-3,4000.000,0.040000
FOG_WITH_IDS_seed4,FOG_WITH_IDS,4,cloud,4025.000,0.000000
FOG_WITH_IDS_seed4,FOG_WITH_IDS,4,proxy,4025.000,0.000000
FOG_WITH_IDS_seed4,FOG_WITH_IDS,4,fog-1,4025.000,0.480000
FOG_WITH_IDS_seed4,FOG_WITH_IDS,4,fog-2,4025.000,0.080000
FOG_WITH_IDS_seed4,FOG_WITH_IDS,4,fog-3,4025.000,0.480000
FOG_WITH_IDS_seed4,FOG_WITH_IDS,4,cloud,4050.000,0.000000
FOG_WITH_IDS_seed4,FOG_WITH_IDS,4,proxy,4050.000,0.000000
FOG_WITH_IDS_seed4,FOG_WITH_IDS,4,fog-1,4050.000,0.000000
FOG_WITH_IDS_seed4,FOG_WITH_IDS,4,fog-2,4050.000,0.000000
FOG_WITH_IDS_seed4,FOG_WITH_IDS,4,fog-3,4050.000,0.000000
FOG_WITH_IDS_seed4,FOG_WITH_IDS,4,cloud,4075.000,0.000000
FOG_WITH_IDS_seed4,FOG_WITH_IDS,4,proxy,4075.000,0.000000
FOG_WITH_IDS_seed4,FOG_WITH_IDS,4,fog-1,4075.000,0.440000
FOG_WITH_IDS_seed4,FOG_WITH_IDS,4,fog-2,4075.000,0.040000
FOG_WITH_IDS_seed4,FOG_WITH_IDS,4,fog-3,4075.000,0.440000
FOG_WITH_IDS_seed4,FOG_WITH_IDS,4,cloud,4100.000,0.000000
FOG_WITH_IDS_seed4,FOG_WITH_IDS,4,proxy,4100.000,0.000000
FOG_WITH_IDS_seed4,FOG_WITH_IDS,4,fog-1,4100.000,0.040000
FOG_WITH_IDS_seed4,FOG_WITH_IDS,4,fog-2,4100.000,0.040000
FOG_WITH_IDS_seed4,FOG_WITH_IDS,4,fog-3,4100.000,0.040000
FOG_WITH_IDS_seed4,FOG_WITH_IDS,4,cloud,4125.000,0.000000
FOG_WITH_IDS_seed4,FOG_WITH_IDS,4,proxy,4125.000,0.000000
FOG_WITH_IDS_seed4,FOG_WITH_IDS,4,fog-1,4125.000,0.480000
FOG_WITH_IDS_seed4,FOG_WITH_IDS,4,fog-2,4125.000,0.080000
FOG_WITH_IDS_seed4,FOG_WITH_IDS,4,fog-3,4125.000,0.480000
FOG_WITH_IDS_seed4,FOG_WITH_IDS,4,cloud,4150.000,0.000000
FOG_WITH_IDS_seed4,FOG_WITH_IDS,4,proxy,4150.000,0.000000
FOG_WITH_IDS_seed4,FOG_WITH_IDS,4,fog-1,4150.000,0.000000
FOG_WITH_IDS_seed4,FOG_WITH_IDS,4,fog-2,4150.000,0.000000
FOG_WITH_IDS_seed4,FOG_WITH_IDS,4,fog-3,4150.000,0.000000
FOG_WITH_IDS_seed4,FOG_WITH_IDS,4,cloud,4175.000,0.000000
FOG_WITH_IDS_seed4,FOG_WITH_IDS,4,proxy,4175.000,0.000000
FOG_WITH_IDS_seed4,FOG_WITH_IDS,4,fog-1,4175.000,0.440000
FOG_WITH_IDS_seed4,FOG_WITH_IDS,4,fog-2,4175.000,0.040000
FOG_WITH_IDS_seed4,FOG_WITH_IDS,4,fog-3,4175.000,0.440000
FOG_WITH_IDS_seed4,FOG_WITH_IDS,4,cloud,4200.000,0.000000
FOG_WITH_IDS_seed4,FOG_WITH_IDS,4,proxy,4200.000,0.000000
FOG_WITH_IDS_seed4,FOG_WITH_IDS,4,fog-1,4200.000,0.040000
FOG_WITH_IDS_seed4,FOG_WITH_IDS,4,fog-2,4200.000,0.040000
FOG_WITH_IDS_seed4,FOG_WITH_IDS,4,fog-3,4200.000,0.040000
FOG_WITH_IDS_seed4,FOG_WITH_IDS,4,cloud,4225.000,0.000000
FOG_WITH_IDS_seed4,FOG_WITH_IDS,4,proxy,4225.000,0.000000
FOG_WITH_IDS_seed4,FOG_WITH_IDS,4,fog-1,4225.000,0.480000
FOG_WITH_IDS_seed4,FOG_WITH_IDS,4,fog-2,4225.000,0.080000
FOG_WITH_IDS_seed4,FOG_WITH_IDS,4,fog-3,4225.000,0.480000
FOG_WITH_IDS_seed4,FOG_WITH_IDS,4,cloud,4250.000,0.000000
FOG_WITH_IDS_seed4,FOG_WITH_IDS,4,proxy,4250.000,0.000000
FOG_WITH_IDS_seed4,FOG_WITH_IDS,4,fog-1,4250.000,0.000000
FOG_WITH_IDS_seed4,FOG_WITH_IDS,4,fog-2,4250.000,0.000000
FOG_WITH_IDS_seed4,FOG_WITH_IDS,4,fog-3,4250.000,0.000000
FOG_WITH_IDS_seed4,FOG_WITH_IDS,4,cloud,4275.000,0.000000
FOG_WITH_IDS_seed4,FOG_WITH_IDS,4,proxy,4275.000,0.000000
FOG_WITH_IDS_seed4,FOG_WITH_IDS,4,fog-1,4275.000,0.440000
FOG_WITH_IDS_seed4,FOG_WITH_IDS,4,fog-2,4275.000,0.040000
FOG_WITH_IDS_seed4,FOG_WITH_IDS,4,fog-3,4275.000,0.440000
FOG_WITH_IDS_seed4,FOG_WITH_IDS,4,cloud,4300.000,0.000000
FOG_WITH_IDS_seed4,FOG_WITH_IDS,4,proxy,4300.000,0.000000
FOG_WITH_IDS_seed4,FOG_WITH_IDS,4,fog-1,4300.000,0.040000
FOG_WITH_IDS_seed4,FOG_WITH_IDS,4,fog-2,4300.000,0.040000
FOG_WITH_IDS_seed4,FOG_WITH_IDS,4,fog-3,4300.000,0.040000
FOG_WITH_IDS_seed4,FOG_WITH_IDS,4,cloud,4325.000,0.000000
FOG_WITH_IDS_seed4,FOG_WITH_IDS,4,proxy,4325.000,0.000000
FOG_WITH_IDS_seed4,FOG_WITH_IDS,4,fog-1,4325.000,0.480000
FOG_WITH_IDS_seed4,FOG_WITH_IDS,4,fog-2,4325.000,0.080000
FOG_WITH_IDS_seed4,FOG_WITH_IDS,4,fog-3,4325.000,0.480000
FOG_WITH_IDS_seed4,FOG_WITH_IDS,4,cloud,4350.000,0.000000
FOG_WITH_IDS_seed4,FOG_WITH_IDS,4,proxy,4350.000,0.000000
FOG_WITH_IDS_seed4,FOG_WITH_IDS,4,fog-1,4350.000,0.000000
FOG_WITH_IDS_seed4,FOG_WITH_IDS,4,fog-2,4350.000,0.000000
FOG_WITH_IDS_seed4,FOG_WITH_IDS,4,fog-3,4350.000,0.000000
FOG_WITH_IDS_seed4,FOG_WITH_IDS,4,cloud,4375.000,0.000000
FOG_WITH_IDS_seed4,FOG_WITH_IDS,4,proxy,4375.000,0.000000
FOG_WITH_IDS_seed4,FOG_WITH_IDS,4,fog-1,4375.000,0.440000
FOG_WITH_IDS_seed4,FOG_WITH_IDS,4,fog-2,4375.000,0.040000
FOG_WITH_IDS_seed4,FOG_WITH_IDS,4,fog-3,4375.000,0.440000
FOG_WITH_IDS_seed4,FOG_WITH_IDS,4,cloud,4400.000,0.000000
FOG_WITH_IDS_seed4,FOG_WITH_IDS,4,proxy,4400.000,0.000000
FOG_WITH_IDS_seed4,FOG_WITH_IDS,4,fog-1,4400.000,0.040000
FOG_WITH_IDS_seed4,FOG_WITH_IDS,4,fog-2,4400.000,0.040000
FOG_WITH_IDS_seed4,FOG_WITH_IDS,4,fog-3,4400.000,0.040000
FOG_WITH_IDS_seed4,FOG_WITH_IDS,4,cloud,4425.000,0.000000
FOG_WITH_IDS_seed4,FOG_WITH_IDS,4,proxy,4425.000,0.000000
FOG_WITH_IDS_seed4,FOG_WITH_IDS,4,fog-1,4425.000,0.480000
FOG_WITH_IDS_seed4,FOG_WITH_IDS,4,fog-2,4425.000,0.080000
FOG_WITH_IDS_seed4,FOG_WITH_IDS,4,fog-3,4425.000,0.480000
FOG_WITH_IDS_seed4,FOG_WITH_IDS,4,cloud,4450.000,0.000000
FOG_WITH_IDS_seed4,FOG_WITH_IDS,4,proxy,4450.000,0.000000
FOG_WITH_IDS_seed4,FOG_WITH_IDS,4,fog-1,4450.000,0.000000
FOG_WITH_IDS_seed4,FOG_WITH_IDS,4,fog-2,4450.000,0.000000
FOG_WITH_IDS_seed4,FOG_WITH_IDS,4,fog-3,4450.000,0.000000
FOG_WITH_IDS_seed4,FOG_WITH_IDS,4,cloud,4475.000,0.000000
FOG_WITH_IDS_seed4,FOG_WITH_IDS,4,proxy,4475.000,0.000000
FOG_WITH_IDS_seed4,FOG_WITH_IDS,4,fog-1,4475.000,0.440000
FOG_WITH_IDS_seed4,FOG_WITH_IDS,4,fog-2,4475.000,0.040000
FOG_WITH_IDS_seed4,FOG_WITH_IDS,4,fog-3,4475.000,0.440000
FOG_WITH_IDS_seed4,FOG_WITH_IDS,4,cloud,4500.000,0.000000
FOG_WITH_IDS_seed4,FOG_WITH_IDS,4,proxy,4500.000,0.000000
FOG_WITH_IDS_seed4,FOG_WITH_IDS,4,fog-1,4500.000,0.040000
FOG_WITH_IDS_seed4,FOG_WITH_IDS,4,fog-2,4500.000,0.040000
FOG_WITH_IDS_seed4,FOG_WITH_IDS,4,fog-3,4500.000,0.040000
FOG_WITH_IDS_seed4,FOG_WITH_IDS,4,cloud,4525.000,0.000000
FOG_WITH_IDS_seed4,FOG_WITH_IDS,4,proxy,4525.000,0.000000
FOG_WITH_IDS_seed4,FOG_WITH_IDS,4,fog-1,4525.000,0.480000
FOG_WITH_IDS_seed4,FOG_WITH_IDS,4,fog-2,4525.000,0.080000
FOG_WITH_IDS_seed4,FOG_WITH_IDS,4,fog-3,4525.000,0.480000
FOG_WITH_IDS_seed4,FOG_WITH_IDS,4,cloud,4550.000,0.000000
FOG_WITH_IDS_seed4,FOG_WITH_IDS,4,proxy,4550.000,0.000000
FOG_WITH_IDS_seed4,FOG_WITH_IDS,4,fog-1,4550.000,0.000000
FOG_WITH_IDS_seed4,FOG_WITH_IDS,4,fog-2,4550.000,0.000000
FOG_WITH_IDS_seed4,FOG_WITH_IDS,4,fog-3,4550.000,0.000000
FOG_WITH_IDS_seed4,FOG_WITH_IDS,4,cloud,4575.000,0.000000
FOG_WITH_IDS_seed4,FOG_WITH_IDS,4,proxy,4575.000,0.000000
FOG_WITH_IDS_seed4,FOG_WITH_IDS,4,fog-1,4575.000,0.440000
FOG_WITH_IDS_seed4,FOG_WITH_IDS,4,fog-2,4575.000,0.040000
FOG_WITH_IDS_seed4,FOG_WITH_IDS,4,fog-3,4575.000,0.440000
FOG_WITH_IDS_seed4,FOG_WITH_IDS,4,cloud,4600.000,0.000000
FOG_WITH_IDS_seed4,FOG_WITH_IDS,4,proxy,4600.000,0.000000
FOG_WITH_IDS_seed4,FOG_WITH_IDS,4,fog-1,4600.000,0.040000
FOG_WITH_IDS_seed4,FOG_WITH_IDS,4,fog-2,4600.000,0.040000
FOG_WITH_IDS_seed4,FOG_WITH_IDS,4,fog-3,4600.000,0.040000
FOG_WITH_IDS_seed4,FOG_WITH_IDS,4,cloud,4625.000,0.000000
FOG_WITH_IDS_seed4,FOG_WITH_IDS,4,proxy,4625.000,0.000000
FOG_WITH_IDS_seed4,FOG_WITH_IDS,4,fog-1,4625.000,0.480000
FOG_WITH_IDS_seed4,FOG_WITH_IDS,4,fog-2,4625.000,0.080000
FOG_WITH_IDS_seed4,FOG_WITH_IDS,4,fog-3,4625.000,0.480000
FOG_WITH_IDS_seed4,FOG_WITH_IDS,4,cloud,4650.000,0.000000
FOG_WITH_IDS_seed4,FOG_WITH_IDS,4,proxy,4650.000,0.000000
FOG_WITH_IDS_seed4,FOG_WITH_IDS,4,fog-1,4650.000,0.000000
FOG_WITH_IDS_seed4,FOG_WITH_IDS,4,fog-2,4650.000,0.000000
FOG_WITH_IDS_seed4,FOG_WITH_IDS,4,fog-3,4650.000,0.000000
FOG_WITH_IDS_seed4,FOG_WITH_IDS,4,cloud,4675.000,0.000000
FOG_WITH_IDS_seed4,FOG_WITH_IDS,4,proxy,4675.000,0.000000
FOG_WITH_IDS_seed4,FOG_WITH_IDS,4,fog-1,4675.000,0.440000
FOG_WITH_IDS_seed4,FOG_WITH_IDS,4,fog-2,4675.000,0.040000
FOG_WITH_IDS_seed4,FOG_WITH_IDS,4,fog-3,4675.000,0.440000
FOG_WITH_IDS_seed4,FOG_WITH_IDS,4,cloud,4700.000,0.000000
FOG_WITH_IDS_seed4,FOG_WITH_IDS,4,proxy,4700.000,0.000000
FOG_WITH_IDS_seed4,FOG_WITH_IDS,4,fog-1,4700.000,0.040000
FOG_WITH_IDS_seed4,FOG_WITH_IDS,4,fog-2,4700.000,0.040000
FOG_WITH_IDS_seed4,FOG_WITH_IDS,4,fog-3,4700.000,0.040000
FOG_WITH_IDS_seed4,FOG_WITH_IDS,4,cloud,4725.000,0.000000
FOG_WITH_IDS_seed4,FOG_WITH_IDS,4,proxy,4725.000,0.000000
FOG_WITH_IDS_seed4,FOG_WITH_IDS,4,fog-1,4725.000,0.480000
FOG_WITH_IDS_seed4,FOG_WITH_IDS,4,fog-2,4725.000,0.080000
FOG_WITH_IDS_seed4,FOG_WITH_IDS,4,fog-3,4725.000,0.480000
FOG_WITH_IDS_seed4,FOG_WITH_IDS,4,cloud,4750.000,0.000000
FOG_WITH_IDS_seed4,FOG_WITH_IDS,4,proxy,4750.000,0.000000
FOG_WITH_IDS_seed4,FOG_WITH_IDS,4,fog-1,4750.000,0.000000
FOG_WITH_IDS_seed4,FOG_WITH_IDS,4,fog-2,4750.000,0.000000
FOG_WITH_IDS_seed4,FOG_WITH_IDS,4,fog-3,4750.000,0.000000
FOG_WITH_IDS_seed4,FOG_WITH_IDS,4,cloud,4775.000,0.000000
FOG_WITH_IDS_seed4,FOG_WITH_IDS,4,proxy,4775.000,0.000000
FOG_WITH_IDS_seed4,FOG_WITH_IDS,4,fog-1,4775.000,0.440000
FOG_WITH_IDS_seed4,FOG_WITH_IDS,4,fog-2,4775.000,0.040000
FOG_WITH_IDS_seed4,FOG_WITH_IDS,4,fog-3,4775.000,0.440000
FOG_WITH_IDS_seed4,FOG_WITH_IDS,4,cloud,4800.000,0.000000
FOG_WITH_IDS_seed4,FOG_WITH_IDS,4,proxy,4800.000,0.000000
FOG_WITH_IDS_seed4,FOG_WITH_IDS,4,fog-1,4800.000,0.040000
FOG_WITH_IDS_seed4,FOG_WITH_IDS,4,fog-2,4800.000,0.040000
FOG_WITH_IDS_seed4,FOG_WITH_IDS,4,fog-3,4800.000,0.040000
FOG_WITH_IDS_seed4,FOG_WITH_IDS,4,cloud,4825.000,0.000000
FOG_WITH_IDS_seed4,FOG_WITH_IDS,4,proxy,4825.000,0.000000
FOG_WITH_IDS_seed4,FOG_WITH_IDS,4,fog-1,4825.000,0.480000
FOG_WITH_IDS_seed4,FOG_WITH_IDS,4,fog-2,4825.000,0.080000
FOG_WITH_IDS_seed4,FOG_WITH_IDS,4,fog-3,4825.000,0.480000
FOG_WITH_IDS_seed4,FOG_WITH_IDS,4,cloud,4850.000,0.000000
FOG_WITH_IDS_seed4,FOG_WITH_IDS,4,proxy,4850.000,0.000000
FOG_WITH_IDS_seed4,FOG_WITH_IDS,4,fog-1,4850.000,0.000000
FOG_WITH_IDS_seed4,FOG_WITH_IDS,4,fog-2,4850.000,0.000000
FOG_WITH_IDS_seed4,FOG_WITH_IDS,4,fog-3,4850.000,0.000000
FOG_WITH_IDS_seed4,FOG_WITH_IDS,4,cloud,4875.000,0.000000
FOG_WITH_IDS_seed4,FOG_WITH_IDS,4,proxy,4875.000,0.000000
FOG_WITH_IDS_seed4,FOG_WITH_IDS,4,fog-1,4875.000,0.440000
FOG_WITH_IDS_seed4,FOG_WITH_IDS,4,fog-2,4875.000,0.040000
FOG_WITH_IDS_seed4,FOG_WITH_IDS,4,fog-3,4875.000,0.440000
FOG_WITH_IDS_seed4,FOG_WITH_IDS,4,cloud,4900.000,0.000000
FOG_WITH_IDS_seed4,FOG_WITH_IDS,4,proxy,4900.000,0.000000
FOG_WITH_IDS_seed4,FOG_WITH_IDS,4,fog-1,4900.000,0.040000
FOG_WITH_IDS_seed4,FOG_WITH_IDS,4,fog-2,4900.000,0.040000
FOG_WITH_IDS_seed4,FOG_WITH_IDS,4,fog-3,4900.000,0.040000
FOG_WITH_IDS_seed4,FOG_WITH_IDS,4,cloud,4925.000,0.000000
FOG_WITH_IDS_seed4,FOG_WITH_IDS,4,proxy,4925.000,0.000000
FOG_WITH_IDS_seed4,FOG_WITH_IDS,4,fog-1,4925.000,0.480000
FOG_WITH_IDS_seed4,FOG_WITH_IDS,4,fog-2,4925.000,0.080000
FOG_WITH_IDS_seed4,FOG_WITH_IDS,4,fog-3,4925.000,0.480000
FOG_WITH_IDS_seed4,FOG_WITH_IDS,4,cloud,4950.000,0.000000
FOG_WITH_IDS_seed4,FOG_WITH_IDS,4,proxy,4950.000,0.000000
FOG_WITH_IDS_seed4,FOG_WITH_IDS,4,fog-1,4950.000,0.000000
FOG_WITH_IDS_seed4,FOG_WITH_IDS,4,fog-2,4950.000,0.000000
FOG_WITH_IDS_seed4,FOG_WITH_IDS,4,fog-3,4950.000,0.000000
FOG_WITH_IDS_seed4,FOG_WITH_IDS,4,cloud,4975.000,0.000000
FOG_WITH_IDS_seed4,FOG_WITH_IDS,4,proxy,4975.000,0.000000
FOG_WITH_IDS_seed4,FOG_WITH_IDS,4,fog-1,4975.000,0.440000
FOG_WITH_IDS_seed4,FOG_WITH_IDS,4,fog-2,4975.000,0.040000
FOG_WITH_IDS_seed4,FOG_WITH_IDS,4,fog-3,4975.000,0.440000
FOG_WITH_IDS_seed4,FOG_WITH_IDS,4,cloud,5000.000,0.000000
FOG_WITH_IDS_seed4,FOG_WITH_IDS,4,proxy,5000.000,0.000000
FOG_WITH_IDS_seed4,FOG_WITH_IDS,4,fog-1,5000.000,0.000000
FOG_WITH_IDS_seed4,FOG_WITH_IDS,4,fog-2,5000.000,0.000000
FOG_WITH_IDS_seed4,FOG_WITH_IDS,4,fog-3,5000.000,0.000000
FOG_WITH_IDS_seed5,FOG_WITH_IDS,5,cloud,25.000,0.000179
FOG_WITH_IDS_seed5,FOG_WITH_IDS,5,proxy,25.000,0.000000
FOG_WITH_IDS_seed5,FOG_WITH_IDS,5,fog-1,25.000,0.005500
FOG_WITH_IDS_seed5,FOG_WITH_IDS,5,fog-2,25.000,0.005500
FOG_WITH_IDS_seed5,FOG_WITH_IDS,5,fog-3,25.000,0.005500
FOG_WITH_IDS_seed5,FOG_WITH_IDS,5,cloud,50.000,0.000179
FOG_WITH_IDS_seed5,FOG_WITH_IDS,5,proxy,50.000,0.000000
FOG_WITH_IDS_seed5,FOG_WITH_IDS,5,fog-1,50.000,0.005500
FOG_WITH_IDS_seed5,FOG_WITH_IDS,5,fog-2,50.000,0.005500
FOG_WITH_IDS_seed5,FOG_WITH_IDS,5,fog-3,50.000,0.005500
FOG_WITH_IDS_seed5,FOG_WITH_IDS,5,cloud,75.000,0.000179
FOG_WITH_IDS_seed5,FOG_WITH_IDS,5,proxy,75.000,0.000000
FOG_WITH_IDS_seed5,FOG_WITH_IDS,5,fog-1,75.000,0.005500
FOG_WITH_IDS_seed5,FOG_WITH_IDS,5,fog-2,75.000,0.005500
FOG_WITH_IDS_seed5,FOG_WITH_IDS,5,fog-3,75.000,0.005500
FOG_WITH_IDS_seed5,FOG_WITH_IDS,5,cloud,100.000,0.000179
FOG_WITH_IDS_seed5,FOG_WITH_IDS,5,proxy,100.000,0.000000
FOG_WITH_IDS_seed5,FOG_WITH_IDS,5,fog-1,100.000,0.005500
FOG_WITH_IDS_seed5,FOG_WITH_IDS,5,fog-2,100.000,0.005500
FOG_WITH_IDS_seed5,FOG_WITH_IDS,5,fog-3,100.000,0.005500
FOG_WITH_IDS_seed5,FOG_WITH_IDS,5,cloud,125.000,0.000179
FOG_WITH_IDS_seed5,FOG_WITH_IDS,5,proxy,125.000,0.000000
FOG_WITH_IDS_seed5,FOG_WITH_IDS,5,fog-1,125.000,0.440220
FOG_WITH_IDS_seed5,FOG_WITH_IDS,5,fog-2,125.000,0.040220
FOG_WITH_IDS_seed5,FOG_WITH_IDS,5,fog-3,125.000,0.440220
FOG_WITH_IDS_seed5,FOG_WITH_IDS,5,cloud,150.000,0.000179
FOG_WITH_IDS_seed5,FOG_WITH_IDS,5,proxy,150.000,0.000000
FOG_WITH_IDS_seed5,FOG_WITH_IDS,5,fog-1,150.000,0.000000
FOG_WITH_IDS_seed5,FOG_WITH_IDS,5,fog-2,150.000,0.000000
FOG_WITH_IDS_seed5,FOG_WITH_IDS,5,fog-3,150.000,0.000000
FOG_WITH_IDS_seed5,FOG_WITH_IDS,5,cloud,175.000,0.000071
FOG_WITH_IDS_seed5,FOG_WITH_IDS,5,proxy,175.000,0.000000
FOG_WITH_IDS_seed5,FOG_WITH_IDS,5,fog-1,175.000,0.440000
FOG_WITH_IDS_seed5,FOG_WITH_IDS,5,fog-2,175.000,0.040000
FOG_WITH_IDS_seed5,FOG_WITH_IDS,5,fog-3,175.000,0.440000
FOG_WITH_IDS_seed5,FOG_WITH_IDS,5,cloud,200.000,0.000000
FOG_WITH_IDS_seed5,FOG_WITH_IDS,5,proxy,200.000,0.000000
FOG_WITH_IDS_seed5,FOG_WITH_IDS,5,fog-1,200.000,0.040000
FOG_WITH_IDS_seed5,FOG_WITH_IDS,5,fog-2,200.000,0.040000
FOG_WITH_IDS_seed5,FOG_WITH_IDS,5,fog-3,200.000,0.040000
FOG_WITH_IDS_seed5,FOG_WITH_IDS,5,cloud,225.000,0.000000
FOG_WITH_IDS_seed5,FOG_WITH_IDS,5,proxy,225.000,0.000000
FOG_WITH_IDS_seed5,FOG_WITH_IDS,5,fog-1,225.000,0.480000
FOG_WITH_IDS_seed5,FOG_WITH_IDS,5,fog-2,225.000,0.080000
FOG_WITH_IDS_seed5,FOG_WITH_IDS,5,fog-3,225.000,0.480000
FOG_WITH_IDS_seed5,FOG_WITH_IDS,5,cloud,250.000,0.000000
FOG_WITH_IDS_seed5,FOG_WITH_IDS,5,proxy,250.000,0.000000
FOG_WITH_IDS_seed5,FOG_WITH_IDS,5,fog-1,250.000,0.000000
FOG_WITH_IDS_seed5,FOG_WITH_IDS,5,fog-2,250.000,0.000000
FOG_WITH_IDS_seed5,FOG_WITH_IDS,5,fog-3,250.000,0.000000
FOG_WITH_IDS_seed5,FOG_WITH_IDS,5,cloud,275.000,0.000000
FOG_WITH_IDS_seed5,FOG_WITH_IDS,5,proxy,275.000,0.000000
FOG_WITH_IDS_seed5,FOG_WITH_IDS,5,fog-1,275.000,0.440000
FOG_WITH_IDS_seed5,FOG_WITH_IDS,5,fog-2,275.000,0.040000
FOG_WITH_IDS_seed5,FOG_WITH_IDS,5,fog-3,275.000,0.440000
FOG_WITH_IDS_seed5,FOG_WITH_IDS,5,cloud,300.000,0.000000
FOG_WITH_IDS_seed5,FOG_WITH_IDS,5,proxy,300.000,0.000000
FOG_WITH_IDS_seed5,FOG_WITH_IDS,5,fog-1,300.000,0.040000
FOG_WITH_IDS_seed5,FOG_WITH_IDS,5,fog-2,300.000,0.040000
FOG_WITH_IDS_seed5,FOG_WITH_IDS,5,fog-3,300.000,0.040000
FOG_WITH_IDS_seed5,FOG_WITH_IDS,5,cloud,325.000,0.000000
FOG_WITH_IDS_seed5,FOG_WITH_IDS,5,proxy,325.000,0.000000
FOG_WITH_IDS_seed5,FOG_WITH_IDS,5,fog-1,325.000,0.480000
FOG_WITH_IDS_seed5,FOG_WITH_IDS,5,fog-2,325.000,0.080000
FOG_WITH_IDS_seed5,FOG_WITH_IDS,5,fog-3,325.000,0.480000
FOG_WITH_IDS_seed5,FOG_WITH_IDS,5,cloud,350.000,0.000000
FOG_WITH_IDS_seed5,FOG_WITH_IDS,5,proxy,350.000,0.000000
FOG_WITH_IDS_seed5,FOG_WITH_IDS,5,fog-1,350.000,0.000000
FOG_WITH_IDS_seed5,FOG_WITH_IDS,5,fog-2,350.000,0.000000
FOG_WITH_IDS_seed5,FOG_WITH_IDS,5,fog-3,350.000,0.000000
FOG_WITH_IDS_seed5,FOG_WITH_IDS,5,cloud,375.000,0.000000
FOG_WITH_IDS_seed5,FOG_WITH_IDS,5,proxy,375.000,0.000000
FOG_WITH_IDS_seed5,FOG_WITH_IDS,5,fog-1,375.000,0.440000
FOG_WITH_IDS_seed5,FOG_WITH_IDS,5,fog-2,375.000,0.040000
FOG_WITH_IDS_seed5,FOG_WITH_IDS,5,fog-3,375.000,0.440000
FOG_WITH_IDS_seed5,FOG_WITH_IDS,5,cloud,400.000,0.000000
FOG_WITH_IDS_seed5,FOG_WITH_IDS,5,proxy,400.000,0.000000
FOG_WITH_IDS_seed5,FOG_WITH_IDS,5,fog-1,400.000,0.040000
FOG_WITH_IDS_seed5,FOG_WITH_IDS,5,fog-2,400.000,0.040000
FOG_WITH_IDS_seed5,FOG_WITH_IDS,5,fog-3,400.000,0.040000
FOG_WITH_IDS_seed5,FOG_WITH_IDS,5,cloud,425.000,0.000000
FOG_WITH_IDS_seed5,FOG_WITH_IDS,5,proxy,425.000,0.000000
FOG_WITH_IDS_seed5,FOG_WITH_IDS,5,fog-1,425.000,0.480000
FOG_WITH_IDS_seed5,FOG_WITH_IDS,5,fog-2,425.000,0.080000
FOG_WITH_IDS_seed5,FOG_WITH_IDS,5,fog-3,425.000,0.480000
FOG_WITH_IDS_seed5,FOG_WITH_IDS,5,cloud,450.000,0.000000
FOG_WITH_IDS_seed5,FOG_WITH_IDS,5,proxy,450.000,0.000000
FOG_WITH_IDS_seed5,FOG_WITH_IDS,5,fog-1,450.000,0.000000
FOG_WITH_IDS_seed5,FOG_WITH_IDS,5,fog-2,450.000,0.000000
FOG_WITH_IDS_seed5,FOG_WITH_IDS,5,fog-3,450.000,0.000000
FOG_WITH_IDS_seed5,FOG_WITH_IDS,5,cloud,475.000,0.000000
FOG_WITH_IDS_seed5,FOG_WITH_IDS,5,proxy,475.000,0.000000
FOG_WITH_IDS_seed5,FOG_WITH_IDS,5,fog-1,475.000,0.440000
FOG_WITH_IDS_seed5,FOG_WITH_IDS,5,fog-2,475.000,0.040000
FOG_WITH_IDS_seed5,FOG_WITH_IDS,5,fog-3,475.000,0.440000
FOG_WITH_IDS_seed5,FOG_WITH_IDS,5,cloud,500.000,0.000000
FOG_WITH_IDS_seed5,FOG_WITH_IDS,5,proxy,500.000,0.000000
FOG_WITH_IDS_seed5,FOG_WITH_IDS,5,fog-1,500.000,0.040000
FOG_WITH_IDS_seed5,FOG_WITH_IDS,5,fog-2,500.000,0.040000
FOG_WITH_IDS_seed5,FOG_WITH_IDS,5,fog-3,500.000,0.040000
FOG_WITH_IDS_seed5,FOG_WITH_IDS,5,cloud,525.000,0.000000
FOG_WITH_IDS_seed5,FOG_WITH_IDS,5,proxy,525.000,0.000000
FOG_WITH_IDS_seed5,FOG_WITH_IDS,5,fog-1,525.000,0.480000
FOG_WITH_IDS_seed5,FOG_WITH_IDS,5,fog-2,525.000,0.080000
FOG_WITH_IDS_seed5,FOG_WITH_IDS,5,fog-3,525.000,0.480000
FOG_WITH_IDS_seed5,FOG_WITH_IDS,5,cloud,550.000,0.000000
FOG_WITH_IDS_seed5,FOG_WITH_IDS,5,proxy,550.000,0.000000
FOG_WITH_IDS_seed5,FOG_WITH_IDS,5,fog-1,550.000,0.000000
FOG_WITH_IDS_seed5,FOG_WITH_IDS,5,fog-2,550.000,0.000000
FOG_WITH_IDS_seed5,FOG_WITH_IDS,5,fog-3,550.000,0.000000
FOG_WITH_IDS_seed5,FOG_WITH_IDS,5,cloud,575.000,0.000000
FOG_WITH_IDS_seed5,FOG_WITH_IDS,5,proxy,575.000,0.000000
FOG_WITH_IDS_seed5,FOG_WITH_IDS,5,fog-1,575.000,0.440000
FOG_WITH_IDS_seed5,FOG_WITH_IDS,5,fog-2,575.000,0.040000
FOG_WITH_IDS_seed5,FOG_WITH_IDS,5,fog-3,575.000,0.440000
FOG_WITH_IDS_seed5,FOG_WITH_IDS,5,cloud,600.000,0.000000
FOG_WITH_IDS_seed5,FOG_WITH_IDS,5,proxy,600.000,0.000000
FOG_WITH_IDS_seed5,FOG_WITH_IDS,5,fog-1,600.000,0.040000
FOG_WITH_IDS_seed5,FOG_WITH_IDS,5,fog-2,600.000,0.040000
FOG_WITH_IDS_seed5,FOG_WITH_IDS,5,fog-3,600.000,0.040000
FOG_WITH_IDS_seed5,FOG_WITH_IDS,5,cloud,625.000,0.000000
FOG_WITH_IDS_seed5,FOG_WITH_IDS,5,proxy,625.000,0.000000
FOG_WITH_IDS_seed5,FOG_WITH_IDS,5,fog-1,625.000,0.480000
FOG_WITH_IDS_seed5,FOG_WITH_IDS,5,fog-2,625.000,0.080000
FOG_WITH_IDS_seed5,FOG_WITH_IDS,5,fog-3,625.000,0.480000
FOG_WITH_IDS_seed5,FOG_WITH_IDS,5,cloud,650.000,0.000000
FOG_WITH_IDS_seed5,FOG_WITH_IDS,5,proxy,650.000,0.000000
FOG_WITH_IDS_seed5,FOG_WITH_IDS,5,fog-1,650.000,0.000000
FOG_WITH_IDS_seed5,FOG_WITH_IDS,5,fog-2,650.000,0.000000
FOG_WITH_IDS_seed5,FOG_WITH_IDS,5,fog-3,650.000,0.000000
FOG_WITH_IDS_seed5,FOG_WITH_IDS,5,cloud,675.000,0.000000
FOG_WITH_IDS_seed5,FOG_WITH_IDS,5,proxy,675.000,0.000000
FOG_WITH_IDS_seed5,FOG_WITH_IDS,5,fog-1,675.000,0.440000
FOG_WITH_IDS_seed5,FOG_WITH_IDS,5,fog-2,675.000,0.040000
FOG_WITH_IDS_seed5,FOG_WITH_IDS,5,fog-3,675.000,0.440000
FOG_WITH_IDS_seed5,FOG_WITH_IDS,5,cloud,700.000,0.000000
FOG_WITH_IDS_seed5,FOG_WITH_IDS,5,proxy,700.000,0.000000
FOG_WITH_IDS_seed5,FOG_WITH_IDS,5,fog-1,700.000,0.040000
FOG_WITH_IDS_seed5,FOG_WITH_IDS,5,fog-2,700.000,0.040000
FOG_WITH_IDS_seed5,FOG_WITH_IDS,5,fog-3,700.000,0.040000
FOG_WITH_IDS_seed5,FOG_WITH_IDS,5,cloud,725.000,0.000000
FOG_WITH_IDS_seed5,FOG_WITH_IDS,5,proxy,725.000,0.000000
FOG_WITH_IDS_seed5,FOG_WITH_IDS,5,fog-1,725.000,0.480000
FOG_WITH_IDS_seed5,FOG_WITH_IDS,5,fog-2,725.000,0.080000
FOG_WITH_IDS_seed5,FOG_WITH_IDS,5,fog-3,725.000,0.480000
FOG_WITH_IDS_seed5,FOG_WITH_IDS,5,cloud,750.000,0.000000
FOG_WITH_IDS_seed5,FOG_WITH_IDS,5,proxy,750.000,0.000000
FOG_WITH_IDS_seed5,FOG_WITH_IDS,5,fog-1,750.000,0.000000
FOG_WITH_IDS_seed5,FOG_WITH_IDS,5,fog-2,750.000,0.000000
FOG_WITH_IDS_seed5,FOG_WITH_IDS,5,fog-3,750.000,0.000000
FOG_WITH_IDS_seed5,FOG_WITH_IDS,5,cloud,775.000,0.000000
FOG_WITH_IDS_seed5,FOG_WITH_IDS,5,proxy,775.000,0.000000
FOG_WITH_IDS_seed5,FOG_WITH_IDS,5,fog-1,775.000,0.440000
FOG_WITH_IDS_seed5,FOG_WITH_IDS,5,fog-2,775.000,0.040000
FOG_WITH_IDS_seed5,FOG_WITH_IDS,5,fog-3,775.000,0.440000
FOG_WITH_IDS_seed5,FOG_WITH_IDS,5,cloud,800.000,0.000000
FOG_WITH_IDS_seed5,FOG_WITH_IDS,5,proxy,800.000,0.000000
FOG_WITH_IDS_seed5,FOG_WITH_IDS,5,fog-1,800.000,0.040000
FOG_WITH_IDS_seed5,FOG_WITH_IDS,5,fog-2,800.000,0.040000
FOG_WITH_IDS_seed5,FOG_WITH_IDS,5,fog-3,800.000,0.040000
FOG_WITH_IDS_seed5,FOG_WITH_IDS,5,cloud,825.000,0.000000
FOG_WITH_IDS_seed5,FOG_WITH_IDS,5,proxy,825.000,0.000000
FOG_WITH_IDS_seed5,FOG_WITH_IDS,5,fog-1,825.000,0.480000
FOG_WITH_IDS_seed5,FOG_WITH_IDS,5,fog-2,825.000,0.080000
FOG_WITH_IDS_seed5,FOG_WITH_IDS,5,fog-3,825.000,0.480000
FOG_WITH_IDS_seed5,FOG_WITH_IDS,5,cloud,850.000,0.000000
FOG_WITH_IDS_seed5,FOG_WITH_IDS,5,proxy,850.000,0.000000
FOG_WITH_IDS_seed5,FOG_WITH_IDS,5,fog-1,850.000,0.000000
FOG_WITH_IDS_seed5,FOG_WITH_IDS,5,fog-2,850.000,0.000000
FOG_WITH_IDS_seed5,FOG_WITH_IDS,5,fog-3,850.000,0.000000
FOG_WITH_IDS_seed5,FOG_WITH_IDS,5,cloud,875.000,0.000000
FOG_WITH_IDS_seed5,FOG_WITH_IDS,5,proxy,875.000,0.000000
FOG_WITH_IDS_seed5,FOG_WITH_IDS,5,fog-1,875.000,0.440000
FOG_WITH_IDS_seed5,FOG_WITH_IDS,5,fog-2,875.000,0.040000
FOG_WITH_IDS_seed5,FOG_WITH_IDS,5,fog-3,875.000,0.440000
FOG_WITH_IDS_seed5,FOG_WITH_IDS,5,cloud,900.000,0.000000
FOG_WITH_IDS_seed5,FOG_WITH_IDS,5,proxy,900.000,0.000000
FOG_WITH_IDS_seed5,FOG_WITH_IDS,5,fog-1,900.000,0.040000
FOG_WITH_IDS_seed5,FOG_WITH_IDS,5,fog-2,900.000,0.040000
FOG_WITH_IDS_seed5,FOG_WITH_IDS,5,fog-3,900.000,0.040000
FOG_WITH_IDS_seed5,FOG_WITH_IDS,5,cloud,925.000,0.000000
FOG_WITH_IDS_seed5,FOG_WITH_IDS,5,proxy,925.000,0.000000
FOG_WITH_IDS_seed5,FOG_WITH_IDS,5,fog-1,925.000,0.480000
FOG_WITH_IDS_seed5,FOG_WITH_IDS,5,fog-2,925.000,0.080000
FOG_WITH_IDS_seed5,FOG_WITH_IDS,5,fog-3,925.000,0.480000
FOG_WITH_IDS_seed5,FOG_WITH_IDS,5,cloud,950.000,0.000000
FOG_WITH_IDS_seed5,FOG_WITH_IDS,5,proxy,950.000,0.000000
FOG_WITH_IDS_seed5,FOG_WITH_IDS,5,fog-1,950.000,0.000000
FOG_WITH_IDS_seed5,FOG_WITH_IDS,5,fog-2,950.000,0.000000
FOG_WITH_IDS_seed5,FOG_WITH_IDS,5,fog-3,950.000,0.000000
FOG_WITH_IDS_seed5,FOG_WITH_IDS,5,cloud,975.000,0.000000
FOG_WITH_IDS_seed5,FOG_WITH_IDS,5,proxy,975.000,0.000000
FOG_WITH_IDS_seed5,FOG_WITH_IDS,5,fog-1,975.000,0.440000
FOG_WITH_IDS_seed5,FOG_WITH_IDS,5,fog-2,975.000,0.040000
FOG_WITH_IDS_seed5,FOG_WITH_IDS,5,fog-3,975.000,0.440000
FOG_WITH_IDS_seed5,FOG_WITH_IDS,5,cloud,1000.000,0.000000
FOG_WITH_IDS_seed5,FOG_WITH_IDS,5,proxy,1000.000,0.000000
FOG_WITH_IDS_seed5,FOG_WITH_IDS,5,fog-1,1000.000,0.040000
FOG_WITH_IDS_seed5,FOG_WITH_IDS,5,fog-2,1000.000,0.040000
FOG_WITH_IDS_seed5,FOG_WITH_IDS,5,fog-3,1000.000,0.040000
FOG_WITH_IDS_seed5,FOG_WITH_IDS,5,cloud,1025.000,0.000000
FOG_WITH_IDS_seed5,FOG_WITH_IDS,5,proxy,1025.000,0.000000
FOG_WITH_IDS_seed5,FOG_WITH_IDS,5,fog-1,1025.000,0.480000
FOG_WITH_IDS_seed5,FOG_WITH_IDS,5,fog-2,1025.000,0.080000
FOG_WITH_IDS_seed5,FOG_WITH_IDS,5,fog-3,1025.000,0.480000
FOG_WITH_IDS_seed5,FOG_WITH_IDS,5,cloud,1050.000,0.000000
FOG_WITH_IDS_seed5,FOG_WITH_IDS,5,proxy,1050.000,0.000000
FOG_WITH_IDS_seed5,FOG_WITH_IDS,5,fog-1,1050.000,0.000000
FOG_WITH_IDS_seed5,FOG_WITH_IDS,5,fog-2,1050.000,0.000000
FOG_WITH_IDS_seed5,FOG_WITH_IDS,5,fog-3,1050.000,0.000000
FOG_WITH_IDS_seed5,FOG_WITH_IDS,5,cloud,1075.000,0.000000
FOG_WITH_IDS_seed5,FOG_WITH_IDS,5,proxy,1075.000,0.000000
FOG_WITH_IDS_seed5,FOG_WITH_IDS,5,fog-1,1075.000,0.440000
FOG_WITH_IDS_seed5,FOG_WITH_IDS,5,fog-2,1075.000,0.040000
FOG_WITH_IDS_seed5,FOG_WITH_IDS,5,fog-3,1075.000,0.440000
FOG_WITH_IDS_seed5,FOG_WITH_IDS,5,cloud,1100.000,0.000000
FOG_WITH_IDS_seed5,FOG_WITH_IDS,5,proxy,1100.000,0.000000
FOG_WITH_IDS_seed5,FOG_WITH_IDS,5,fog-1,1100.000,0.040000
FOG_WITH_IDS_seed5,FOG_WITH_IDS,5,fog-2,1100.000,0.040000
FOG_WITH_IDS_seed5,FOG_WITH_IDS,5,fog-3,1100.000,0.040000
FOG_WITH_IDS_seed5,FOG_WITH_IDS,5,cloud,1125.000,0.000000
FOG_WITH_IDS_seed5,FOG_WITH_IDS,5,proxy,1125.000,0.000000
FOG_WITH_IDS_seed5,FOG_WITH_IDS,5,fog-1,1125.000,0.480000
FOG_WITH_IDS_seed5,FOG_WITH_IDS,5,fog-2,1125.000,0.080000
FOG_WITH_IDS_seed5,FOG_WITH_IDS,5,fog-3,1125.000,0.480000
FOG_WITH_IDS_seed5,FOG_WITH_IDS,5,cloud,1150.000,0.000000
FOG_WITH_IDS_seed5,FOG_WITH_IDS,5,proxy,1150.000,0.000000
FOG_WITH_IDS_seed5,FOG_WITH_IDS,5,fog-1,1150.000,0.000000
FOG_WITH_IDS_seed5,FOG_WITH_IDS,5,fog-2,1150.000,0.000000
FOG_WITH_IDS_seed5,FOG_WITH_IDS,5,fog-3,1150.000,0.000000
FOG_WITH_IDS_seed5,FOG_WITH_IDS,5,cloud,1175.000,0.000000
FOG_WITH_IDS_seed5,FOG_WITH_IDS,5,proxy,1175.000,0.000000
FOG_WITH_IDS_seed5,FOG_WITH_IDS,5,fog-1,1175.000,0.440000
FOG_WITH_IDS_seed5,FOG_WITH_IDS,5,fog-2,1175.000,0.040000
FOG_WITH_IDS_seed5,FOG_WITH_IDS,5,fog-3,1175.000,0.440000
FOG_WITH_IDS_seed5,FOG_WITH_IDS,5,cloud,1200.000,0.000000
FOG_WITH_IDS_seed5,FOG_WITH_IDS,5,proxy,1200.000,0.000000
FOG_WITH_IDS_seed5,FOG_WITH_IDS,5,fog-1,1200.000,0.040000
FOG_WITH_IDS_seed5,FOG_WITH_IDS,5,fog-2,1200.000,0.040000
FOG_WITH_IDS_seed5,FOG_WITH_IDS,5,fog-3,1200.000,0.040000
FOG_WITH_IDS_seed5,FOG_WITH_IDS,5,cloud,1225.000,0.000000
FOG_WITH_IDS_seed5,FOG_WITH_IDS,5,proxy,1225.000,0.000000
FOG_WITH_IDS_seed5,FOG_WITH_IDS,5,fog-1,1225.000,0.480000
FOG_WITH_IDS_seed5,FOG_WITH_IDS,5,fog-2,1225.000,0.080000
FOG_WITH_IDS_seed5,FOG_WITH_IDS,5,fog-3,1225.000,0.480000
FOG_WITH_IDS_seed5,FOG_WITH_IDS,5,cloud,1250.000,0.000000
FOG_WITH_IDS_seed5,FOG_WITH_IDS,5,proxy,1250.000,0.000000
FOG_WITH_IDS_seed5,FOG_WITH_IDS,5,fog-1,1250.000,0.000000
FOG_WITH_IDS_seed5,FOG_WITH_IDS,5,fog-2,1250.000,0.000000
FOG_WITH_IDS_seed5,FOG_WITH_IDS,5,fog-3,1250.000,0.000000
FOG_WITH_IDS_seed5,FOG_WITH_IDS,5,cloud,1275.000,0.000000
FOG_WITH_IDS_seed5,FOG_WITH_IDS,5,proxy,1275.000,0.000000
FOG_WITH_IDS_seed5,FOG_WITH_IDS,5,fog-1,1275.000,0.440000
FOG_WITH_IDS_seed5,FOG_WITH_IDS,5,fog-2,1275.000,0.040000
FOG_WITH_IDS_seed5,FOG_WITH_IDS,5,fog-3,1275.000,0.440000
FOG_WITH_IDS_seed5,FOG_WITH_IDS,5,cloud,1300.000,0.000000
FOG_WITH_IDS_seed5,FOG_WITH_IDS,5,proxy,1300.000,0.000000
FOG_WITH_IDS_seed5,FOG_WITH_IDS,5,fog-1,1300.000,0.040000
FOG_WITH_IDS_seed5,FOG_WITH_IDS,5,fog-2,1300.000,0.040000
FOG_WITH_IDS_seed5,FOG_WITH_IDS,5,fog-3,1300.000,0.040000
FOG_WITH_IDS_seed5,FOG_WITH_IDS,5,cloud,1325.000,0.000000
FOG_WITH_IDS_seed5,FOG_WITH_IDS,5,proxy,1325.000,0.000000
FOG_WITH_IDS_seed5,FOG_WITH_IDS,5,fog-1,1325.000,0.480000
FOG_WITH_IDS_seed5,FOG_WITH_IDS,5,fog-2,1325.000,0.080000
FOG_WITH_IDS_seed5,FOG_WITH_IDS,5,fog-3,1325.000,0.480000
FOG_WITH_IDS_seed5,FOG_WITH_IDS,5,cloud,1350.000,0.000000
FOG_WITH_IDS_seed5,FOG_WITH_IDS,5,proxy,1350.000,0.000000
FOG_WITH_IDS_seed5,FOG_WITH_IDS,5,fog-1,1350.000,0.000000
FOG_WITH_IDS_seed5,FOG_WITH_IDS,5,fog-2,1350.000,0.000000
FOG_WITH_IDS_seed5,FOG_WITH_IDS,5,fog-3,1350.000,0.000000
FOG_WITH_IDS_seed5,FOG_WITH_IDS,5,cloud,1375.000,0.000000
FOG_WITH_IDS_seed5,FOG_WITH_IDS,5,proxy,1375.000,0.000000
FOG_WITH_IDS_seed5,FOG_WITH_IDS,5,fog-1,1375.000,0.440000
FOG_WITH_IDS_seed5,FOG_WITH_IDS,5,fog-2,1375.000,0.040000
FOG_WITH_IDS_seed5,FOG_WITH_IDS,5,fog-3,1375.000,0.440000
FOG_WITH_IDS_seed5,FOG_WITH_IDS,5,cloud,1400.000,0.000000
FOG_WITH_IDS_seed5,FOG_WITH_IDS,5,proxy,1400.000,0.000000
FOG_WITH_IDS_seed5,FOG_WITH_IDS,5,fog-1,1400.000,0.040000
FOG_WITH_IDS_seed5,FOG_WITH_IDS,5,fog-2,1400.000,0.040000
FOG_WITH_IDS_seed5,FOG_WITH_IDS,5,fog-3,1400.000,0.040000
FOG_WITH_IDS_seed5,FOG_WITH_IDS,5,cloud,1425.000,0.000000
FOG_WITH_IDS_seed5,FOG_WITH_IDS,5,proxy,1425.000,0.000000
FOG_WITH_IDS_seed5,FOG_WITH_IDS,5,fog-1,1425.000,0.480000
FOG_WITH_IDS_seed5,FOG_WITH_IDS,5,fog-2,1425.000,0.080000
FOG_WITH_IDS_seed5,FOG_WITH_IDS,5,fog-3,1425.000,0.480000
FOG_WITH_IDS_seed5,FOG_WITH_IDS,5,cloud,1450.000,0.000000
FOG_WITH_IDS_seed5,FOG_WITH_IDS,5,proxy,1450.000,0.000000
FOG_WITH_IDS_seed5,FOG_WITH_IDS,5,fog-1,1450.000,0.000000
FOG_WITH_IDS_seed5,FOG_WITH_IDS,5,fog-2,1450.000,0.000000
FOG_WITH_IDS_seed5,FOG_WITH_IDS,5,fog-3,1450.000,0.000000
FOG_WITH_IDS_seed5,FOG_WITH_IDS,5,cloud,1475.000,0.000000
FOG_WITH_IDS_seed5,FOG_WITH_IDS,5,proxy,1475.000,0.000000
FOG_WITH_IDS_seed5,FOG_WITH_IDS,5,fog-1,1475.000,0.440000
FOG_WITH_IDS_seed5,FOG_WITH_IDS,5,fog-2,1475.000,0.040000
FOG_WITH_IDS_seed5,FOG_WITH_IDS,5,fog-3,1475.000,0.440000
FOG_WITH_IDS_seed5,FOG_WITH_IDS,5,cloud,1500.000,0.000000
FOG_WITH_IDS_seed5,FOG_WITH_IDS,5,proxy,1500.000,0.000000
FOG_WITH_IDS_seed5,FOG_WITH_IDS,5,fog-1,1500.000,0.040000
FOG_WITH_IDS_seed5,FOG_WITH_IDS,5,fog-2,1500.000,0.040000
FOG_WITH_IDS_seed5,FOG_WITH_IDS,5,fog-3,1500.000,0.040000
FOG_WITH_IDS_seed5,FOG_WITH_IDS,5,cloud,1525.000,0.000000
FOG_WITH_IDS_seed5,FOG_WITH_IDS,5,proxy,1525.000,0.000000
FOG_WITH_IDS_seed5,FOG_WITH_IDS,5,fog-1,1525.000,0.480000
FOG_WITH_IDS_seed5,FOG_WITH_IDS,5,fog-2,1525.000,0.080000
FOG_WITH_IDS_seed5,FOG_WITH_IDS,5,fog-3,1525.000,0.480000
FOG_WITH_IDS_seed5,FOG_WITH_IDS,5,cloud,1550.000,0.000000
FOG_WITH_IDS_seed5,FOG_WITH_IDS,5,proxy,1550.000,0.000000
FOG_WITH_IDS_seed5,FOG_WITH_IDS,5,fog-1,1550.000,0.000000
FOG_WITH_IDS_seed5,FOG_WITH_IDS,5,fog-2,1550.000,0.000000
FOG_WITH_IDS_seed5,FOG_WITH_IDS,5,fog-3,1550.000,0.000000
FOG_WITH_IDS_seed5,FOG_WITH_IDS,5,cloud,1575.000,0.000000
FOG_WITH_IDS_seed5,FOG_WITH_IDS,5,proxy,1575.000,0.000000
FOG_WITH_IDS_seed5,FOG_WITH_IDS,5,fog-1,1575.000,0.440000
FOG_WITH_IDS_seed5,FOG_WITH_IDS,5,fog-2,1575.000,0.040000
FOG_WITH_IDS_seed5,FOG_WITH_IDS,5,fog-3,1575.000,0.440000
FOG_WITH_IDS_seed5,FOG_WITH_IDS,5,cloud,1600.000,0.000000
FOG_WITH_IDS_seed5,FOG_WITH_IDS,5,proxy,1600.000,0.000000
FOG_WITH_IDS_seed5,FOG_WITH_IDS,5,fog-1,1600.000,0.040000
FOG_WITH_IDS_seed5,FOG_WITH_IDS,5,fog-2,1600.000,0.040000
FOG_WITH_IDS_seed5,FOG_WITH_IDS,5,fog-3,1600.000,0.040000
FOG_WITH_IDS_seed5,FOG_WITH_IDS,5,cloud,1625.000,0.000000
FOG_WITH_IDS_seed5,FOG_WITH_IDS,5,proxy,1625.000,0.000000
FOG_WITH_IDS_seed5,FOG_WITH_IDS,5,fog-1,1625.000,0.480000
FOG_WITH_IDS_seed5,FOG_WITH_IDS,5,fog-2,1625.000,0.080000
FOG_WITH_IDS_seed5,FOG_WITH_IDS,5,fog-3,1625.000,0.480000
FOG_WITH_IDS_seed5,FOG_WITH_IDS,5,cloud,1650.000,0.000000
FOG_WITH_IDS_seed5,FOG_WITH_IDS,5,proxy,1650.000,0.000000
FOG_WITH_IDS_seed5,FOG_WITH_IDS,5,fog-1,1650.000,0.000000
FOG_WITH_IDS_seed5,FOG_WITH_IDS,5,fog-2,1650.000,0.000000
FOG_WITH_IDS_seed5,FOG_WITH_IDS,5,fog-3,1650.000,0.000000
FOG_WITH_IDS_seed5,FOG_WITH_IDS,5,cloud,1675.000,0.000000
FOG_WITH_IDS_seed5,FOG_WITH_IDS,5,proxy,1675.000,0.000000
FOG_WITH_IDS_seed5,FOG_WITH_IDS,5,fog-1,1675.000,0.440000
FOG_WITH_IDS_seed5,FOG_WITH_IDS,5,fog-2,1675.000,0.040000
FOG_WITH_IDS_seed5,FOG_WITH_IDS,5,fog-3,1675.000,0.440000
FOG_WITH_IDS_seed5,FOG_WITH_IDS,5,cloud,1700.000,0.000000
FOG_WITH_IDS_seed5,FOG_WITH_IDS,5,proxy,1700.000,0.000000
FOG_WITH_IDS_seed5,FOG_WITH_IDS,5,fog-1,1700.000,0.040000
FOG_WITH_IDS_seed5,FOG_WITH_IDS,5,fog-2,1700.000,0.040000
FOG_WITH_IDS_seed5,FOG_WITH_IDS,5,fog-3,1700.000,0.040000
FOG_WITH_IDS_seed5,FOG_WITH_IDS,5,cloud,1725.000,0.000000
FOG_WITH_IDS_seed5,FOG_WITH_IDS,5,proxy,1725.000,0.000000
FOG_WITH_IDS_seed5,FOG_WITH_IDS,5,fog-1,1725.000,0.480000
FOG_WITH_IDS_seed5,FOG_WITH_IDS,5,fog-2,1725.000,0.080000
FOG_WITH_IDS_seed5,FOG_WITH_IDS,5,fog-3,1725.000,0.480000
FOG_WITH_IDS_seed5,FOG_WITH_IDS,5,cloud,1750.000,0.000000
FOG_WITH_IDS_seed5,FOG_WITH_IDS,5,proxy,1750.000,0.000000
FOG_WITH_IDS_seed5,FOG_WITH_IDS,5,fog-1,1750.000,0.000000
FOG_WITH_IDS_seed5,FOG_WITH_IDS,5,fog-2,1750.000,0.000000
FOG_WITH_IDS_seed5,FOG_WITH_IDS,5,fog-3,1750.000,0.000000
FOG_WITH_IDS_seed5,FOG_WITH_IDS,5,cloud,1775.000,0.000000
FOG_WITH_IDS_seed5,FOG_WITH_IDS,5,proxy,1775.000,0.000000
FOG_WITH_IDS_seed5,FOG_WITH_IDS,5,fog-1,1775.000,0.440000
FOG_WITH_IDS_seed5,FOG_WITH_IDS,5,fog-2,1775.000,0.040000
FOG_WITH_IDS_seed5,FOG_WITH_IDS,5,fog-3,1775.000,0.440000
FOG_WITH_IDS_seed5,FOG_WITH_IDS,5,cloud,1800.000,0.000000
FOG_WITH_IDS_seed5,FOG_WITH_IDS,5,proxy,1800.000,0.000000
FOG_WITH_IDS_seed5,FOG_WITH_IDS,5,fog-1,1800.000,0.040000
FOG_WITH_IDS_seed5,FOG_WITH_IDS,5,fog-2,1800.000,0.040000
FOG_WITH_IDS_seed5,FOG_WITH_IDS,5,fog-3,1800.000,0.040000
FOG_WITH_IDS_seed5,FOG_WITH_IDS,5,cloud,1825.000,0.000000
FOG_WITH_IDS_seed5,FOG_WITH_IDS,5,proxy,1825.000,0.000000
FOG_WITH_IDS_seed5,FOG_WITH_IDS,5,fog-1,1825.000,0.480000
FOG_WITH_IDS_seed5,FOG_WITH_IDS,5,fog-2,1825.000,0.080000
FOG_WITH_IDS_seed5,FOG_WITH_IDS,5,fog-3,1825.000,0.480000
FOG_WITH_IDS_seed5,FOG_WITH_IDS,5,cloud,1850.000,0.000000
FOG_WITH_IDS_seed5,FOG_WITH_IDS,5,proxy,1850.000,0.000000
FOG_WITH_IDS_seed5,FOG_WITH_IDS,5,fog-1,1850.000,0.000000
FOG_WITH_IDS_seed5,FOG_WITH_IDS,5,fog-2,1850.000,0.000000
FOG_WITH_IDS_seed5,FOG_WITH_IDS,5,fog-3,1850.000,0.000000
FOG_WITH_IDS_seed5,FOG_WITH_IDS,5,cloud,1875.000,0.000000
FOG_WITH_IDS_seed5,FOG_WITH_IDS,5,proxy,1875.000,0.000000
FOG_WITH_IDS_seed5,FOG_WITH_IDS,5,fog-1,1875.000,0.440000
FOG_WITH_IDS_seed5,FOG_WITH_IDS,5,fog-2,1875.000,0.040000
FOG_WITH_IDS_seed5,FOG_WITH_IDS,5,fog-3,1875.000,0.440000
FOG_WITH_IDS_seed5,FOG_WITH_IDS,5,cloud,1900.000,0.000000
FOG_WITH_IDS_seed5,FOG_WITH_IDS,5,proxy,1900.000,0.000000
FOG_WITH_IDS_seed5,FOG_WITH_IDS,5,fog-1,1900.000,0.040000
FOG_WITH_IDS_seed5,FOG_WITH_IDS,5,fog-2,1900.000,0.040000
FOG_WITH_IDS_seed5,FOG_WITH_IDS,5,fog-3,1900.000,0.040000
FOG_WITH_IDS_seed5,FOG_WITH_IDS,5,cloud,1925.000,0.000000
FOG_WITH_IDS_seed5,FOG_WITH_IDS,5,proxy,1925.000,0.000000
FOG_WITH_IDS_seed5,FOG_WITH_IDS,5,fog-1,1925.000,0.480000
FOG_WITH_IDS_seed5,FOG_WITH_IDS,5,fog-2,1925.000,0.080000
FOG_WITH_IDS_seed5,FOG_WITH_IDS,5,fog-3,1925.000,0.480000
FOG_WITH_IDS_seed5,FOG_WITH_IDS,5,cloud,1950.000,0.000000
FOG_WITH_IDS_seed5,FOG_WITH_IDS,5,proxy,1950.000,0.000000
FOG_WITH_IDS_seed5,FOG_WITH_IDS,5,fog-1,1950.000,0.000000
FOG_WITH_IDS_seed5,FOG_WITH_IDS,5,fog-2,1950.000,0.000000
FOG_WITH_IDS_seed5,FOG_WITH_IDS,5,fog-3,1950.000,0.000000
FOG_WITH_IDS_seed5,FOG_WITH_IDS,5,cloud,1975.000,0.000000
FOG_WITH_IDS_seed5,FOG_WITH_IDS,5,proxy,1975.000,0.000000
FOG_WITH_IDS_seed5,FOG_WITH_IDS,5,fog-1,1975.000,0.440000
FOG_WITH_IDS_seed5,FOG_WITH_IDS,5,fog-2,1975.000,0.040000
FOG_WITH_IDS_seed5,FOG_WITH_IDS,5,fog-3,1975.000,0.440000
FOG_WITH_IDS_seed5,FOG_WITH_IDS,5,cloud,2000.000,0.000000
FOG_WITH_IDS_seed5,FOG_WITH_IDS,5,proxy,2000.000,0.000000
FOG_WITH_IDS_seed5,FOG_WITH_IDS,5,fog-1,2000.000,0.040000
FOG_WITH_IDS_seed5,FOG_WITH_IDS,5,fog-2,2000.000,0.040000
FOG_WITH_IDS_seed5,FOG_WITH_IDS,5,fog-3,2000.000,0.040000
FOG_WITH_IDS_seed5,FOG_WITH_IDS,5,cloud,2025.000,0.000000
FOG_WITH_IDS_seed5,FOG_WITH_IDS,5,proxy,2025.000,0.000000
FOG_WITH_IDS_seed5,FOG_WITH_IDS,5,fog-1,2025.000,0.480000
FOG_WITH_IDS_seed5,FOG_WITH_IDS,5,fog-2,2025.000,0.080000
FOG_WITH_IDS_seed5,FOG_WITH_IDS,5,fog-3,2025.000,0.480000
FOG_WITH_IDS_seed5,FOG_WITH_IDS,5,cloud,2050.000,0.000000
FOG_WITH_IDS_seed5,FOG_WITH_IDS,5,proxy,2050.000,0.000000
FOG_WITH_IDS_seed5,FOG_WITH_IDS,5,fog-1,2050.000,0.000000
FOG_WITH_IDS_seed5,FOG_WITH_IDS,5,fog-2,2050.000,0.000000
FOG_WITH_IDS_seed5,FOG_WITH_IDS,5,fog-3,2050.000,0.000000
FOG_WITH_IDS_seed5,FOG_WITH_IDS,5,cloud,2075.000,0.000000
FOG_WITH_IDS_seed5,FOG_WITH_IDS,5,proxy,2075.000,0.000000
FOG_WITH_IDS_seed5,FOG_WITH_IDS,5,fog-1,2075.000,0.440000
FOG_WITH_IDS_seed5,FOG_WITH_IDS,5,fog-2,2075.000,0.040000
FOG_WITH_IDS_seed5,FOG_WITH_IDS,5,fog-3,2075.000,0.440000
FOG_WITH_IDS_seed5,FOG_WITH_IDS,5,cloud,2100.000,0.000000
FOG_WITH_IDS_seed5,FOG_WITH_IDS,5,proxy,2100.000,0.000000
FOG_WITH_IDS_seed5,FOG_WITH_IDS,5,fog-1,2100.000,0.040000
FOG_WITH_IDS_seed5,FOG_WITH_IDS,5,fog-2,2100.000,0.040000
FOG_WITH_IDS_seed5,FOG_WITH_IDS,5,fog-3,2100.000,0.040000
FOG_WITH_IDS_seed5,FOG_WITH_IDS,5,cloud,2125.000,0.000000
FOG_WITH_IDS_seed5,FOG_WITH_IDS,5,proxy,2125.000,0.000000
FOG_WITH_IDS_seed5,FOG_WITH_IDS,5,fog-1,2125.000,0.480000
FOG_WITH_IDS_seed5,FOG_WITH_IDS,5,fog-2,2125.000,0.080000
FOG_WITH_IDS_seed5,FOG_WITH_IDS,5,fog-3,2125.000,0.480000
FOG_WITH_IDS_seed5,FOG_WITH_IDS,5,cloud,2150.000,0.000000
FOG_WITH_IDS_seed5,FOG_WITH_IDS,5,proxy,2150.000,0.000000
FOG_WITH_IDS_seed5,FOG_WITH_IDS,5,fog-1,2150.000,0.000000
FOG_WITH_IDS_seed5,FOG_WITH_IDS,5,fog-2,2150.000,0.000000
FOG_WITH_IDS_seed5,FOG_WITH_IDS,5,fog-3,2150.000,0.000000
FOG_WITH_IDS_seed5,FOG_WITH_IDS,5,cloud,2175.000,0.000000
FOG_WITH_IDS_seed5,FOG_WITH_IDS,5,proxy,2175.000,0.000000
FOG_WITH_IDS_seed5,FOG_WITH_IDS,5,fog-1,2175.000,0.440000
FOG_WITH_IDS_seed5,FOG_WITH_IDS,5,fog-2,2175.000,0.040000
FOG_WITH_IDS_seed5,FOG_WITH_IDS,5,fog-3,2175.000,0.440000
FOG_WITH_IDS_seed5,FOG_WITH_IDS,5,cloud,2200.000,0.000000
FOG_WITH_IDS_seed5,FOG_WITH_IDS,5,proxy,2200.000,0.000000
FOG_WITH_IDS_seed5,FOG_WITH_IDS,5,fog-1,2200.000,0.040000
FOG_WITH_IDS_seed5,FOG_WITH_IDS,5,fog-2,2200.000,0.040000
FOG_WITH_IDS_seed5,FOG_WITH_IDS,5,fog-3,2200.000,0.040000
FOG_WITH_IDS_seed5,FOG_WITH_IDS,5,cloud,2225.000,0.000000
FOG_WITH_IDS_seed5,FOG_WITH_IDS,5,proxy,2225.000,0.000000
FOG_WITH_IDS_seed5,FOG_WITH_IDS,5,fog-1,2225.000,0.480000
FOG_WITH_IDS_seed5,FOG_WITH_IDS,5,fog-2,2225.000,0.080000
FOG_WITH_IDS_seed5,FOG_WITH_IDS,5,fog-3,2225.000,0.480000
FOG_WITH_IDS_seed5,FOG_WITH_IDS,5,cloud,2250.000,0.000000
FOG_WITH_IDS_seed5,FOG_WITH_IDS,5,proxy,2250.000,0.000000
FOG_WITH_IDS_seed5,FOG_WITH_IDS,5,fog-1,2250.000,0.000000
FOG_WITH_IDS_seed5,FOG_WITH_IDS,5,fog-2,2250.000,0.000000
FOG_WITH_IDS_seed5,FOG_WITH_IDS,5,fog-3,2250.000,0.000000
FOG_WITH_IDS_seed5,FOG_WITH_IDS,5,cloud,2275.000,0.000000
FOG_WITH_IDS_seed5,FOG_WITH_IDS,5,proxy,2275.000,0.000000
FOG_WITH_IDS_seed5,FOG_WITH_IDS,5,fog-1,2275.000,0.440000
FOG_WITH_IDS_seed5,FOG_WITH_IDS,5,fog-2,2275.000,0.040000
FOG_WITH_IDS_seed5,FOG_WITH_IDS,5,fog-3,2275.000,0.440000
FOG_WITH_IDS_seed5,FOG_WITH_IDS,5,cloud,2300.000,0.000000
FOG_WITH_IDS_seed5,FOG_WITH_IDS,5,proxy,2300.000,0.000000
FOG_WITH_IDS_seed5,FOG_WITH_IDS,5,fog-1,2300.000,0.040000
FOG_WITH_IDS_seed5,FOG_WITH_IDS,5,fog-2,2300.000,0.040000
FOG_WITH_IDS_seed5,FOG_WITH_IDS,5,fog-3,2300.000,0.040000
FOG_WITH_IDS_seed5,FOG_WITH_IDS,5,cloud,2325.000,0.000000
FOG_WITH_IDS_seed5,FOG_WITH_IDS,5,proxy,2325.000,0.000000
FOG_WITH_IDS_seed5,FOG_WITH_IDS,5,fog-1,2325.000,0.480000
FOG_WITH_IDS_seed5,FOG_WITH_IDS,5,fog-2,2325.000,0.080000
FOG_WITH_IDS_seed5,FOG_WITH_IDS,5,fog-3,2325.000,0.480000
FOG_WITH_IDS_seed5,FOG_WITH_IDS,5,cloud,2350.000,0.000000
FOG_WITH_IDS_seed5,FOG_WITH_IDS,5,proxy,2350.000,0.000000
FOG_WITH_IDS_seed5,FOG_WITH_IDS,5,fog-1,2350.000,0.000000
FOG_WITH_IDS_seed5,FOG_WITH_IDS,5,fog-2,2350.000,0.000000
FOG_WITH_IDS_seed5,FOG_WITH_IDS,5,fog-3,2350.000,0.000000
FOG_WITH_IDS_seed5,FOG_WITH_IDS,5,cloud,2375.000,0.000000
FOG_WITH_IDS_seed5,FOG_WITH_IDS,5,proxy,2375.000,0.000000
FOG_WITH_IDS_seed5,FOG_WITH_IDS,5,fog-1,2375.000,0.440000
FOG_WITH_IDS_seed5,FOG_WITH_IDS,5,fog-2,2375.000,0.040000
FOG_WITH_IDS_seed5,FOG_WITH_IDS,5,fog-3,2375.000,0.440000
FOG_WITH_IDS_seed5,FOG_WITH_IDS,5,cloud,2400.000,0.000000
FOG_WITH_IDS_seed5,FOG_WITH_IDS,5,proxy,2400.000,0.000000
FOG_WITH_IDS_seed5,FOG_WITH_IDS,5,fog-1,2400.000,0.040000
FOG_WITH_IDS_seed5,FOG_WITH_IDS,5,fog-2,2400.000,0.040000
FOG_WITH_IDS_seed5,FOG_WITH_IDS,5,fog-3,2400.000,0.040000
FOG_WITH_IDS_seed5,FOG_WITH_IDS,5,cloud,2425.000,0.000000
FOG_WITH_IDS_seed5,FOG_WITH_IDS,5,proxy,2425.000,0.000000
FOG_WITH_IDS_seed5,FOG_WITH_IDS,5,fog-1,2425.000,0.480000
FOG_WITH_IDS_seed5,FOG_WITH_IDS,5,fog-2,2425.000,0.080000
FOG_WITH_IDS_seed5,FOG_WITH_IDS,5,fog-3,2425.000,0.480000
FOG_WITH_IDS_seed5,FOG_WITH_IDS,5,cloud,2450.000,0.000000
FOG_WITH_IDS_seed5,FOG_WITH_IDS,5,proxy,2450.000,0.000000
FOG_WITH_IDS_seed5,FOG_WITH_IDS,5,fog-1,2450.000,0.000000
FOG_WITH_IDS_seed5,FOG_WITH_IDS,5,fog-2,2450.000,0.000000
FOG_WITH_IDS_seed5,FOG_WITH_IDS,5,fog-3,2450.000,0.000000
FOG_WITH_IDS_seed5,FOG_WITH_IDS,5,cloud,2475.000,0.000000
FOG_WITH_IDS_seed5,FOG_WITH_IDS,5,proxy,2475.000,0.000000
FOG_WITH_IDS_seed5,FOG_WITH_IDS,5,fog-1,2475.000,0.440000
FOG_WITH_IDS_seed5,FOG_WITH_IDS,5,fog-2,2475.000,0.040000
FOG_WITH_IDS_seed5,FOG_WITH_IDS,5,fog-3,2475.000,0.440000
FOG_WITH_IDS_seed5,FOG_WITH_IDS,5,cloud,2500.000,0.000000
FOG_WITH_IDS_seed5,FOG_WITH_IDS,5,proxy,2500.000,0.000000
FOG_WITH_IDS_seed5,FOG_WITH_IDS,5,fog-1,2500.000,0.040000
FOG_WITH_IDS_seed5,FOG_WITH_IDS,5,fog-2,2500.000,0.040000
FOG_WITH_IDS_seed5,FOG_WITH_IDS,5,fog-3,2500.000,0.040000
FOG_WITH_IDS_seed5,FOG_WITH_IDS,5,cloud,2525.000,0.000000
FOG_WITH_IDS_seed5,FOG_WITH_IDS,5,proxy,2525.000,0.000000
FOG_WITH_IDS_seed5,FOG_WITH_IDS,5,fog-1,2525.000,0.480000
FOG_WITH_IDS_seed5,FOG_WITH_IDS,5,fog-2,2525.000,0.080000
FOG_WITH_IDS_seed5,FOG_WITH_IDS,5,fog-3,2525.000,0.480000
FOG_WITH_IDS_seed5,FOG_WITH_IDS,5,cloud,2550.000,0.000000
FOG_WITH_IDS_seed5,FOG_WITH_IDS,5,proxy,2550.000,0.000000
FOG_WITH_IDS_seed5,FOG_WITH_IDS,5,fog-1,2550.000,0.000000
FOG_WITH_IDS_seed5,FOG_WITH_IDS,5,fog-2,2550.000,0.000000
FOG_WITH_IDS_seed5,FOG_WITH_IDS,5,fog-3,2550.000,0.000000
FOG_WITH_IDS_seed5,FOG_WITH_IDS,5,cloud,2575.000,0.000000
FOG_WITH_IDS_seed5,FOG_WITH_IDS,5,proxy,2575.000,0.000000
FOG_WITH_IDS_seed5,FOG_WITH_IDS,5,fog-1,2575.000,0.440000
FOG_WITH_IDS_seed5,FOG_WITH_IDS,5,fog-2,2575.000,0.040000
FOG_WITH_IDS_seed5,FOG_WITH_IDS,5,fog-3,2575.000,0.440000
FOG_WITH_IDS_seed5,FOG_WITH_IDS,5,cloud,2600.000,0.000000
FOG_WITH_IDS_seed5,FOG_WITH_IDS,5,proxy,2600.000,0.000000
FOG_WITH_IDS_seed5,FOG_WITH_IDS,5,fog-1,2600.000,0.040000
FOG_WITH_IDS_seed5,FOG_WITH_IDS,5,fog-2,2600.000,0.040000
FOG_WITH_IDS_seed5,FOG_WITH_IDS,5,fog-3,2600.000,0.040000
FOG_WITH_IDS_seed5,FOG_WITH_IDS,5,cloud,2625.000,0.000000
FOG_WITH_IDS_seed5,FOG_WITH_IDS,5,proxy,2625.000,0.000000
FOG_WITH_IDS_seed5,FOG_WITH_IDS,5,fog-1,2625.000,0.480000
FOG_WITH_IDS_seed5,FOG_WITH_IDS,5,fog-2,2625.000,0.080000
FOG_WITH_IDS_seed5,FOG_WITH_IDS,5,fog-3,2625.000,0.480000
FOG_WITH_IDS_seed5,FOG_WITH_IDS,5,cloud,2650.000,0.000000
FOG_WITH_IDS_seed5,FOG_WITH_IDS,5,proxy,2650.000,0.000000
FOG_WITH_IDS_seed5,FOG_WITH_IDS,5,fog-1,2650.000,0.000000
FOG_WITH_IDS_seed5,FOG_WITH_IDS,5,fog-2,2650.000,0.000000
FOG_WITH_IDS_seed5,FOG_WITH_IDS,5,fog-3,2650.000,0.000000
FOG_WITH_IDS_seed5,FOG_WITH_IDS,5,cloud,2675.000,0.000000
FOG_WITH_IDS_seed5,FOG_WITH_IDS,5,proxy,2675.000,0.000000
FOG_WITH_IDS_seed5,FOG_WITH_IDS,5,fog-1,2675.000,0.440000
FOG_WITH_IDS_seed5,FOG_WITH_IDS,5,fog-2,2675.000,0.040000
FOG_WITH_IDS_seed5,FOG_WITH_IDS,5,fog-3,2675.000,0.440000
FOG_WITH_IDS_seed5,FOG_WITH_IDS,5,cloud,2700.000,0.000000
FOG_WITH_IDS_seed5,FOG_WITH_IDS,5,proxy,2700.000,0.000000
FOG_WITH_IDS_seed5,FOG_WITH_IDS,5,fog-1,2700.000,0.040000
FOG_WITH_IDS_seed5,FOG_WITH_IDS,5,fog-2,2700.000,0.040000
FOG_WITH_IDS_seed5,FOG_WITH_IDS,5,fog-3,2700.000,0.040000
FOG_WITH_IDS_seed5,FOG_WITH_IDS,5,cloud,2725.000,0.000000
FOG_WITH_IDS_seed5,FOG_WITH_IDS,5,proxy,2725.000,0.000000
FOG_WITH_IDS_seed5,FOG_WITH_IDS,5,fog-1,2725.000,0.480000
FOG_WITH_IDS_seed5,FOG_WITH_IDS,5,fog-2,2725.000,0.080000
FOG_WITH_IDS_seed5,FOG_WITH_IDS,5,fog-3,2725.000,0.480000
FOG_WITH_IDS_seed5,FOG_WITH_IDS,5,cloud,2750.000,0.000000
FOG_WITH_IDS_seed5,FOG_WITH_IDS,5,proxy,2750.000,0.000000
FOG_WITH_IDS_seed5,FOG_WITH_IDS,5,fog-1,2750.000,0.000000
FOG_WITH_IDS_seed5,FOG_WITH_IDS,5,fog-2,2750.000,0.000000
FOG_WITH_IDS_seed5,FOG_WITH_IDS,5,fog-3,2750.000,0.000000
FOG_WITH_IDS_seed5,FOG_WITH_IDS,5,cloud,2775.000,0.000000
FOG_WITH_IDS_seed5,FOG_WITH_IDS,5,proxy,2775.000,0.000000
FOG_WITH_IDS_seed5,FOG_WITH_IDS,5,fog-1,2775.000,0.440000
FOG_WITH_IDS_seed5,FOG_WITH_IDS,5,fog-2,2775.000,0.040000
FOG_WITH_IDS_seed5,FOG_WITH_IDS,5,fog-3,2775.000,0.440000
FOG_WITH_IDS_seed5,FOG_WITH_IDS,5,cloud,2800.000,0.000000
FOG_WITH_IDS_seed5,FOG_WITH_IDS,5,proxy,2800.000,0.000000
FOG_WITH_IDS_seed5,FOG_WITH_IDS,5,fog-1,2800.000,0.040000
FOG_WITH_IDS_seed5,FOG_WITH_IDS,5,fog-2,2800.000,0.040000
FOG_WITH_IDS_seed5,FOG_WITH_IDS,5,fog-3,2800.000,0.040000
FOG_WITH_IDS_seed5,FOG_WITH_IDS,5,cloud,2825.000,0.000000
FOG_WITH_IDS_seed5,FOG_WITH_IDS,5,proxy,2825.000,0.000000
FOG_WITH_IDS_seed5,FOG_WITH_IDS,5,fog-1,2825.000,0.480000
FOG_WITH_IDS_seed5,FOG_WITH_IDS,5,fog-2,2825.000,0.080000
FOG_WITH_IDS_seed5,FOG_WITH_IDS,5,fog-3,2825.000,0.480000
FOG_WITH_IDS_seed5,FOG_WITH_IDS,5,cloud,2850.000,0.000000
FOG_WITH_IDS_seed5,FOG_WITH_IDS,5,proxy,2850.000,0.000000
FOG_WITH_IDS_seed5,FOG_WITH_IDS,5,fog-1,2850.000,0.000000
FOG_WITH_IDS_seed5,FOG_WITH_IDS,5,fog-2,2850.000,0.000000
FOG_WITH_IDS_seed5,FOG_WITH_IDS,5,fog-3,2850.000,0.000000
FOG_WITH_IDS_seed5,FOG_WITH_IDS,5,cloud,2875.000,0.000000
FOG_WITH_IDS_seed5,FOG_WITH_IDS,5,proxy,2875.000,0.000000
FOG_WITH_IDS_seed5,FOG_WITH_IDS,5,fog-1,2875.000,0.440000
FOG_WITH_IDS_seed5,FOG_WITH_IDS,5,fog-2,2875.000,0.040000
FOG_WITH_IDS_seed5,FOG_WITH_IDS,5,fog-3,2875.000,0.440000
FOG_WITH_IDS_seed5,FOG_WITH_IDS,5,cloud,2900.000,0.000000
FOG_WITH_IDS_seed5,FOG_WITH_IDS,5,proxy,2900.000,0.000000
FOG_WITH_IDS_seed5,FOG_WITH_IDS,5,fog-1,2900.000,0.040000
FOG_WITH_IDS_seed5,FOG_WITH_IDS,5,fog-2,2900.000,0.040000
FOG_WITH_IDS_seed5,FOG_WITH_IDS,5,fog-3,2900.000,0.040000
FOG_WITH_IDS_seed5,FOG_WITH_IDS,5,cloud,2925.000,0.000000
FOG_WITH_IDS_seed5,FOG_WITH_IDS,5,proxy,2925.000,0.000000
FOG_WITH_IDS_seed5,FOG_WITH_IDS,5,fog-1,2925.000,0.480000
FOG_WITH_IDS_seed5,FOG_WITH_IDS,5,fog-2,2925.000,0.080000
FOG_WITH_IDS_seed5,FOG_WITH_IDS,5,fog-3,2925.000,0.480000
FOG_WITH_IDS_seed5,FOG_WITH_IDS,5,cloud,2950.000,0.000000
FOG_WITH_IDS_seed5,FOG_WITH_IDS,5,proxy,2950.000,0.000000
FOG_WITH_IDS_seed5,FOG_WITH_IDS,5,fog-1,2950.000,0.000000
FOG_WITH_IDS_seed5,FOG_WITH_IDS,5,fog-2,2950.000,0.000000
FOG_WITH_IDS_seed5,FOG_WITH_IDS,5,fog-3,2950.000,0.000000
FOG_WITH_IDS_seed5,FOG_WITH_IDS,5,cloud,2975.000,0.000000
FOG_WITH_IDS_seed5,FOG_WITH_IDS,5,proxy,2975.000,0.000000
FOG_WITH_IDS_seed5,FOG_WITH_IDS,5,fog-1,2975.000,0.440000
FOG_WITH_IDS_seed5,FOG_WITH_IDS,5,fog-2,2975.000,0.040000
FOG_WITH_IDS_seed5,FOG_WITH_IDS,5,fog-3,2975.000,0.440000
FOG_WITH_IDS_seed5,FOG_WITH_IDS,5,cloud,3000.000,0.000000
FOG_WITH_IDS_seed5,FOG_WITH_IDS,5,proxy,3000.000,0.000000
FOG_WITH_IDS_seed5,FOG_WITH_IDS,5,fog-1,3000.000,0.040000
FOG_WITH_IDS_seed5,FOG_WITH_IDS,5,fog-2,3000.000,0.040000
FOG_WITH_IDS_seed5,FOG_WITH_IDS,5,fog-3,3000.000,0.040000
FOG_WITH_IDS_seed5,FOG_WITH_IDS,5,cloud,3025.000,0.000000
FOG_WITH_IDS_seed5,FOG_WITH_IDS,5,proxy,3025.000,0.000000
FOG_WITH_IDS_seed5,FOG_WITH_IDS,5,fog-1,3025.000,0.480000
FOG_WITH_IDS_seed5,FOG_WITH_IDS,5,fog-2,3025.000,0.080000
FOG_WITH_IDS_seed5,FOG_WITH_IDS,5,fog-3,3025.000,0.480000
FOG_WITH_IDS_seed5,FOG_WITH_IDS,5,cloud,3050.000,0.000000
FOG_WITH_IDS_seed5,FOG_WITH_IDS,5,proxy,3050.000,0.000000
FOG_WITH_IDS_seed5,FOG_WITH_IDS,5,fog-1,3050.000,0.000000
FOG_WITH_IDS_seed5,FOG_WITH_IDS,5,fog-2,3050.000,0.000000
FOG_WITH_IDS_seed5,FOG_WITH_IDS,5,fog-3,3050.000,0.000000
FOG_WITH_IDS_seed5,FOG_WITH_IDS,5,cloud,3075.000,0.000000
FOG_WITH_IDS_seed5,FOG_WITH_IDS,5,proxy,3075.000,0.000000
FOG_WITH_IDS_seed5,FOG_WITH_IDS,5,fog-1,3075.000,0.440000
FOG_WITH_IDS_seed5,FOG_WITH_IDS,5,fog-2,3075.000,0.040000
FOG_WITH_IDS_seed5,FOG_WITH_IDS,5,fog-3,3075.000,0.440000
FOG_WITH_IDS_seed5,FOG_WITH_IDS,5,cloud,3100.000,0.000000
FOG_WITH_IDS_seed5,FOG_WITH_IDS,5,proxy,3100.000,0.000000
FOG_WITH_IDS_seed5,FOG_WITH_IDS,5,fog-1,3100.000,0.040000
FOG_WITH_IDS_seed5,FOG_WITH_IDS,5,fog-2,3100.000,0.040000
FOG_WITH_IDS_seed5,FOG_WITH_IDS,5,fog-3,3100.000,0.040000
FOG_WITH_IDS_seed5,FOG_WITH_IDS,5,cloud,3125.000,0.000000
FOG_WITH_IDS_seed5,FOG_WITH_IDS,5,proxy,3125.000,0.000000
FOG_WITH_IDS_seed5,FOG_WITH_IDS,5,fog-1,3125.000,0.480000
FOG_WITH_IDS_seed5,FOG_WITH_IDS,5,fog-2,3125.000,0.080000
FOG_WITH_IDS_seed5,FOG_WITH_IDS,5,fog-3,3125.000,0.480000
FOG_WITH_IDS_seed5,FOG_WITH_IDS,5,cloud,3150.000,0.000000
FOG_WITH_IDS_seed5,FOG_WITH_IDS,5,proxy,3150.000,0.000000
FOG_WITH_IDS_seed5,FOG_WITH_IDS,5,fog-1,3150.000,0.000000
FOG_WITH_IDS_seed5,FOG_WITH_IDS,5,fog-2,3150.000,0.000000
FOG_WITH_IDS_seed5,FOG_WITH_IDS,5,fog-3,3150.000,0.000000
FOG_WITH_IDS_seed5,FOG_WITH_IDS,5,cloud,3175.000,0.000000
FOG_WITH_IDS_seed5,FOG_WITH_IDS,5,proxy,3175.000,0.000000
FOG_WITH_IDS_seed5,FOG_WITH_IDS,5,fog-1,3175.000,0.440000
FOG_WITH_IDS_seed5,FOG_WITH_IDS,5,fog-2,3175.000,0.040000
FOG_WITH_IDS_seed5,FOG_WITH_IDS,5,fog-3,3175.000,0.440000
FOG_WITH_IDS_seed5,FOG_WITH_IDS,5,cloud,3200.000,0.000000
FOG_WITH_IDS_seed5,FOG_WITH_IDS,5,proxy,3200.000,0.000000
FOG_WITH_IDS_seed5,FOG_WITH_IDS,5,fog-1,3200.000,0.040000
FOG_WITH_IDS_seed5,FOG_WITH_IDS,5,fog-2,3200.000,0.040000
FOG_WITH_IDS_seed5,FOG_WITH_IDS,5,fog-3,3200.000,0.040000
FOG_WITH_IDS_seed5,FOG_WITH_IDS,5,cloud,3225.000,0.000000
FOG_WITH_IDS_seed5,FOG_WITH_IDS,5,proxy,3225.000,0.000000
FOG_WITH_IDS_seed5,FOG_WITH_IDS,5,fog-1,3225.000,0.480000
FOG_WITH_IDS_seed5,FOG_WITH_IDS,5,fog-2,3225.000,0.080000
FOG_WITH_IDS_seed5,FOG_WITH_IDS,5,fog-3,3225.000,0.480000
FOG_WITH_IDS_seed5,FOG_WITH_IDS,5,cloud,3250.000,0.000000
FOG_WITH_IDS_seed5,FOG_WITH_IDS,5,proxy,3250.000,0.000000
FOG_WITH_IDS_seed5,FOG_WITH_IDS,5,fog-1,3250.000,0.000000
FOG_WITH_IDS_seed5,FOG_WITH_IDS,5,fog-2,3250.000,0.000000
FOG_WITH_IDS_seed5,FOG_WITH_IDS,5,fog-3,3250.000,0.000000
FOG_WITH_IDS_seed5,FOG_WITH_IDS,5,cloud,3275.000,0.000000
FOG_WITH_IDS_seed5,FOG_WITH_IDS,5,proxy,3275.000,0.000000
FOG_WITH_IDS_seed5,FOG_WITH_IDS,5,fog-1,3275.000,0.440000
FOG_WITH_IDS_seed5,FOG_WITH_IDS,5,fog-2,3275.000,0.040000
FOG_WITH_IDS_seed5,FOG_WITH_IDS,5,fog-3,3275.000,0.440000
FOG_WITH_IDS_seed5,FOG_WITH_IDS,5,cloud,3300.000,0.000000
FOG_WITH_IDS_seed5,FOG_WITH_IDS,5,proxy,3300.000,0.000000
FOG_WITH_IDS_seed5,FOG_WITH_IDS,5,fog-1,3300.000,0.040000
FOG_WITH_IDS_seed5,FOG_WITH_IDS,5,fog-2,3300.000,0.040000
FOG_WITH_IDS_seed5,FOG_WITH_IDS,5,fog-3,3300.000,0.040000
FOG_WITH_IDS_seed5,FOG_WITH_IDS,5,cloud,3325.000,0.000000
FOG_WITH_IDS_seed5,FOG_WITH_IDS,5,proxy,3325.000,0.000000
FOG_WITH_IDS_seed5,FOG_WITH_IDS,5,fog-1,3325.000,0.480000
FOG_WITH_IDS_seed5,FOG_WITH_IDS,5,fog-2,3325.000,0.080000
FOG_WITH_IDS_seed5,FOG_WITH_IDS,5,fog-3,3325.000,0.480000
FOG_WITH_IDS_seed5,FOG_WITH_IDS,5,cloud,3350.000,0.000000
FOG_WITH_IDS_seed5,FOG_WITH_IDS,5,proxy,3350.000,0.000000
FOG_WITH_IDS_seed5,FOG_WITH_IDS,5,fog-1,3350.000,0.000000
FOG_WITH_IDS_seed5,FOG_WITH_IDS,5,fog-2,3350.000,0.000000
FOG_WITH_IDS_seed5,FOG_WITH_IDS,5,fog-3,3350.000,0.000000
FOG_WITH_IDS_seed5,FOG_WITH_IDS,5,cloud,3375.000,0.000000
FOG_WITH_IDS_seed5,FOG_WITH_IDS,5,proxy,3375.000,0.000000
FOG_WITH_IDS_seed5,FOG_WITH_IDS,5,fog-1,3375.000,0.440000
FOG_WITH_IDS_seed5,FOG_WITH_IDS,5,fog-2,3375.000,0.040000
FOG_WITH_IDS_seed5,FOG_WITH_IDS,5,fog-3,3375.000,0.440000
FOG_WITH_IDS_seed5,FOG_WITH_IDS,5,cloud,3400.000,0.000000
FOG_WITH_IDS_seed5,FOG_WITH_IDS,5,proxy,3400.000,0.000000
FOG_WITH_IDS_seed5,FOG_WITH_IDS,5,fog-1,3400.000,0.040000
FOG_WITH_IDS_seed5,FOG_WITH_IDS,5,fog-2,3400.000,0.040000
FOG_WITH_IDS_seed5,FOG_WITH_IDS,5,fog-3,3400.000,0.040000
FOG_WITH_IDS_seed5,FOG_WITH_IDS,5,cloud,3425.000,0.000000
FOG_WITH_IDS_seed5,FOG_WITH_IDS,5,proxy,3425.000,0.000000
FOG_WITH_IDS_seed5,FOG_WITH_IDS,5,fog-1,3425.000,0.480000
FOG_WITH_IDS_seed5,FOG_WITH_IDS,5,fog-2,3425.000,0.080000
FOG_WITH_IDS_seed5,FOG_WITH_IDS,5,fog-3,3425.000,0.480000
FOG_WITH_IDS_seed5,FOG_WITH_IDS,5,cloud,3450.000,0.000000
FOG_WITH_IDS_seed5,FOG_WITH_IDS,5,proxy,3450.000,0.000000
FOG_WITH_IDS_seed5,FOG_WITH_IDS,5,fog-1,3450.000,0.000000
FOG_WITH_IDS_seed5,FOG_WITH_IDS,5,fog-2,3450.000,0.000000
FOG_WITH_IDS_seed5,FOG_WITH_IDS,5,fog-3,3450.000,0.000000
FOG_WITH_IDS_seed5,FOG_WITH_IDS,5,cloud,3475.000,0.000000
FOG_WITH_IDS_seed5,FOG_WITH_IDS,5,proxy,3475.000,0.000000
FOG_WITH_IDS_seed5,FOG_WITH_IDS,5,fog-1,3475.000,0.440000
FOG_WITH_IDS_seed5,FOG_WITH_IDS,5,fog-2,3475.000,0.040000
FOG_WITH_IDS_seed5,FOG_WITH_IDS,5,fog-3,3475.000,0.440000
FOG_WITH_IDS_seed5,FOG_WITH_IDS,5,cloud,3500.000,0.000000
FOG_WITH_IDS_seed5,FOG_WITH_IDS,5,proxy,3500.000,0.000000
FOG_WITH_IDS_seed5,FOG_WITH_IDS,5,fog-1,3500.000,0.040000
FOG_WITH_IDS_seed5,FOG_WITH_IDS,5,fog-2,3500.000,0.040000
FOG_WITH_IDS_seed5,FOG_WITH_IDS,5,fog-3,3500.000,0.040000
FOG_WITH_IDS_seed5,FOG_WITH_IDS,5,cloud,3525.000,0.000000
FOG_WITH_IDS_seed5,FOG_WITH_IDS,5,proxy,3525.000,0.000000
FOG_WITH_IDS_seed5,FOG_WITH_IDS,5,fog-1,3525.000,0.480000
FOG_WITH_IDS_seed5,FOG_WITH_IDS,5,fog-2,3525.000,0.080000
FOG_WITH_IDS_seed5,FOG_WITH_IDS,5,fog-3,3525.000,0.480000
FOG_WITH_IDS_seed5,FOG_WITH_IDS,5,cloud,3550.000,0.000000
FOG_WITH_IDS_seed5,FOG_WITH_IDS,5,proxy,3550.000,0.000000
FOG_WITH_IDS_seed5,FOG_WITH_IDS,5,fog-1,3550.000,0.000000
FOG_WITH_IDS_seed5,FOG_WITH_IDS,5,fog-2,3550.000,0.000000
FOG_WITH_IDS_seed5,FOG_WITH_IDS,5,fog-3,3550.000,0.000000
FOG_WITH_IDS_seed5,FOG_WITH_IDS,5,cloud,3575.000,0.000000
FOG_WITH_IDS_seed5,FOG_WITH_IDS,5,proxy,3575.000,0.000000
FOG_WITH_IDS_seed5,FOG_WITH_IDS,5,fog-1,3575.000,0.440000
FOG_WITH_IDS_seed5,FOG_WITH_IDS,5,fog-2,3575.000,0.040000
FOG_WITH_IDS_seed5,FOG_WITH_IDS,5,fog-3,3575.000,0.440000
FOG_WITH_IDS_seed5,FOG_WITH_IDS,5,cloud,3600.000,0.000000
FOG_WITH_IDS_seed5,FOG_WITH_IDS,5,proxy,3600.000,0.000000
FOG_WITH_IDS_seed5,FOG_WITH_IDS,5,fog-1,3600.000,0.040000
FOG_WITH_IDS_seed5,FOG_WITH_IDS,5,fog-2,3600.000,0.040000
FOG_WITH_IDS_seed5,FOG_WITH_IDS,5,fog-3,3600.000,0.040000
FOG_WITH_IDS_seed5,FOG_WITH_IDS,5,cloud,3625.000,0.000000
FOG_WITH_IDS_seed5,FOG_WITH_IDS,5,proxy,3625.000,0.000000
FOG_WITH_IDS_seed5,FOG_WITH_IDS,5,fog-1,3625.000,0.480000
FOG_WITH_IDS_seed5,FOG_WITH_IDS,5,fog-2,3625.000,0.080000
FOG_WITH_IDS_seed5,FOG_WITH_IDS,5,fog-3,3625.000,0.480000
FOG_WITH_IDS_seed5,FOG_WITH_IDS,5,cloud,3650.000,0.000000
FOG_WITH_IDS_seed5,FOG_WITH_IDS,5,proxy,3650.000,0.000000
FOG_WITH_IDS_seed5,FOG_WITH_IDS,5,fog-1,3650.000,0.000000
FOG_WITH_IDS_seed5,FOG_WITH_IDS,5,fog-2,3650.000,0.000000
FOG_WITH_IDS_seed5,FOG_WITH_IDS,5,fog-3,3650.000,0.000000
FOG_WITH_IDS_seed5,FOG_WITH_IDS,5,cloud,3675.000,0.000000
FOG_WITH_IDS_seed5,FOG_WITH_IDS,5,proxy,3675.000,0.000000
FOG_WITH_IDS_seed5,FOG_WITH_IDS,5,fog-1,3675.000,0.440000
FOG_WITH_IDS_seed5,FOG_WITH_IDS,5,fog-2,3675.000,0.040000
FOG_WITH_IDS_seed5,FOG_WITH_IDS,5,fog-3,3675.000,0.440000
FOG_WITH_IDS_seed5,FOG_WITH_IDS,5,cloud,3700.000,0.000000
FOG_WITH_IDS_seed5,FOG_WITH_IDS,5,proxy,3700.000,0.000000
FOG_WITH_IDS_seed5,FOG_WITH_IDS,5,fog-1,3700.000,0.040000
FOG_WITH_IDS_seed5,FOG_WITH_IDS,5,fog-2,3700.000,0.040000
FOG_WITH_IDS_seed5,FOG_WITH_IDS,5,fog-3,3700.000,0.040000
FOG_WITH_IDS_seed5,FOG_WITH_IDS,5,cloud,3725.000,0.000000
FOG_WITH_IDS_seed5,FOG_WITH_IDS,5,proxy,3725.000,0.000000
FOG_WITH_IDS_seed5,FOG_WITH_IDS,5,fog-1,3725.000,0.480000
FOG_WITH_IDS_seed5,FOG_WITH_IDS,5,fog-2,3725.000,0.080000
FOG_WITH_IDS_seed5,FOG_WITH_IDS,5,fog-3,3725.000,0.480000
FOG_WITH_IDS_seed5,FOG_WITH_IDS,5,cloud,3750.000,0.000000
FOG_WITH_IDS_seed5,FOG_WITH_IDS,5,proxy,3750.000,0.000000
FOG_WITH_IDS_seed5,FOG_WITH_IDS,5,fog-1,3750.000,0.000000
FOG_WITH_IDS_seed5,FOG_WITH_IDS,5,fog-2,3750.000,0.000000
FOG_WITH_IDS_seed5,FOG_WITH_IDS,5,fog-3,3750.000,0.000000
FOG_WITH_IDS_seed5,FOG_WITH_IDS,5,cloud,3775.000,0.000000
FOG_WITH_IDS_seed5,FOG_WITH_IDS,5,proxy,3775.000,0.000000
FOG_WITH_IDS_seed5,FOG_WITH_IDS,5,fog-1,3775.000,0.440000
FOG_WITH_IDS_seed5,FOG_WITH_IDS,5,fog-2,3775.000,0.040000
FOG_WITH_IDS_seed5,FOG_WITH_IDS,5,fog-3,3775.000,0.440000
FOG_WITH_IDS_seed5,FOG_WITH_IDS,5,cloud,3800.000,0.000000
FOG_WITH_IDS_seed5,FOG_WITH_IDS,5,proxy,3800.000,0.000000
FOG_WITH_IDS_seed5,FOG_WITH_IDS,5,fog-1,3800.000,0.040000
FOG_WITH_IDS_seed5,FOG_WITH_IDS,5,fog-2,3800.000,0.040000
FOG_WITH_IDS_seed5,FOG_WITH_IDS,5,fog-3,3800.000,0.040000
FOG_WITH_IDS_seed5,FOG_WITH_IDS,5,cloud,3825.000,0.000000
FOG_WITH_IDS_seed5,FOG_WITH_IDS,5,proxy,3825.000,0.000000
FOG_WITH_IDS_seed5,FOG_WITH_IDS,5,fog-1,3825.000,0.480000
FOG_WITH_IDS_seed5,FOG_WITH_IDS,5,fog-2,3825.000,0.080000
FOG_WITH_IDS_seed5,FOG_WITH_IDS,5,fog-3,3825.000,0.480000
FOG_WITH_IDS_seed5,FOG_WITH_IDS,5,cloud,3850.000,0.000000
FOG_WITH_IDS_seed5,FOG_WITH_IDS,5,proxy,3850.000,0.000000
FOG_WITH_IDS_seed5,FOG_WITH_IDS,5,fog-1,3850.000,0.000000
FOG_WITH_IDS_seed5,FOG_WITH_IDS,5,fog-2,3850.000,0.000000
FOG_WITH_IDS_seed5,FOG_WITH_IDS,5,fog-3,3850.000,0.000000
FOG_WITH_IDS_seed5,FOG_WITH_IDS,5,cloud,3875.000,0.000000
FOG_WITH_IDS_seed5,FOG_WITH_IDS,5,proxy,3875.000,0.000000
FOG_WITH_IDS_seed5,FOG_WITH_IDS,5,fog-1,3875.000,0.440000
FOG_WITH_IDS_seed5,FOG_WITH_IDS,5,fog-2,3875.000,0.040000
FOG_WITH_IDS_seed5,FOG_WITH_IDS,5,fog-3,3875.000,0.440000
FOG_WITH_IDS_seed5,FOG_WITH_IDS,5,cloud,3900.000,0.000000
FOG_WITH_IDS_seed5,FOG_WITH_IDS,5,proxy,3900.000,0.000000
FOG_WITH_IDS_seed5,FOG_WITH_IDS,5,fog-1,3900.000,0.040000
FOG_WITH_IDS_seed5,FOG_WITH_IDS,5,fog-2,3900.000,0.040000
FOG_WITH_IDS_seed5,FOG_WITH_IDS,5,fog-3,3900.000,0.040000
FOG_WITH_IDS_seed5,FOG_WITH_IDS,5,cloud,3925.000,0.000000
FOG_WITH_IDS_seed5,FOG_WITH_IDS,5,proxy,3925.000,0.000000
FOG_WITH_IDS_seed5,FOG_WITH_IDS,5,fog-1,3925.000,0.480000
FOG_WITH_IDS_seed5,FOG_WITH_IDS,5,fog-2,3925.000,0.080000
FOG_WITH_IDS_seed5,FOG_WITH_IDS,5,fog-3,3925.000,0.480000
FOG_WITH_IDS_seed5,FOG_WITH_IDS,5,cloud,3950.000,0.000000
FOG_WITH_IDS_seed5,FOG_WITH_IDS,5,proxy,3950.000,0.000000
FOG_WITH_IDS_seed5,FOG_WITH_IDS,5,fog-1,3950.000,0.000000
FOG_WITH_IDS_seed5,FOG_WITH_IDS,5,fog-2,3950.000,0.000000
FOG_WITH_IDS_seed5,FOG_WITH_IDS,5,fog-3,3950.000,0.000000
FOG_WITH_IDS_seed5,FOG_WITH_IDS,5,cloud,3975.000,0.000000
FOG_WITH_IDS_seed5,FOG_WITH_IDS,5,proxy,3975.000,0.000000
FOG_WITH_IDS_seed5,FOG_WITH_IDS,5,fog-1,3975.000,0.440000
FOG_WITH_IDS_seed5,FOG_WITH_IDS,5,fog-2,3975.000,0.040000
FOG_WITH_IDS_seed5,FOG_WITH_IDS,5,fog-3,3975.000,0.440000
FOG_WITH_IDS_seed5,FOG_WITH_IDS,5,cloud,4000.000,0.000000
FOG_WITH_IDS_seed5,FOG_WITH_IDS,5,proxy,4000.000,0.000000
FOG_WITH_IDS_seed5,FOG_WITH_IDS,5,fog-1,4000.000,0.040000
FOG_WITH_IDS_seed5,FOG_WITH_IDS,5,fog-2,4000.000,0.040000
FOG_WITH_IDS_seed5,FOG_WITH_IDS,5,fog-3,4000.000,0.040000
FOG_WITH_IDS_seed5,FOG_WITH_IDS,5,cloud,4025.000,0.000000
FOG_WITH_IDS_seed5,FOG_WITH_IDS,5,proxy,4025.000,0.000000
FOG_WITH_IDS_seed5,FOG_WITH_IDS,5,fog-1,4025.000,0.480000
FOG_WITH_IDS_seed5,FOG_WITH_IDS,5,fog-2,4025.000,0.080000
FOG_WITH_IDS_seed5,FOG_WITH_IDS,5,fog-3,4025.000,0.480000
FOG_WITH_IDS_seed5,FOG_WITH_IDS,5,cloud,4050.000,0.000000
FOG_WITH_IDS_seed5,FOG_WITH_IDS,5,proxy,4050.000,0.000000
FOG_WITH_IDS_seed5,FOG_WITH_IDS,5,fog-1,4050.000,0.000000
FOG_WITH_IDS_seed5,FOG_WITH_IDS,5,fog-2,4050.000,0.000000
FOG_WITH_IDS_seed5,FOG_WITH_IDS,5,fog-3,4050.000,0.000000
FOG_WITH_IDS_seed5,FOG_WITH_IDS,5,cloud,4075.000,0.000000
FOG_WITH_IDS_seed5,FOG_WITH_IDS,5,proxy,4075.000,0.000000
FOG_WITH_IDS_seed5,FOG_WITH_IDS,5,fog-1,4075.000,0.440000
FOG_WITH_IDS_seed5,FOG_WITH_IDS,5,fog-2,4075.000,0.040000
FOG_WITH_IDS_seed5,FOG_WITH_IDS,5,fog-3,4075.000,0.440000
FOG_WITH_IDS_seed5,FOG_WITH_IDS,5,cloud,4100.000,0.000000
FOG_WITH_IDS_seed5,FOG_WITH_IDS,5,proxy,4100.000,0.000000
FOG_WITH_IDS_seed5,FOG_WITH_IDS,5,fog-1,4100.000,0.040000
FOG_WITH_IDS_seed5,FOG_WITH_IDS,5,fog-2,4100.000,0.040000
FOG_WITH_IDS_seed5,FOG_WITH_IDS,5,fog-3,4100.000,0.040000
FOG_WITH_IDS_seed5,FOG_WITH_IDS,5,cloud,4125.000,0.000000
FOG_WITH_IDS_seed5,FOG_WITH_IDS,5,proxy,4125.000,0.000000
FOG_WITH_IDS_seed5,FOG_WITH_IDS,5,fog-1,4125.000,0.480000
FOG_WITH_IDS_seed5,FOG_WITH_IDS,5,fog-2,4125.000,0.080000
FOG_WITH_IDS_seed5,FOG_WITH_IDS,5,fog-3,4125.000,0.480000
FOG_WITH_IDS_seed5,FOG_WITH_IDS,5,cloud,4150.000,0.000000
FOG_WITH_IDS_seed5,FOG_WITH_IDS,5,proxy,4150.000,0.000000
FOG_WITH_IDS_seed5,FOG_WITH_IDS,5,fog-1,4150.000,0.000000
FOG_WITH_IDS_seed5,FOG_WITH_IDS,5,fog-2,4150.000,0.000000
FOG_WITH_IDS_seed5,FOG_WITH_IDS,5,fog-3,4150.000,0.000000
FOG_WITH_IDS_seed5,FOG_WITH_IDS,5,cloud,4175.000,0.000000
FOG_WITH_IDS_seed5,FOG_WITH_IDS,5,proxy,4175.000,0.000000
FOG_WITH_IDS_seed5,FOG_WITH_IDS,5,fog-1,4175.000,0.440000
FOG_WITH_IDS_seed5,FOG_WITH_IDS,5,fog-2,4175.000,0.040000
FOG_WITH_IDS_seed5,FOG_WITH_IDS,5,fog-3,4175.000,0.440000
FOG_WITH_IDS_seed5,FOG_WITH_IDS,5,cloud,4200.000,0.000000
FOG_WITH_IDS_seed5,FOG_WITH_IDS,5,proxy,4200.000,0.000000
FOG_WITH_IDS_seed5,FOG_WITH_IDS,5,fog-1,4200.000,0.040000
FOG_WITH_IDS_seed5,FOG_WITH_IDS,5,fog-2,4200.000,0.040000
FOG_WITH_IDS_seed5,FOG_WITH_IDS,5,fog-3,4200.000,0.040000
FOG_WITH_IDS_seed5,FOG_WITH_IDS,5,cloud,4225.000,0.000000
FOG_WITH_IDS_seed5,FOG_WITH_IDS,5,proxy,4225.000,0.000000
FOG_WITH_IDS_seed5,FOG_WITH_IDS,5,fog-1,4225.000,0.480000
FOG_WITH_IDS_seed5,FOG_WITH_IDS,5,fog-2,4225.000,0.080000
FOG_WITH_IDS_seed5,FOG_WITH_IDS,5,fog-3,4225.000,0.480000
FOG_WITH_IDS_seed5,FOG_WITH_IDS,5,cloud,4250.000,0.000000
FOG_WITH_IDS_seed5,FOG_WITH_IDS,5,proxy,4250.000,0.000000
FOG_WITH_IDS_seed5,FOG_WITH_IDS,5,fog-1,4250.000,0.000000
FOG_WITH_IDS_seed5,FOG_WITH_IDS,5,fog-2,4250.000,0.000000
FOG_WITH_IDS_seed5,FOG_WITH_IDS,5,fog-3,4250.000,0.000000
FOG_WITH_IDS_seed5,FOG_WITH_IDS,5,cloud,4275.000,0.000000
FOG_WITH_IDS_seed5,FOG_WITH_IDS,5,proxy,4275.000,0.000000
FOG_WITH_IDS_seed5,FOG_WITH_IDS,5,fog-1,4275.000,0.440000
FOG_WITH_IDS_seed5,FOG_WITH_IDS,5,fog-2,4275.000,0.040000
FOG_WITH_IDS_seed5,FOG_WITH_IDS,5,fog-3,4275.000,0.440000
FOG_WITH_IDS_seed5,FOG_WITH_IDS,5,cloud,4300.000,0.000000
FOG_WITH_IDS_seed5,FOG_WITH_IDS,5,proxy,4300.000,0.000000
FOG_WITH_IDS_seed5,FOG_WITH_IDS,5,fog-1,4300.000,0.040000
FOG_WITH_IDS_seed5,FOG_WITH_IDS,5,fog-2,4300.000,0.040000
FOG_WITH_IDS_seed5,FOG_WITH_IDS,5,fog-3,4300.000,0.040000
FOG_WITH_IDS_seed5,FOG_WITH_IDS,5,cloud,4325.000,0.000000
FOG_WITH_IDS_seed5,FOG_WITH_IDS,5,proxy,4325.000,0.000000
FOG_WITH_IDS_seed5,FOG_WITH_IDS,5,fog-1,4325.000,0.480000
FOG_WITH_IDS_seed5,FOG_WITH_IDS,5,fog-2,4325.000,0.080000
FOG_WITH_IDS_seed5,FOG_WITH_IDS,5,fog-3,4325.000,0.480000
FOG_WITH_IDS_seed5,FOG_WITH_IDS,5,cloud,4350.000,0.000000
FOG_WITH_IDS_seed5,FOG_WITH_IDS,5,proxy,4350.000,0.000000
FOG_WITH_IDS_seed5,FOG_WITH_IDS,5,fog-1,4350.000,0.000000
FOG_WITH_IDS_seed5,FOG_WITH_IDS,5,fog-2,4350.000,0.000000
FOG_WITH_IDS_seed5,FOG_WITH_IDS,5,fog-3,4350.000,0.000000
FOG_WITH_IDS_seed5,FOG_WITH_IDS,5,cloud,4375.000,0.000000
FOG_WITH_IDS_seed5,FOG_WITH_IDS,5,proxy,4375.000,0.000000
FOG_WITH_IDS_seed5,FOG_WITH_IDS,5,fog-1,4375.000,0.440000
FOG_WITH_IDS_seed5,FOG_WITH_IDS,5,fog-2,4375.000,0.040000
FOG_WITH_IDS_seed5,FOG_WITH_IDS,5,fog-3,4375.000,0.440000
FOG_WITH_IDS_seed5,FOG_WITH_IDS,5,cloud,4400.000,0.000000
FOG_WITH_IDS_seed5,FOG_WITH_IDS,5,proxy,4400.000,0.000000
FOG_WITH_IDS_seed5,FOG_WITH_IDS,5,fog-1,4400.000,0.040000
FOG_WITH_IDS_seed5,FOG_WITH_IDS,5,fog-2,4400.000,0.040000
FOG_WITH_IDS_seed5,FOG_WITH_IDS,5,fog-3,4400.000,0.040000
FOG_WITH_IDS_seed5,FOG_WITH_IDS,5,cloud,4425.000,0.000000
FOG_WITH_IDS_seed5,FOG_WITH_IDS,5,proxy,4425.000,0.000000
FOG_WITH_IDS_seed5,FOG_WITH_IDS,5,fog-1,4425.000,0.480000
FOG_WITH_IDS_seed5,FOG_WITH_IDS,5,fog-2,4425.000,0.080000
FOG_WITH_IDS_seed5,FOG_WITH_IDS,5,fog-3,4425.000,0.480000
FOG_WITH_IDS_seed5,FOG_WITH_IDS,5,cloud,4450.000,0.000000
FOG_WITH_IDS_seed5,FOG_WITH_IDS,5,proxy,4450.000,0.000000
FOG_WITH_IDS_seed5,FOG_WITH_IDS,5,fog-1,4450.000,0.000000
FOG_WITH_IDS_seed5,FOG_WITH_IDS,5,fog-2,4450.000,0.000000
FOG_WITH_IDS_seed5,FOG_WITH_IDS,5,fog-3,4450.000,0.000000
FOG_WITH_IDS_seed5,FOG_WITH_IDS,5,cloud,4475.000,0.000000
FOG_WITH_IDS_seed5,FOG_WITH_IDS,5,proxy,4475.000,0.000000
FOG_WITH_IDS_seed5,FOG_WITH_IDS,5,fog-1,4475.000,0.440000
FOG_WITH_IDS_seed5,FOG_WITH_IDS,5,fog-2,4475.000,0.040000
FOG_WITH_IDS_seed5,FOG_WITH_IDS,5,fog-3,4475.000,0.440000
FOG_WITH_IDS_seed5,FOG_WITH_IDS,5,cloud,4500.000,0.000000
FOG_WITH_IDS_seed5,FOG_WITH_IDS,5,proxy,4500.000,0.000000
FOG_WITH_IDS_seed5,FOG_WITH_IDS,5,fog-1,4500.000,0.040000
FOG_WITH_IDS_seed5,FOG_WITH_IDS,5,fog-2,4500.000,0.040000
FOG_WITH_IDS_seed5,FOG_WITH_IDS,5,fog-3,4500.000,0.040000
FOG_WITH_IDS_seed5,FOG_WITH_IDS,5,cloud,4525.000,0.000000
FOG_WITH_IDS_seed5,FOG_WITH_IDS,5,proxy,4525.000,0.000000
FOG_WITH_IDS_seed5,FOG_WITH_IDS,5,fog-1,4525.000,0.480000
FOG_WITH_IDS_seed5,FOG_WITH_IDS,5,fog-2,4525.000,0.080000
FOG_WITH_IDS_seed5,FOG_WITH_IDS,5,fog-3,4525.000,0.480000
FOG_WITH_IDS_seed5,FOG_WITH_IDS,5,cloud,4550.000,0.000000
FOG_WITH_IDS_seed5,FOG_WITH_IDS,5,proxy,4550.000,0.000000
FOG_WITH_IDS_seed5,FOG_WITH_IDS,5,fog-1,4550.000,0.000000
FOG_WITH_IDS_seed5,FOG_WITH_IDS,5,fog-2,4550.000,0.000000
FOG_WITH_IDS_seed5,FOG_WITH_IDS,5,fog-3,4550.000,0.000000
FOG_WITH_IDS_seed5,FOG_WITH_IDS,5,cloud,4575.000,0.000000
FOG_WITH_IDS_seed5,FOG_WITH_IDS,5,proxy,4575.000,0.000000
FOG_WITH_IDS_seed5,FOG_WITH_IDS,5,fog-1,4575.000,0.440000
FOG_WITH_IDS_seed5,FOG_WITH_IDS,5,fog-2,4575.000,0.040000
FOG_WITH_IDS_seed5,FOG_WITH_IDS,5,fog-3,4575.000,0.440000
FOG_WITH_IDS_seed5,FOG_WITH_IDS,5,cloud,4600.000,0.000000
FOG_WITH_IDS_seed5,FOG_WITH_IDS,5,proxy,4600.000,0.000000
FOG_WITH_IDS_seed5,FOG_WITH_IDS,5,fog-1,4600.000,0.040000
FOG_WITH_IDS_seed5,FOG_WITH_IDS,5,fog-2,4600.000,0.040000
FOG_WITH_IDS_seed5,FOG_WITH_IDS,5,fog-3,4600.000,0.040000
FOG_WITH_IDS_seed5,FOG_WITH_IDS,5,cloud,4625.000,0.000000
FOG_WITH_IDS_seed5,FOG_WITH_IDS,5,proxy,4625.000,0.000000
FOG_WITH_IDS_seed5,FOG_WITH_IDS,5,fog-1,4625.000,0.480000
FOG_WITH_IDS_seed5,FOG_WITH_IDS,5,fog-2,4625.000,0.080000
FOG_WITH_IDS_seed5,FOG_WITH_IDS,5,fog-3,4625.000,0.480000
FOG_WITH_IDS_seed5,FOG_WITH_IDS,5,cloud,4650.000,0.000000
FOG_WITH_IDS_seed5,FOG_WITH_IDS,5,proxy,4650.000,0.000000
FOG_WITH_IDS_seed5,FOG_WITH_IDS,5,fog-1,4650.000,0.000000
FOG_WITH_IDS_seed5,FOG_WITH_IDS,5,fog-2,4650.000,0.000000
FOG_WITH_IDS_seed5,FOG_WITH_IDS,5,fog-3,4650.000,0.000000
FOG_WITH_IDS_seed5,FOG_WITH_IDS,5,cloud,4675.000,0.000000
FOG_WITH_IDS_seed5,FOG_WITH_IDS,5,proxy,4675.000,0.000000
FOG_WITH_IDS_seed5,FOG_WITH_IDS,5,fog-1,4675.000,0.440000
FOG_WITH_IDS_seed5,FOG_WITH_IDS,5,fog-2,4675.000,0.040000
FOG_WITH_IDS_seed5,FOG_WITH_IDS,5,fog-3,4675.000,0.440000
FOG_WITH_IDS_seed5,FOG_WITH_IDS,5,cloud,4700.000,0.000000
FOG_WITH_IDS_seed5,FOG_WITH_IDS,5,proxy,4700.000,0.000000
FOG_WITH_IDS_seed5,FOG_WITH_IDS,5,fog-1,4700.000,0.040000
FOG_WITH_IDS_seed5,FOG_WITH_IDS,5,fog-2,4700.000,0.040000
FOG_WITH_IDS_seed5,FOG_WITH_IDS,5,fog-3,4700.000,0.040000
FOG_WITH_IDS_seed5,FOG_WITH_IDS,5,cloud,4725.000,0.000000
FOG_WITH_IDS_seed5,FOG_WITH_IDS,5,proxy,4725.000,0.000000
FOG_WITH_IDS_seed5,FOG_WITH_IDS,5,fog-1,4725.000,0.480000
FOG_WITH_IDS_seed5,FOG_WITH_IDS,5,fog-2,4725.000,0.080000
FOG_WITH_IDS_seed5,FOG_WITH_IDS,5,fog-3,4725.000,0.480000
FOG_WITH_IDS_seed5,FOG_WITH_IDS,5,cloud,4750.000,0.000000
FOG_WITH_IDS_seed5,FOG_WITH_IDS,5,proxy,4750.000,0.000000
FOG_WITH_IDS_seed5,FOG_WITH_IDS,5,fog-1,4750.000,0.000000
FOG_WITH_IDS_seed5,FOG_WITH_IDS,5,fog-2,4750.000,0.000000
FOG_WITH_IDS_seed5,FOG_WITH_IDS,5,fog-3,4750.000,0.000000
FOG_WITH_IDS_seed5,FOG_WITH_IDS,5,cloud,4775.000,0.000000
FOG_WITH_IDS_seed5,FOG_WITH_IDS,5,proxy,4775.000,0.000000
FOG_WITH_IDS_seed5,FOG_WITH_IDS,5,fog-1,4775.000,0.440000
FOG_WITH_IDS_seed5,FOG_WITH_IDS,5,fog-2,4775.000,0.040000
FOG_WITH_IDS_seed5,FOG_WITH_IDS,5,fog-3,4775.000,0.440000
FOG_WITH_IDS_seed5,FOG_WITH_IDS,5,cloud,4800.000,0.000000
FOG_WITH_IDS_seed5,FOG_WITH_IDS,5,proxy,4800.000,0.000000
FOG_WITH_IDS_seed5,FOG_WITH_IDS,5,fog-1,4800.000,0.040000
FOG_WITH_IDS_seed5,FOG_WITH_IDS,5,fog-2,4800.000,0.040000
FOG_WITH_IDS_seed5,FOG_WITH_IDS,5,fog-3,4800.000,0.040000
FOG_WITH_IDS_seed5,FOG_WITH_IDS,5,cloud,4825.000,0.000000
FOG_WITH_IDS_seed5,FOG_WITH_IDS,5,proxy,4825.000,0.000000
FOG_WITH_IDS_seed5,FOG_WITH_IDS,5,fog-1,4825.000,0.480000
FOG_WITH_IDS_seed5,FOG_WITH_IDS,5,fog-2,4825.000,0.080000
FOG_WITH_IDS_seed5,FOG_WITH_IDS,5,fog-3,4825.000,0.480000
FOG_WITH_IDS_seed5,FOG_WITH_IDS,5,cloud,4850.000,0.000000
FOG_WITH_IDS_seed5,FOG_WITH_IDS,5,proxy,4850.000,0.000000
FOG_WITH_IDS_seed5,FOG_WITH_IDS,5,fog-1,4850.000,0.000000
FOG_WITH_IDS_seed5,FOG_WITH_IDS,5,fog-2,4850.000,0.000000
FOG_WITH_IDS_seed5,FOG_WITH_IDS,5,fog-3,4850.000,0.000000
FOG_WITH_IDS_seed5,FOG_WITH_IDS,5,cloud,4875.000,0.000000
FOG_WITH_IDS_seed5,FOG_WITH_IDS,5,proxy,4875.000,0.000000
FOG_WITH_IDS_seed5,FOG_WITH_IDS,5,fog-1,4875.000,0.440000
FOG_WITH_IDS_seed5,FOG_WITH_IDS,5,fog-2,4875.000,0.040000
FOG_WITH_IDS_seed5,FOG_WITH_IDS,5,fog-3,4875.000,0.440000
FOG_WITH_IDS_seed5,FOG_WITH_IDS,5,cloud,4900.000,0.000000
FOG_WITH_IDS_seed5,FOG_WITH_IDS,5,proxy,4900.000,0.000000
FOG_WITH_IDS_seed5,FOG_WITH_IDS,5,fog-1,4900.000,0.040000
FOG_WITH_IDS_seed5,FOG_WITH_IDS,5,fog-2,4900.000,0.040000
FOG_WITH_IDS_seed5,FOG_WITH_IDS,5,fog-3,4900.000,0.040000
FOG_WITH_IDS_seed5,FOG_WITH_IDS,5,cloud,4925.000,0.000000
FOG_WITH_IDS_seed5,FOG_WITH_IDS,5,proxy,4925.000,0.000000
FOG_WITH_IDS_seed5,FOG_WITH_IDS,5,fog-1,4925.000,0.480000
FOG_WITH_IDS_seed5,FOG_WITH_IDS,5,fog-2,4925.000,0.080000
FOG_WITH_IDS_seed5,FOG_WITH_IDS,5,fog-3,4925.000,0.480000
FOG_WITH_IDS_seed5,FOG_WITH_IDS,5,cloud,4950.000,0.000000
FOG_WITH_IDS_seed5,FOG_WITH_IDS,5,proxy,4950.000,0.000000
FOG_WITH_IDS_seed5,FOG_WITH_IDS,5,fog-1,4950.000,0.000000
FOG_WITH_IDS_seed5,FOG_WITH_IDS,5,fog-2,4950.000,0.000000
FOG_WITH_IDS_seed5,FOG_WITH_IDS,5,fog-3,4950.000,0.000000
FOG_WITH_IDS_seed5,FOG_WITH_IDS,5,cloud,4975.000,0.000000
FOG_WITH_IDS_seed5,FOG_WITH_IDS,5,proxy,4975.000,0.000000
FOG_WITH_IDS_seed5,FOG_WITH_IDS,5,fog-1,4975.000,0.440000
FOG_WITH_IDS_seed5,FOG_WITH_IDS,5,fog-2,4975.000,0.040000
FOG_WITH_IDS_seed5,FOG_WITH_IDS,5,fog-3,4975.000,0.440000
FOG_WITH_IDS_seed5,FOG_WITH_IDS,5,cloud,5000.000,0.000000
FOG_WITH_IDS_seed5,FOG_WITH_IDS,5,proxy,5000.000,0.000000
FOG_WITH_IDS_seed5,FOG_WITH_IDS,5,fog-1,5000.000,0.000000
FOG_WITH_IDS_seed5,FOG_WITH_IDS,5,fog-2,5000.000,0.000000
FOG_WITH_IDS_seed5,FOG_WITH_IDS,5,fog-3,5000.000,0.000000
